asset,sequence_type,first_pct,second_pct,current_price,first_price_now,second_price_now,total_valid,first_hits,first_rate,second_hits_after_first,second_rate_after_first,real_move_from_first_to_second_pct,avg_days_to_first,avg_days_to_second
BTC-USD,bounce,-5,5,85668.03125,81384.6296875,89951.4328125,40,33,82.5,11,33.33333333333333,10.526315789473696,7.9393939393939394,12.636363636363637
BTC-USD,bounce,-5,10,85668.03125,81384.6296875,94234.834375,40,33,82.5,10,30.303030303030305,15.789473684210531,7.9393939393939394,15.8
BTC-USD,bounce,-5,15,85668.03125,81384.6296875,98518.2359375,40,33,82.5,8,24.242424242424242,21.052631578947366,7.9393939393939394,18.75
BTC-USD,bounce,-5,20,85668.03125,81384.6296875,102801.6375,40,33,82.5,8,24.242424242424242,26.315789473684205,7.9393939393939394,21.625
BTC-USD,bounce,-8,5,85668.03125,78814.58875000001,89951.4328125,40,30,75.0,7,23.333333333333332,14.130434782608692,10.733333333333333,16.285714285714285
BTC-USD,bounce,-8,10,85668.03125,78814.58875000001,94234.834375,40,30,75.0,6,20.0,19.565217391304344,10.733333333333333,17.666666666666668
BTC-USD,bounce,-8,15,85668.03125,78814.58875000001,98518.2359375,40,30,75.0,6,20.0,24.99999999999998,10.733333333333333,19.333333333333332
BTC-USD,bounce,-8,20,85668.03125,78814.58875000001,102801.6375,40,30,75.0,6,20.0,30.43478260869563,10.733333333333333,23.166666666666668
BTC-USD,bounce,-10,5,85668.03125,77101.22812500001,89951.4328125,40,26,65.0,5,19.230769230769234,16.666666666666675,10.923076923076923,16.6
BTC-USD,bounce,-10,10,85668.03125,77101.22812500001,94234.834375,40,26,65.0,4,15.384615384615385,22.222222222222232,10.923076923076923,17.5
BTC-USD,bounce,-10,15,85668.03125,77101.22812500001,98518.2359375,40,26,65.0,4,15.384615384615385,27.777777777777768,10.923076923076923,19.5
BTC-USD,bounce,-10,20,85668.03125,77101.22812500001,102801.6375,40,26,65.0,4,15.384615384615385,33.33333333333333,10.923076923076923,20.5
BTC-USD,bounce,-15,5,85668.03125,72817.82656249999,89951.4328125,40,18,45.0,2,11.11111111111111,23.529411764705888,11.555555555555555,23.0
BTC-USD,bounce,-15,10,85668.03125,72817.82656249999,94234.834375,40,18,45.0,2,11.11111111111111,29.41176470588236,11.555555555555555,23.0
BTC-USD,bounce,-15,15,85668.03125,72817.82656249999,98518.2359375,40,18,45.0,2,11.11111111111111,35.29411764705881,11.555555555555555,26.5
BTC-USD,bounce,-15,20,85668.03125,72817.82656249999,102801.6375,40,18,45.0,2,11.11111111111111,41.176470588235304,11.555555555555555,26.5
BTC-USD,dump,5,0,85668.03125,89951.4328125,85668.03125,40,27,67.5,17,62.96296296296296,-4.761904761904767,6.333333333333333,17.0
BTC-USD,dump,5,-5,85668.03125,89951.4328125,81384.6296875,40,27,67.5,15,55.55555555555556,-9.523809523809534,6.333333333333333,18.066666666666666
BTC-USD,dump,5,-8,85668.03125,89951.4328125,78814.58875000001,40,27,67.5,12,44.44444444444444,-12.380952380952381,6.333333333333333,19.0
BTC-USD,dump,5,-10,85668.03125,89951.4328125,77101.22812500001,40,27,67.5,9,33.33333333333333,-14.28571428571429,6.333333333333333,18.88888888888889
BTC-USD,dump,5,-15,85668.03125,89951.4328125,72817.82656249999,40,27,67.5,5,18.51851851851852,-19.047619047619058,6.333333333333333,18.2
BTC-USD,dump,10,0,85668.03125,94234.834375,85668.03125,40,25,62.5,14,56.00000000000001,-9.090909090909093,9.8,18.071428571428573
BTC-USD,dump,10,-5,85668.03125,94234.834375,81384.6296875,40,25,62.5,12,48.0,-13.636363636363647,9.8,19.166666666666668
BTC-USD,dump,10,-8,85668.03125,94234.834375,78814.58875000001,40,25,62.5,10,40.0,-16.36363636363637,9.8,20.6
BTC-USD,dump,10,-10,85668.03125,94234.834375,77101.22812500001,40,25,62.5,7,28.000000000000004,-18.181818181818187,9.8,20.857142857142858
BTC-USD,dump,10,-15,85668.03125,94234.834375,72817.82656249999,40,25,62.5,3,12.0,-22.72727272727274,9.8,22.0
BTC-USD,dump,15,0,85668.03125,98518.2359375,85668.03125,40,19,47.5,8,42.10526315789473,-13.043478260869556,11.526315789473685,20.0
BTC-USD,dump,15,-5,85668.03125,98518.2359375,81384.6296875,40,19,47.5,6,31.57894736842105,-17.391304347826086,11.526315789473685,19.5
BTC-USD,dump,15,-8,85668.03125,98518.2359375,78814.58875000001,40,19,47.5,4,21.052631578947366,-19.999999999999996,11.526315789473685,21.5
BTC-USD,dump,15,-10,85668.03125,98518.2359375,77101.22812500001,40,19,47.5,2,10.526315789473683,-21.739130434782606,11.526315789473685,19.5
BTC-USD,dump,15,-15,85668.03125,98518.2359375,72817.82656249999,40,19,47.5,1,5.263157894736842,-26.086956521739125,11.526315789473685,22.0
BTC-USD,dump,20,0,85668.03125,102801.6375,85668.03125,40,18,45.0,6,33.33333333333333,-16.666666666666664,13.055555555555555,18.833333333333332
BTC-USD,dump,20,-5,85668.03125,102801.6375,81384.6296875,40,18,45.0,5,27.77777777777778,-20.833333333333336,13.055555555555555,19.0
BTC-USD,dump,20,-8,85668.03125,102801.6375,78814.58875000001,40,18,45.0,4,22.22222222222222,-23.33333333333333,13.055555555555555,21.5
BTC-USD,dump,20,-10,85668.03125,102801.6375,77101.22812500001,40,18,45.0,2,11.11111111111111,-25.0,13.055555555555555,19.5
BTC-USD,dump,20,-15,85668.03125,102801.6375,72817.82656249999,40,18,45.0,1,5.555555555555555,-29.166666666666664,13.055555555555555,22.0
SOL-USD,bounce,-5,5,120.12000274658205,114.11400260925294,126.12600288391116,40,35,87.5,12,34.285714285714285,10.526315789473696,8.514285714285714,17.916666666666668
SOL-USD,bounce,-5,10,120.12000274658205,114.11400260925294,132.13200302124025,40,35,87.5,5,14.285714285714285,15.789473684210531,8.514285714285714,19.4
SOL-USD,bounce,-5,15,120.12000274658205,114.11400260925294,138.13800315856935,40,35,87.5,2,5.714285714285714,21.052631578947366,8.514285714285714,21.5
SOL-USD,bounce,-5,20,120.12000274658205,114.11400260925294,144.14400329589844,40,35,87.5,2,5.714285714285714,26.315789473684205,8.514285714285714,23.5
SOL-USD,bounce,-8,5,120.12000274658205,110.51040252685549,126.12600288391116,40,34,85.0,9,26.47058823529412,14.130434782608692,11.470588235294118,17.77777777777778
SOL-USD,bounce,-8,10,120.12000274658205,110.51040252685549,132.13200302124025,40,34,85.0,5,14.705882352941178,19.565217391304344,11.470588235294118,19.4
SOL-USD,bounce,-8,15,120.12000274658205,110.51040252685549,138.13800315856935,40,34,85.0,2,5.88235294117647,24.99999999999998,11.470588235294118,21.5
SOL-USD,bounce,-8,20,120.12000274658205,110.51040252685549,144.14400329589844,40,34,85.0,2,5.88235294117647,30.43478260869563,11.470588235294118,23.5
SOL-USD,bounce,-10,5,120.12000274658205,108.10800247192384,126.12600288391116,40,31,77.5,8,25.806451612903224,16.666666666666675,11.258064516129032,16.875
SOL-USD,bounce,-10,10,120.12000274658205,108.10800247192384,132.13200302124025,40,31,77.5,5,16.129032258064516,22.222222222222232,11.258064516129032,19.4
SOL-USD,bounce,-10,15,120.12000274658205,108.10800247192384,138.13800315856935,40,31,77.5,2,6.451612903225806,27.777777777777768,11.258064516129032,21.5
SOL-USD,bounce,-10,20,120.12000274658205,108.10800247192384,144.14400329589844,40,31,77.5,2,6.451612903225806,33.33333333333333,11.258064516129032,23.5
SOL-USD,bounce,-15,5,120.12000274658205,102.10200233459473,126.12600288391116,40,18,45.0,2,11.11111111111111,23.529411764705888,10.5,27.0
SOL-USD,bounce,-15,10,120.12000274658205,102.10200233459473,132.13200302124025,40,18,45.0,1,5.555555555555555,29.41176470588236,10.5,25.0
SOL-USD,bounce,-15,15,120.12000274658205,102.10200233459473,138.13800315856935,40,18,45.0,1,5.555555555555555,35.29411764705881,10.5,28.0
SOL-USD,bounce,-15,20,120.12000274658205,102.10200233459473,144.14400329589844,40,18,45.0,1,5.555555555555555,41.176470588235304,10.5,28.0
SOL-USD,dump,5,0,120.12000274658205,126.12600288391116,120.12000274658205,40,26,65.0,18,69.23076923076923,-4.761904761904767,6.423076923076923,14.777777777777779
SOL-USD,dump,5,-5,120.12000274658205,126.12600288391116,114.11400260925294,40,26,65.0,17,65.38461538461539,-9.523809523809534,6.423076923076923,17.41176470588235
SOL-USD,dump,5,-8,120.12000274658205,126.12600288391116,110.51040252685549,40,26,65.0,15,57.692307692307686,-12.380952380952381,6.423076923076923,19.666666666666668
SOL-USD,dump,5,-10,120.12000274658205,126.12600288391116,108.10800247192384,40,26,65.0,12,46.15384615384615,-14.28571428571429,6.423076923076923,20.166666666666668
SOL-USD,dump,5,-15,120.12000274658205,126.12600288391116,102.10200233459473,40,26,65.0,5,19.230769230769234,-19.047619047619058,6.423076923076923,18.2
SOL-USD,dump,10,0,120.12000274658205,132.13200302124025,120.12000274658205,40,20,50.0,12,60.0,-9.090909090909093,7.7,16.25
SOL-USD,dump,10,-5,120.12000274658205,132.13200302124025,114.11400260925294,40,20,50.0,12,60.0,-13.636363636363647,7.7,18.5
SOL-USD,dump,10,-8,120.12000274658205,132.13200302124025,110.51040252685549,40,20,50.0,11,55.00000000000001,-16.36363636363637,7.7,19.90909090909091
SOL-USD,dump,10,-10,120.12000274658205,132.13200302124025,108.10800247192384,40,20,50.0,8,40.0,-18.181818181818187,7.7,19.875
SOL-USD,dump,10,-15,120.12000274658205,132.13200302124025,102.10200233459473,40,20,50.0,2,10.0,-22.72727272727274,7.7,17.0
SOL-USD,dump,15,0,120.12000274658205,138.13800315856935,120.12000274658205,40,16,40.0,9,56.25,-13.043478260869556,8.3125,16.666666666666668
SOL-USD,dump,15,-5,120.12000274658205,138.13800315856935,114.11400260925294,40,16,40.0,9,56.25,-17.391304347826086,8.3125,18.11111111111111
SOL-USD,dump,15,-8,120.12000274658205,138.13800315856935,110.51040252685549,40,16,40.0,8,50.0,-19.999999999999996,8.3125,19.5
SOL-USD,dump,15,-10,120.12000274658205,138.13800315856935,108.10800247192384,40,16,40.0,5,31.25,-21.739130434782606,8.3125,18.8
SOL-USD,dump,15,-15,120.12000274658205,138.13800315856935,102.10200233459473,40,16,40.0,1,6.25,-26.086956521739125,8.3125,17.0
SOL-USD,dump,20,0,120.12000274658205,144.14400329589844,120.12000274658205,40,13,32.5,6,46.15384615384615,-16.666666666666664,11.307692307692308,19.333333333333332
SOL-USD,dump,20,-5,120.12000274658205,144.14400329589844,114.11400260925294,40,13,32.5,6,46.15384615384615,-20.833333333333336,11.307692307692308,20.833333333333332
SOL-USD,dump,20,-8,120.12000274658205,144.14400329589844,110.51040252685549,40,13,32.5,5,38.46153846153847,-23.33333333333333,11.307692307692308,23.2
SOL-USD,dump,20,-10,120.12000274658205,144.14400329589844,108.10800247192384,40,13,32.5,2,15.384615384615385,-25.0,11.307692307692308,23.5
SOL-USD,dump,20,-15,120.12000274658205,144.14400329589844,102.10200233459473,40,13,32.5,0,0.0,-29.166666666666664,11.307692307692308,
DOGE-USD,bounce,-5,5,0.0948999971151351,0.09015499725937834,0.09964499697089185,40,37,92.5,14,37.83783783783784,10.526315789473696,8.18918918918919,15.142857142857142
DOGE-USD,bounce,-5,10,0.0948999971151351,0.09015499725937834,0.10438999682664861,40,37,92.5,9,24.324324324324326,15.789473684210531,8.18918918918919,14.555555555555555
DOGE-USD,bounce,-5,15,0.0948999971151351,0.09015499725937834,0.10913499668240535,40,37,92.5,7,18.91891891891892,21.052631578947366,8.18918918918919,14.857142857142858
DOGE-USD,bounce,-5,20,0.0948999971151351,0.09015499725937834,0.11387999653816211,40,37,92.5,6,16.216216216216218,26.315789473684205,8.18918918918919,19.5
DOGE-USD,bounce,-8,5,0.0948999971151351,0.08730799734592429,0.09964499697089185,40,35,87.5,9,25.71428571428571,14.130434782608692,11.142857142857142,18.555555555555557
DOGE-USD,bounce,-8,10,0.0948999971151351,0.08730799734592429,0.10438999682664861,40,35,87.5,5,14.285714285714285,19.565217391304344,11.142857142857142,20.6
DOGE-USD,bounce,-8,15,0.0948999971151351,0.08730799734592429,0.10913499668240535,40,35,87.5,4,11.428571428571429,24.99999999999998,11.142857142857142,20.25
DOGE-USD,bounce,-8,20,0.0948999971151351,0.08730799734592429,0.11387999653816211,40,35,87.5,4,11.428571428571429,30.43478260869563,11.142857142857142,26.0
DOGE-USD,bounce,-10,5,0.0948999971151351,0.08540999740362158,0.09964499697089185,40,28,70.0,6,21.428571428571427,16.666666666666675,9.642857142857142,18.5
DOGE-USD,bounce,-10,10,0.0948999971151351,0.08540999740362158,0.10438999682664861,40,28,70.0,3,10.714285714285714,22.222222222222232,9.642857142857142,22.333333333333332
DOGE-USD,bounce,-10,15,0.0948999971151351,0.08540999740362158,0.10913499668240535,40,28,70.0,2,7.142857142857142,27.777777777777768,9.642857142857142,21.5
DOGE-USD,bounce,-10,20,0.0948999971151351,0.08540999740362158,0.11387999653816211,40,28,70.0,2,7.142857142857142,33.33333333333333,9.642857142857142,23.5
DOGE-USD,bounce,-15,5,0.0948999971151351,0.08066499754786483,0.09964499697089185,40,21,52.5,3,14.285714285714285,23.529411764705888,8.857142857142858,24.333333333333332
DOGE-USD,bounce,-15,10,0.0948999971151351,0.08066499754786483,0.10438999682664861,40,21,52.5,2,9.523809523809524,29.41176470588236,8.857142857142858,26.0
DOGE-USD,bounce,-15,15,0.0948999971151351,0.08066499754786483,0.10913499668240535,40,21,52.5,1,4.761904761904762,35.29411764705881,8.857142857142858,28.0
DOGE-USD,bounce,-15,20,0.0948999971151351,0.08066499754786483,0.11387999653816211,40,21,52.5,1,4.761904761904762,41.176470588235304,8.857142857142858,28.0
DOGE-USD,dump,5,0,0.0948999971151351,0.09964499697089185,0.0948999971151351,40,26,65.0,18,69.23076923076923,-4.761904761904767,6.038461538461538,16.22222222222222
DOGE-USD,dump,5,-5,0.0948999971151351,0.09964499697089185,0.09015499725937834,40,26,65.0,18,69.23076923076923,-9.523809523809534,6.038461538461538,19.444444444444443
DOGE-USD,dump,5,-8,0.0948999971151351,0.09964499697089185,0.08730799734592429,40,26,65.0,15,57.692307692307686,-12.380952380952381,6.038461538461538,20.133333333333333
DOGE-USD,dump,5,-10,0.0948999971151351,0.09964499697089185,0.08540999740362158,40,26,65.0,9,34.61538461538461,-14.28571428571429,6.038461538461538,18.77777777777778
DOGE-USD,dump,5,-15,0.0948999971151351,0.09964499697089185,0.08066499754786483,40,26,65.0,5,19.230769230769234,-19.047619047619058,6.038461538461538,15.0
DOGE-USD,dump,10,0,0.0948999971151351,0.10438999682664861,0.0948999971151351,40,23,57.49999999999999,16,69.56521739130434,-9.090909090909093,7.739130434782608,17.5625
DOGE-USD,dump,10,-5,0.0948999971151351,0.10438999682664861,0.09015499725937834,40,23,57.49999999999999,16,69.56521739130434,-13.636363636363647,7.739130434782608,20.0625
DOGE-USD,dump,10,-8,0.0948999971151351,0.10438999682664861,0.08730799734592429,40,23,57.49999999999999,14,60.86956521739131,-16.36363636363637,7.739130434782608,21.0
DOGE-USD,dump,10,-10,0.0948999971151351,0.10438999682664861,0.08540999740362158,40,23,57.49999999999999,8,34.78260869565217,-18.181818181818187,7.739130434782608,19.875
DOGE-USD,dump,10,-15,0.0948999971151351,0.10438999682664861,0.08066499754786483,40,23,57.49999999999999,4,17.391304347826086,-22.72727272727274,7.739130434782608,16.0
DOGE-USD,dump,15,0,0.0948999971151351,0.10913499668240535,0.0948999971151351,40,18,45.0,11,61.111111111111114,-13.043478260869556,9.444444444444445,18.90909090909091
DOGE-USD,dump,15,-5,0.0948999971151351,0.10913499668240535,0.09015499725937834,40,18,45.0,11,61.111111111111114,-17.391304347826086,9.444444444444445,20.363636363636363
DOGE-USD,dump,15,-8,0.0948999971151351,0.10913499668240535,0.08730799734592429,40,18,45.0,9,50.0,-19.999999999999996,9.444444444444445,21.555555555555557
DOGE-USD,dump,15,-10,0.0948999971151351,0.10913499668240535,0.08540999740362158,40,18,45.0,4,22.22222222222222,-21.739130434782606,9.444444444444445,18.5
DOGE-USD,dump,15,-15,0.0948999971151351,0.10913499668240535,0.08066499754786483,40,18,45.0,3,16.666666666666664,-26.086956521739125,9.444444444444445,15.666666666666666
DOGE-USD,dump,20,0,0.0948999971151351,0.11387999653816211,0.0948999971151351,40,15,37.5,7,46.666666666666664,-16.666666666666664,12.4,19.857142857142858
DOGE-USD,dump,20,-5,0.0948999971151351,0.11387999653816211,0.09015499725937834,40,15,37.5,7,46.666666666666664,-20.833333333333336,12.4,21.142857142857142
DOGE-USD,dump,20,-8,0.0948999971151351,0.11387999653816211,0.08730799734592429,40,15,37.5,6,40.0,-23.33333333333333,12.4,23.166666666666668
DOGE-USD,dump,20,-10,0.0948999971151351,0.11387999653816211,0.08540999740362158,40,15,37.5,2,13.333333333333334,-25.0,12.4,20.0
DOGE-USD,dump,20,-15,0.0948999971151351,0.11387999653816211,0.08066499754786483,40,15,37.5,1,6.666666666666667,-29.166666666666664,12.4,11.0
