cut_date,target_date,horizon_days,cut_price,predicted_price,actual_price,model_abs_error_pct,naive_abs_error_pct,model_beats_naive
2018-01-01,2018-04-01,90,13657.2001953125,3032.417528799439,6844.22998046875,125.70209792905533,99.54326833384903,0
2018-01-01,2018-06-30,180,13657.2001953125,3650.6568415250595,6404.0,75.42048672328055,113.26046526096971,1
2018-01-01,2019-01-01,365,13657.2001953125,5267.88620791666,3843.52001953125,37.058898643622086,255.33053362313726,1
2018-01-01,2020-01-01,730,13657.2001953125,10315.02811179087,7200.17431640625,43.26081089852427,89.6787438075399,1
2018-02-01,2018-05-02,90,9170.5400390625,3711.65348687983,9235.919921875,148.83572657099245,0.712933835237739,0
2018-02-01,2018-07-31,180,9170.5400390625,4508.970703113292,7780.43994140625,72.55467940907488,17.86660019388313,0
2018-02-01,2019-02-01,365,9170.5400390625,6624.66200181041,3487.9453125,89.93021415987039,162.92098119191772,1
2018-02-01,2020-02-01,730,9170.5400390625,13412.694515680088,9392.875,42.79647621926288,2.424447851385514,0
2018-03-01,2018-05-30,90,10951.0,4304.212026892599,7406.52001953125,72.07609600213733,47.85621278443632,0
2018-03-01,2018-08-28,180,10951.0,5252.147843434328,7096.27978515625,35.111957939783764,54.32029643063001,1
2018-03-01,2019-03-01,365,10951.0,7785.704299732275,3859.583740234375,101.72393770265712,183.73526102934085,1
2018-03-01,2020-02-29,730,10951.0,16029.68302606608,8599.5087890625,86.40230993721217,27.34448290730631,0
2018-04-01,2018-06-30,90,6844.22998046875,4986.1955941532515,6404.0,28.4345926483359,6.874297009193464,0
2018-04-01,2018-09-28,180,6844.22998046875,6103.107095219915,6644.1298828125,8.864710698200362,3.011682510510272,0
2018-04-01,2019-04-01,365,6844.22998046875,9103.675577335232,4158.18310546875,118.93397540291772,64.59664730654526,0
2018-04-01,2020-03-31,730,6844.22998046875,18966.828974286407,6438.64453125,194.57797960783188,6.299236543502884,0
2018-05-01,2018-07-30,90,9119.009765625,5650.519198373161,8180.47998046875,44.77395250376264,11.472796063275403,0
2018-05-01,2018-10-28,180,9119.009765625,6925.604014875851,6486.39013671875,6.771314535503481,40.58682215248317,1
2018-05-01,2019-05-01,365,9119.009765625,10359.562136860412,5402.697265625,91.74796638660054,68.7862435610685,0
2018-05-01,2020-04-30,730,9119.009765625,21703.827714492483,8658.5537109375,150.66342993375636,5.317932648565216,0
2018-06-01,2018-08-30,90,7541.4501953125,6366.353618633054,6978.22998046875,9.611096060464753,8.071104225858662,0
2018-06-01,2018-11-28,180,7541.4501953125,7809.043457873415,4257.419921875,83.42196920134326,77.13663048748988,0
2018-06-01,2019-06-01,365,7541.4501953125,11700.558705600733,8564.0166015625,36.624661650772296,13.559280771828085,0
2018-06-01,2020-05-31,730,7541.4501953125,24599.052304051896,9461.05859375,160.00317047293308,25.454101647858927,0
2018-07-01,2018-09-29,90,6385.81982421875,6963.355874241079,6601.9599609375,5.474070055587843,3.384688930605595,0
2018-07-01,2018-12-28,180,6385.81982421875,8530.967493842385,3923.918701171875,117.40938443231812,62.740879985908734,0
2018-07-01,2019-07-01,365,6385.81982421875,12753.122203483894,10583.134765625,20.504203016550584,65.72867786666303,1
2018-07-01,2020-06-30,730,6385.81982421875,26710.597967542795,9137.9931640625,192.302669612285,43.0981990660918,0
2018-08-01,2018-10-30,90,7624.91015625,7630.834194845611,6334.27001953125,20.469038599814994,20.37551498024488,0
2018-08-01,2019-01-28,180,7624.91015625,9336.178697142319,3470.450439453125,169.01921983975998,119.70952443428456,0
2018-08-01,2019-08-01,365,7624.91015625,13921.55739304889,10399.6689453125,33.86539000670623,36.39070798477646,1
2018-08-01,2020-07-31,730,7624.91015625,29034.258621954403,11323.466796875,156.40785761801456,48.50623239925471,0
2018-09-01,2018-11-30,90,7193.25,8177.977990561222,4017.2685546875,103.57060722313052,79.05823078735041,0
2018-09-01,2019-02-28,180,7193.25,9984.265454747587,3854.785400390625,159.0096313464254,86.60571868076161,0
2018-09-01,2019-09-01,365,7193.25,14826.928975856983,9757.970703125,51.94684865274952,35.654547014562255,0
2018-09-01,2020-08-31,730,7193.25,30701.950455262708,11680.8203125,162.84070496665052,62.38585218781496,0
2018-10-01,2018-12-30,90,6589.6201171875,8615.981693811389,3865.95263671875,122.86826827563652,70.45268621760658,0
2018-10-01,2019-03-30,180,6589.6201171875,10493.680311364997,4106.66015625,155.5283347562733,60.4617832122933,0
2018-10-01,2019-10-01,365,6589.6201171875,15510.920253755825,8343.2763671875,85.90922284148814,26.612402821613234,0
2018-10-01,2020-09-30,730,6589.6201171875,31855.7125859108,10784.4912109375,195.3844735262348,63.65876968853863,0
2018-11-01,2019-01-30,90,6377.77978515625,8979.152401008483,3486.181640625,157.5641009743459,82.94456349706572,0
2018-11-01,2019-04-30,180,6377.77978515625,10905.502093732093,5350.7265625,103.81348152159653,19.19464974820886,0
2018-11-01,2019-11-01,365,6377.77978515625,16032.502224665966,9261.1044921875,73.11652447276342,45.208909748529535,0
2018-11-01,2020-10-31,730,6377.77978515625,32612.143914046424,13780.9951171875,136.64578382567552,116.07825264305322,0
2018-12-01,2019-03-01,90,4214.671875,9209.72793476673,3859.583740234375,138.61972053513378,9.200166615482264,0
2018-12-01,2019-05-30,180,4214.671875,11142.516556945107,8319.47265625,33.932966875902835,97.3931281720478,1
2018-12-01,2019-12-01,365,4214.671875,16257.982349619831,7424.29248046875,118.98359193674098,76.15351089386407,0
2018-12-01,2020-11-30,730,4214.671875,32626.321904307602,19625.8359375,66.24169287977672,365.655133295519,1
2019-01-01,2019-04-01,90,3843.52001953125,9224.247412204599,4158.18310546875,121.83360324063344,8.186846545315408,0
2019-01-01,2019-06-30,180,3843.52001953125,11098.240580831092,10817.1552734375,2.5985141221354313,181.43876494642907,1
2019-01-01,2020-01-01,365,3843.52001953125,16017.591030028407,7200.17431640625,122.46115616299558,87.3328167881996,0
2019-01-01,2020-12-31,730,3843.52001953125,31514.538761577332,29001.720703125,8.664375759544395,654.5614581360243,1
2019-02-01,2019-05-02,90,3487.9453125,9233.393223817811,5505.28369140625,67.71875422571124,57.83744291163539,0
2019-02-01,2019-07-31,180,3487.9453125,11049.716331701713,10085.6279296875,9.55903200807533,189.15671050067533,1
2019-02-01,2020-02-01,365,3487.9453125,15780.072996478442,9392.875,68.00045775631469,169.29536327126692,1
2019-02-01,2021-01-31,730,3487.9453125,30458.614205058482,33114.359375,8.719192383678642,849.3944545611334,1
2019-03-01,2019-05-30,90,3859.583740234375,9119.102472885254,8319.47265625,9.611544501375713,115.55362485138865,1
2019-03-01,2019-08-28,180,3859.583740234375,10862.343547027756,9754.4228515625,11.358136840333755,152.73250972318993,1
2019-03-01,2020-02-29,365,3859.583740234375,15371.428471889825,8599.5087890625,78.7477500045161,122.80922938441776,1
2019-03-01,2021-02-28,730,3859.583740234375,29182.3197483359,45137.76953125,54.67505640576755,1069.4983855567025,1
2019-04-01,2019-06-30,90,4158.18310546875,9007.318046215145,10817.1552734375,20.09296460873662,160.1413886562864,1
2019-04-01,2019-09-28,180,4158.18310546875,10678.943965409031,8245.9150390625,29.505869449549273,98.30572223281018,1
2019-04-01,2020-03-31,365,4158.18310546875,14973.14107555035,6438.64453125,132.55113716680768,54.8427370305564,0
2019-04-01,2021-03-31,730,4158.18310546875,27954.758112335523,58918.83203125,110.76495026172677,1316.9369298278682,1
2019-05-01,2019-07-30,90,5402.697265625,9064.082780675468,9607.423828125,5.994440481147523,77.82643290514974,1
2019-05-01,2019-10-28,180,5402.697265625,10709.849205881195,9256.1484375,15.705244769970728,71.32458071254194,1
2019-05-01,2020-04-30,365,5402.697265625,14916.96523407875,8658.5537109375,72.28010279864192,60.263536623236156,0
2019-05-01,2021-04-30,730,5402.697265625,27517.852641800422,57750.17578125,109.86439797095868,968.9137840220869,1
2019-06-01,2019-08-30,90,8564.0166015625,9433.136186290274,9598.173828125,1.7495522016801157,12.075609783075603,1
2019-06-01,2019-11-28,180,8564.0166015625,11121.323734922727,7463.10595703125,49.01736353407853,14.751373635450582,0
2019-06-01,2020-05-31,365,8564.0166015625,15423.632666400523,9461.05859375,63.022271911405504,10.474547562458426,0
2019-06-01,2021-05-31,730,8564.0166015625,28235.55010759644,37332.85546875,32.21933104361951,335.92693949167074,1
2019-07-01,2019-09-29,90,10583.134765625,9997.348720016358,8104.185546875,23.36031378096184,30.588505216367977,1
2019-07-01,2019-12-28,180,10583.134765625,11770.246954306558,7317.990234375,60.839883319573865,44.61804985626443,0
2019-07-01,2020-06-30,365,10583.134765625,16280.222088947728,9137.9931640625,78.15970965018747,15.814649624010336,0
2019-07-01,2021-06-30,730,10583.134765625,29665.561518135746,35040.8359375,18.119577531266806,231.1007250074512,1
2019-08-01,2019-10-30,90,10399.6689453125,10761.08731345885,9205.7265625,16.895578425006576,12.969561660413476,0
2019-08-01,2020-01-28,180,10399.6689453125,12654.73431414375,9358.58984375,35.220524944738685,11.124315938023187,0
2019-08-01,2020-07-31,365,10399.6689453125,17464.76519484879,11323.466796875,54.235142895183294,8.882954413456478,0
2019-08-01,2021-07-31,730,10399.6689453125,31702.269756591028,41626.1953125,31.303517483462674,300.2646193008134,1
2019-09-01,2019-11-30,90,9757.970703125,11427.96730160045,7569.6298828125,50.971282328461534,28.909482421080025,0
2019-09-01,2020-02-28,180,9757.970703125,13420.82079165322,8672.455078125,54.75226646610458,12.516820383861704,0
2019-09-01,2020-08-31,365,9757.970703125,18473.868836385693,11680.8203125,58.15557762339898,19.705425112202946,0
2019-09-01,2021-08-31,730,9757.970703125,33381.842766416376,47166.6875,41.29443910583568,383.36574206863344,1
2019-10-01,2019-12-30,90,8343.2763671875,12006.951791775586,7292.9951171875,64.63677266804473,14.401233418143766,0
2019-10-01,2020-03-29,180,8343.2763671875,14076.540601317538,5922.04296875,137.69737361917106,40.885103522789265,0
2019-10-01,2020-09-30,365,8343.2763671875,19311.81787864584,10784.4912109375,79.07027323699825,29.259666542400865,0
2019-10-01,2021-09-30,730,8343.2763671875,34689.6033669709,43790.89453125,26.23636559922371,424.86448493389435,1
2019-11-01,2020-01-30,90,9261.1044921875,12314.472926251852,9508.9931640625,29.503436523565398,2.676664236799331,0
2019-11-01,2020-04-29,180,9261.1044921875,14403.71244579465,8801.0380859375,63.65924457035621,5.227410695848533,0
2019-11-01,2020-10-31,365,9261.1044921875,19671.50419945363,13780.9951171875,42.74371358654323,48.80509261949153,1
2019-11-01,2021-10-31,730,9261.1044921875,35049.95359809247,61318.95703125,74.94732727574045,562.1127866873497,1
2019-12-01,2020-02-29,90,7424.29248046875,12531.422457576053,8599.5087890625,45.72253793745122,15.829337430946012,0
2019-12-01,2020-05-29,180,7424.29248046875,14623.365573261222,9439.1240234375,54.92290955125885,27.13836433935235,0
2019-12-01,2020-11-30,365,7424.29248046875,19880.612516667687,19625.8359375,1.298169310999242,164.34621196740457,1
2019-12-01,2021-11-30,730,7424.29248046875,35132.92515209065,57005.42578125,62.25641768931327,667.8230071244557,1
2020-01-01,2020-03-31,90,7200.17431640625,12590.336230526618,6438.64453125,95.54327264720621,11.827486071954429,0
2020-01-01,2020-06-29,180,7200.17431640625,14651.110641204694,9190.8544921875,59.40966809624258,27.64766640781606,0
2020-01-01,2020-12-31,365,7200.17431640625,19809.32833384674,29001.720703125,46.4043616944442,302.791924593297,1
2020-01-01,2021-12-31,730,7200.17431640625,34661.01729386333,46306.4453125,33.5980560521473,543.1295032258672,1
2020-02-01,2020-05-01,90,9392.875,12767.140917740559,8864.7666015625,44.02117383993198,5.957386383352903,0
2020-02-01,2020-07-30,180,9392.875,14821.810815892006,11111.2138671875,33.39506369922607,18.294067228484366,0
2020-02-01,2021-01-31,365,9392.875,19947.57517233257,33114.359375,66.00694113904058,252.54764249497617,1
2020-02-01,2022-01-31,730,9392.875,34612.68680133212,38483.125,11.182137407833114,309.7054948564737,1
2020-03-01,2020-05-30,90,8562.4541015625,13086.69586357769,9700.4140625,34.908631520879354,13.290114579765655,0
2020-03-01,2020-08-28,180,8562.4541015625,15163.958599859998,11542.5,31.3749932844704,34.80364230967024,1
2020-03-01,2021-03-01,365,8562.4541015625,20332.327076217814,49631.2421875,144.10015637389756,479.6380523481364,1
2020-03-01,2022-03-01,730,8562.4541015625,35045.32834115802,44354.63671875,26.563621510313883,418.0131325977682,1
2020-04-01,2020-06-30,90,6606.7763671875,13035.091428330108,9137.9931640625,42.64720047716764,38.31243341981829,0
2020-04-01,2020-09-28,180,6606.7763671875,15059.015201086455,10709.65234375,40.61161574376111,62.10102701431517,1
2020-04-01,2021-04-01,365,6606.7763671875,20072.96597317542,59095.80859375,194.40496572715213,794.4726642670825,1
2020-04-01,2022-04-01,730,6606.7763671875,34229.45024311797,46281.64453125,35.21001419108445,600.5178011035367,1
2020-05-01,2020-07-30,90,8864.7666015625,13237.144389872099,11111.2138671875,19.133197759451637,25.341301881868404,1
2020-05-01,2020-10-28,180,8864.7666015625,15252.263357736094,13271.28515625,14.926800066180256,49.70822981296325,1
2020-05-01,2021-05-01,365,8864.7666015625,20225.587650660327,57828.05078125,185.91530580008646,552.3358524865986,1
2020-05-01,2022-05-01,730,8864.7666015625,34166.868114970806,38469.09375,12.591805665512833,333.95495311991016,1
2020-06-01,2020-08-30,90,10167.2685546875,13533.391246961644,11711.505859375,15.556371737868657,15.18832020991072,0
2020-06-01,2020-11-28,180,10167.2685546875,15561.097863970555,17717.4140625,13.857095542867048,74.25932999804155,1
2020-06-01,2021-06-01,365,10167.2685546875,20550.80433236767,36684.92578125,78.50846705533063,260.8139746081246,1
2020-06-01,2022-06-01,730,10167.2685546875,34460.39173875966,29799.080078125,15.642468319203084,193.0883542402987,1
2020-07-01,2020-09-29,90,9228.3251953125,13795.465593254456,10844.640625,27.20998390165148,17.514721203241756,0
2020-07-01,2020-12-28,180,9228.3251953125,15830.919379685856,27084.80859375,71.08803313410255,193.49646897475657,1
2020-07-01,2021-07-01,365,9228.3251953125,20825.684061595344,33572.1171875,61.20535146987254,263.7942581883965,1
2020-07-01,2022-07-01,730,9228.3251953125,34675.70581190714,19269.3671875,79.95248870653727,108.8067637374528,1
2020-08-01,2020-10-30,90,11759.5927734375,14078.202112166437,13546.5224609375,3.924842355387348,15.195506527541557,1
2020-08-01,2021-01-28,180,11759.5927734375,16122.862287167536,33466.09765625,107.56920861928,184.58551500051112,1
2020-08-01,2021-08-01,365,11759.5927734375,21126.018252407506,39974.89453125,89.22114926552469,239.93434382817293,1
2020-08-01,2022-08-01,730,11759.5927734375,34924.99425437606,23314.19921875,49.801388959086815,98.256858616839,1
2020-09-01,2020-11-30,90,11970.478515625,14403.826575682258,19625.8359375,36.254319880759844,63.95197495139817,1
2020-09-01,2021-02-28,180,11970.478515625,16469.353076221218,45137.76953125,174.07129668269005,277.07573237220146,1
2020-09-01,2021-09-01,365,11970.478515625,21512.416740258133,48847.02734375,127.06434118272792,308.0624452898039,1
2020-09-01,2022-09-01,730,11970.478515625,35363.65168490804,20127.140625,75.70131964489141,68.13981662243623,0
2020-10-01,2020-12-30,90,10619.4521484375,14716.351745249971,28840.953125,95.97896016795777,171.5860735738946,1
2020-10-01,2021-03-30,180,10619.4521484375,16796.841755973197,58917.69140625,250.76648492743004,454.80914253113235,1
2020-10-01,2021-10-01,365,10619.4521484375,21863.83918647034,48116.94140625,120.07544510309725,353.10191838219936,1
2020-10-01,2022-10-01,730,10619.4521484375,35715.50111691988,19312.095703125,84.938505203972,81.85585690469443,0
2020-11-01,2021-01-30,90,13737.109375,15152.746845811316,34269.5234375,126.16046969050463,149.46677282679786,1
2020-11-01,2021-04-30,180,13737.109375,17267.274895111954,57750.17578125,234.44869634639346,320.3953990957432,1
2020-11-01,2021-11-01,365,13737.109375,22405.797779150573,61004.40625,172.27062767997876,344.084738533284,1
2020-11-01,2022-11-01,730,13737.109375,36394.446140018495,20485.2734375,77.66151011387248,49.12361020274689,0
2020-12-01,2021-03-01,90,18802.998046875,15889.67193533749,49631.2421875,212.3490679321307,163.9538762051223,0
2020-12-01,2021-05-30,180,18802.998046875,18090.388306075638,35678.12890625,97.22146535830598,89.74702234880887,0
2020-12-01,2021-12-01,365,18802.998046875,23432.046046492946,57229.828125,144.23743454347445,204.3654420551909,1
2020-12-01,2022-12-01,730,18802.998046875,37941.894325203284,16967.1328125,123.61995243681237,10.820126503769,0
2021-01-01,2021-04-01,90,29374.15234375,16859.841275053233,59095.80859375,250.51224759269516,101.18302615913252,0
2021-01-01,2021-06-30,180,29374.15234375,19185.555691944977,35040.8359375,82.64175664305536,19.291394445823773,0
2021-01-01,2022-01-01,365,29374.15234375,24827.697671417016,47686.8125,92.07102136941046,62.34276973152018,0
2021-01-01,2023-01-01,730,29374.15234375,40139.9518659586,16625.080078125,141.44215653297258,76.68577959152216,0
2021-02-01,2021-05-02,90,33537.17578125,18208.635877173165,56631.078125,211.0121950211231,68.86060559894062,0
2021-02-01,2021-07-31,180,33537.17578125,20725.77699694789,41626.1953125,100.84262857131935,24.119560883753422,0
2021-02-01,2022-02-01,365,33537.17578125,26836.12479736235,38743.2734375,44.36985119888834,15.523363357151343,0
2021-02-01,2023-02-01,730,33537.17578125,43440.6922199741,23723.76953125,83.11041237671822,41.36529077756106,0
2021-03-01,2021-05-30,90,49631.2421875,19733.693644286264,35678.12890625,80.79802772543965,39.10831007397848,0
2021-03-01,2021-08-28,180,49631.2421875,22474.569010325686,48902.40234375,117.5899449786216,1.4903968083751051,0
2021-03-01,2022-03-01,365,49631.2421875,29135.23281662658,44354.63671875,52.23711098487662,11.896401050940032,0
2021-03-01,2023-03-01,730,49631.2421875,47274.815644908485,23646.55078125,99.92266983138187,109.88787179419832,1
2021-04-01,2021-06-30,90,59095.80859375,21594.55994931195,35040.8359375,62.26695991837738,68.64839839767309,1
2021-04-01,2021-09-28,180,59095.80859375,24612.585118741867,41034.54296875,66.72179200511215,44.01478441895801,0
2021-04-01,2022-04-01,365,59095.80859375,31956.915258453453,46281.64453125,44.82513145259623,27.687356817771878,0
2021-04-01,2023-04-01,730,59095.80859375,52014.042240322226,28411.03515625,83.07689936063423,108.00301104393166,1
2021-05-01,2021-07-30,90,57828.05078125,23482.574581675093,42235.546875,79.85909819257644,36.91796380048649,0
2021-05-01,2021-10-28,180,57828.05078125,26780.644764723766,60622.13671875,126.36548616112191,4.831713847781893,0
2021-05-01,2022-05-01,365,57828.05078125,34815.591138563905,38469.09375,10.493869246382692,50.32340287779719,1
2021-05-01,2023-05-01,730,57828.05078125,56809.22791931935,28091.568359375,102.22875131982585,105.85554370427678,1
2021-06-01,2021-08-30,90,36684.92578125,25176.810688702746,47054.984375,86.89811412894468,28.26790125073724,0
2021-06-01,2021-11-28,180,36684.92578125,28714.164909570525,57248.45703125,99.37357472015111,56.0544441949238,0
2021-06-01,2022-06-01,365,36684.92578125,37334.544639487336,29799.080078125,25.287574453997983,23.107578103324688,0
2021-06-01,2023-06-01,730,36684.92578125,60946.0473398121,26819.97265625,127.24127321438385,36.782114774830376,0
2021-07-01,2021-09-29,90,33572.1171875,26791.448691473946,41564.36328125,55.14040976245287,23.806202179961943,0
2021-07-01,2021-12-28,180,33572.1171875,30542.041764422524,47588.85546875,55.814257068382325,41.75112997183534,0
2021-07-01,2022-07-01,365,33572.1171875,39677.72507095205,19269.3671875,105.91088791276403,74.22532281847931,0
2021-07-01,2023-07-01,730,33572.1171875,64679.824299361244,30590.078125,111.44053321819113,9.748386553033694,0
2021-08-01,2021-10-30,90,39974.89453125,28564.15082556759,61888.83203125,116.66610153820396,54.81925032439794,0
2021-08-01,2022-01-28,180,39974.89453125,32543.275894690298,37784.33203125,16.104881861063113,5.797541949896767,0
2021-08-01,2022-08-01,365,39974.89453125,42228.70968888479,23314.19921875,81.1287159926263,71.46158079965686,0
2021-08-01,2023-08-01,730,39974.89453125,68701.13396637954,29675.732421875,131.50611074973023,34.705671162417985,0
2021-09-01,2021-11-30,90,48847.02734375,30774.415646760415,57005.42578125,85.23641987415247,16.70193434717553,0
2021-09-01,2022-02-28,180,48847.02734375,35052.91995130331,43193.234375,23.222928175471512,13.089533697949651,0
2021-09-01,2022-09-01,365,48847.02734375,45465.349111228854,20127.140625,125.89075099299585,142.69233396758264,1
2021-09-01,2023-09-01,730,48847.02734375,73918.31433440941,25800.724609375,186.49704786799015,89.32424605625553,0
2021-10-01,2021-12-30,90,48116.94140625,32826.696249813605,47178.125,43.71877279690577,1.989940054315431,0
2021-10-01,2022-03-30,180,48116.94140625,37377.97263833096,47062.6640625,25.91015708069042,2.24015653331886,0
2021-10-01,2022-10-01,365,48116.94140625,48450.74074323691,19312.095703125,150.8828740704553,149.15442707993583,0
2021-10-01,2023-10-01,730,48116.94140625,78692.22794058519,27983.75,181.20687163294838,71.9460094027784,0
2021-11-01,2022-01-30,90,61004.40625,35374.43737195237,37917.6015625,7.189271065450353,60.886774838450066,1
2021-11-01,2022-04-30,180,61004.40625,40275.35850082921,37714.875,6.789054718673215,61.75158011262136,1
2021-11-01,2022-11-01,365,61004.40625,52199.56327562509,20485.2734375,154.8150671988075,197.7963971831899,1
2021-11-01,2023-11-01,730,61004.40625,84773.5233278312,35437.25390625,139.22148017479384,72.14766813305692,0
2021-12-01,2022-03-01,90,57229.828125,37970.806638911854,44354.63671875,16.81246895949822,29.02783645347111,1
2021-12-01,2022-05-30,180,57229.828125,43225.5008117525,31726.390625,36.244621465674534,80.38556229558498,1
2021-12-01,2022-12-01,365,57229.828125,56010.239212454064,16967.1328125,230.11021857028365,237.29816791931827,1
2021-12-01,2023-12-01,730,57229.828125,90936.77605854742,38688.75,135.04707714399515,47.923693903266454,0
2022-01-01,2022-04-01,90,47686.8125,40576.355361596274,46281.64453125,14.060625008853144,3.0361236792292745,0
2022-01-01,2022-06-30,180,47686.8125,46167.0048236934,19784.7265625,133.34669133713683,141.0284132528051,1
2022-01-01,2023-01-01,365,47686.8125,59760.7070548798,16625.080078125,259.46116815107507,186.8365883106061,0
2022-01-01,2024-01-01,730,47686.8125,96855.78920807573,44167.33203125,119.29282289350583,7.968514979034369,0
2022-02-01,2022-05-02,90,38743.2734375,42631.6325673991,38529.328125,10.647225482598778,0.5552791157060977,0
2022-02-01,2022-07-31,180,38743.2734375,48464.12874828104,23336.896484375,107.67169610890521,66.0172485379116,0
2022-02-01,2023-02-01,365,38743.2734375,62630.13690547688,23723.76953125,163.9974091089432,63.30993852585544,0
2022-02-01,2024-02-01,730,38743.2734375,101206.8445888925,43075.7734375,134.9507310315315,11.18258633202256,0
2022-03-01,2022-05-30,90,44354.63671875,44491.36706379159,31726.390625,40.23456872126181,39.803601496979304,0
2022-03-01,2022-08-28,180,44354.63671875,50537.61658842736,19616.814453125,157.62397207349127,126.1051957479478,0
2022-03-01,2023-03-01,365,44354.63671875,65207.25186370335,23646.55078125,175.7579846080891,87.57338915542819,0
2022-03-01,2024-02-29,730,44354.63671875,105076.29984090364,61198.3828125,71.69783744586368,37.9751641312162,0
2022-04-01,2022-06-30,90,46281.64453125,46555.73868109484,19784.7265625,135.31150927977268,133.9261267273327,0
2022-04-01,2022-09-28,180,46281.64453125,52835.06242468453,19426.720703125,171.9710816462473,138.23704081875792,0
2022-04-01,2023-04-01,365,46281.64453125,68052.14078147119,28411.03515625,139.52714291193558,62.900240264806875,0
2022-04-01,2024-03-31,730,46281.64453125,109317.18526699641,71333.6484375,53.24771361270864,54.12945922726351,1
2022-05-01,2022-07-30,90,38469.09375,48262.254305349925,23656.20703125,104.01518401320709,62.61733632607325,0
2022-05-01,2022-10-28,180,38469.09375,54720.78192542637,20595.3515625,165.69481836407164,86.78532208231151,0
2022-05-01,2023-05-01,365,38469.09375,70352.67178944968,28091.568359375,150.44052681370096,36.94178003116622,0
2022-05-01,2024-04-30,730,38469.09375,112643.41234856717,60636.85546875,85.76723921084502,57.62486078515951,0
2022-06-01,2022-08-30,90,29799.080078125,49539.498829307246,19796.80859375,150.2398232255841,50.524666321887814,0
2022-06-01,2022-11-28,180,29799.080078125,56094.41616282218,16217.322265625,245.89197429789343,83.74846099771067,0
2022-06-01,2023-06-01,365,29799.080078125,71930.30231556584,26819.97265625,168.1967772208133,11.107794404036287,0
2022-06-01,2024-05-31,730,29799.080078125,114622.53664051529,67491.4140625,69.83276796418846,126.48824690411939,1
2022-07-01,2022-09-29,90,19269.3671875,50248.68747159766,19573.05078125,156.72383949329648,1.5759915247606004,0
2022-07-01,2022-12-28,180,19269.3671875,56805.653744197705,16552.572265625,243.18323963561207,16.413128293763823,0
2022-07-01,2023-07-01,365,19269.3671875,72610.16539643847,30590.078125,137.36508648239513,58.74978055762892,0
2022-07-01,2024-06-30,730,19269.3671875,115031.12569945362,62678.29296875,83.52625805684526,225.27426748818868,1
2022-08-01,2022-10-30,90,23314.19921875,50394.04717366776,20635.603515625,144.20922380830808,12.980457300881977,0
2022-08-01,2023-01-28,180,23314.19921875,56870.18650299194,23031.08984375,146.92790002043665,1.2292487108543249,0
2022-08-01,2023-08-01,365,23314.19921875,72440.83583175391,29675.732421875,144.10799639895419,27.28608923444755,0
2022-08-01,2024-07-31,730,23314.19921875,114034.0911097793,64619.25,76.47077474557395,177.1669290190812,1
2022-09-01,2022-11-30,90,20127.140625,50762.44135528081,17168.56640625,195.67082162900556,17.23250589911205,0
2022-09-01,2023-02-28,180,20127.140625,57188.722785806414,23147.353515625,147.06376367044592,15.005672921436153,0
2022-09-01,2023-09-01,365,20127.140625,72602.12211265869,25800.724609375,181.39567090405612,28.18872332678899,0
2022-09-01,2024-08-31,730,20127.140625,113584.75841964525,58969.8984375,92.61481099552766,192.98696489581465,1
2022-10-01,2022-12-30,90,19312.095703125,50557.68977367617,16602.5859375,204.51695876774414,16.31980569668412,0
2022-10-01,2023-03-30,180,19312.095703125,56858.68937270728,28033.5625,102.823631041211,45.160644038563504,0
2022-10-01,2023-10-01,365,19312.095703125,71933.82506428595,27983.75,157.05570219961925,44.902709836259724,0
2022-10-01,2024-09-30,730,19312.095703125,111825.08822244995,63329.5,76.57661630432887,227.92660606871527,1
2022-11-01,2023-01-30,90,20485.2734375,50163.30569935412,22840.138671875,119.6278508638148,11.495405426535443,0
2022-11-01,2023-04-30,180,20485.2734375,56315.01812014818,29268.806640625,92.40626654720914,42.877305152520016,0
2022-11-01,2023-11-01,365,20485.2734375,70995.56517401092,35437.25390625,100.3416104471051,72.98892306401513,0
2022-11-01,2024-10-31,730,20485.2734375,109653.40933645927,70215.1875,56.16765153046022,242.75933740511002,1
2022-12-01,2023-03-01,90,16967.1328125,50435.3341696539,23646.55078125,113.28833383025767,39.36680429488446,0
2022-12-01,2023-05-30,180,16967.1328125,56517.762711461306,27702.349609375,104.01793894166515,63.27065931237461,0
2022-12-01,2023-12-01,365,16967.1328125,70995.11980639146,38688.75,83.50326595300047,128.0217313528499,1
2022-12-01,2024-11-30,730,16967.1328125,108927.17907205688,96449.0546875,12.937528962815303,468.446394292642,1
2023-01-01,2023-04-01,90,16625.080078125,50140.23202643071,28411.03515625,76.48153877772602,70.89262140537151,0
2023-01-01,2023-06-30,180,16625.080078125,56082.45460090883,30477.251953125,84.01414499957365,83.32093325208372,0
2023-01-01,2024-01-01,365,16625.080078125,70188.20553715597,44167.33203125,58.914297760832035,165.66688294851963,1
2023-01-01,2024-12-31,730,16625.080078125,106956.60458580502,93429.203125,14.478772170096054,461.9774622796108,1
2023-02-01,2023-05-02,90,23723.76953125,50245.88482059144,28680.537109375,75.19157548889568,20.893676157137374,0
2023-02-01,2023-07-31,180,23723.76953125,56108.59203892295,29230.111328125,91.95476681245367,23.210231365727108,0
2023-02-01,2024-02-01,365,23723.76953125,69993.05362089528,43075.7734375,62.488210971882886,81.5722133902822,1
2023-02-01,2025-01-31,730,23723.76953125,106022.4511837837,102405.0234375,3.532470991026626,331.65578430783336,1
2023-03-01,2023-05-30,90,23646.55078125,50420.589713612455,27702.349609375,82.00835100481578,17.151756573905708,0
2023-03-01,2023-08-28,180,23646.55078125,56228.61683841472,26106.150390625,115.38455879962686,10.401515350497892,0
2023-03-01,2024-02-29,365,23646.55078125,69957.58402450985,61198.3828125,14.312798491499933,158.8046915536869,1
2023-03-01,2025-02-28,730,23646.55078125,105454.53500632713,84373.0078125,24.986103660872306,256.8089426361568,1
2023-04-01,2023-06-30,90,28411.03515625,50691.44758507049,30477.251953125,66.32551931859074,7.272585407436183,0
2023-04-01,2023-09-28,180,28411.03515625,56452.46039757823,27021.546875,108.91646454854644,5.1421492917399725,0
2023-04-01,2024-03-31,365,28411.03515625,70043.70159403644,71333.6484375,1.8416314587996974,151.07725940005983,1
2023-04-01,2025-03-31,730,28411.03515625,105053.21869051679,82548.9140625,27.261781555331165,190.55229282745958,1
2023-05-01,2023-07-30,90,28091.568359375,51401.20567486779,29275.30859375,75.57869803579615,4.213863103801918,0
2023-05-01,2023-10-28,180,28091.568359375,57174.31376517258,34089.57421875,67.71788758137518,21.351623315019673,0
2023-05-01,2024-04-30,365,28091.568359375,70771.26355825111,60636.85546875,16.713281074946273,115.85429013084511,1
2023-05-01,2025-04-30,730,28091.568359375,105683.30212196839,94207.3125,12.181633588123407,235.35796682765206,1
2023-06-01,2023-08-30,90,26819.97265625,52148.036884814814,27297.265625,91.03758450097443,1.7796176560932242,0
2023-06-01,2023-11-28,180,26819.97265625,57931.09372825709,37831.0859375,53.130930008099476,41.0556469328988,0
2023-06-01,2024-05-31,365,26819.97265625,71527.09689672069,67491.4140625,5.97954997725112,151.64609571953505,1
2023-06-01,2025-05-31,730,26819.97265625,106317.17193118474,104638.09375,1.6046528764145584,290.1498897524626,1
2023-07-01,2023-09-29,90,30590.078125,53025.77696169344,26911.720703125,97.03599612467761,13.668235719494026,0
2023-07-01,2023-12-28,180,30590.078125,58834.90476870643,42627.85546875,38.01985608175302,39.35190127517858,1
2023-07-01,2024-06-30,365,30590.078125,72469.01471009271,62678.29296875,15.620594112580811,104.89745960316993,1
2023-07-01,2025-06-30,730,30590.078125,107243.26736883007,107135.3359375,0.10074307452867526,250.22903668213496,1
2023-08-01,2023-10-30,90,29675.732421875,53795.226374425176,34502.36328125,55.91751189884351,16.264571976721044,0
2023-08-01,2024-01-28,180,29675.732421875,59618.73355551955,42035.59375,41.82916960824314,41.649726289532516,0
2023-08-01,2024-07-31,365,29675.732421875,73264.2374529568,64619.25,13.378346936797936,117.75115465176165,1
2023-08-01,2025-07-31,730,29675.732421875,107958.70465252176,115758.203125,7.2245202437190015,290.07698775336934,1
2023-09-01,2023-11-30,90,25800.724609375,54235.469841248356,37712.74609375,43.81204091164448,46.169329213516065,1
2023-09-01,2024-02-28,180,25800.724609375,60032.52906757382,62504.7890625,4.118200637763159,142.25982025244414,1
2023-09-01,2024-08-31,365,25800.724609375,73592.54336641025,58969.8984375,24.796795172384844,128.55907859298102,1
2023-09-01,2025-08-31,730,25800.724609375,107955.35155600899,108236.7109375,0.2606256914878813,319.51035320213805,1
2023-10-01,2023-12-30,90,27983.75,54647.79069682745,42156.90234375,29.629521285093396,50.64779503729844,1
2023-10-01,2024-03-29,180,27983.75,60415.1155984559,69892.828125,15.687651066559138,149.76219457720998,1
2023-10-01,2024-09-30,365,27983.75,73882.3965867206,63329.5,16.66347687368541,126.3081252512619,1
2023-10-01,2025-09-30,730,27983.75,107897.82006737619,114056.0859375,5.707497951560381,307.57970585607717,1
2023-11-01,2024-01-30,90,35437.25390625,55397.34430235866,42952.609375,28.97317557289536,21.20749956707151,0
2023-11-01,2024-04-29,180,35437.25390625,61173.80062461487,63841.12109375,4.360233370986366,80.15256278785887,1
2023-11-01,2024-10-31,365,35437.25390625,74640.86914363044,70215.1875,6.30302617027183,98.13947120664528,1
2023-11-01,2025-10-31,730,35437.25390625,108551.80142450341,109556.1640625,0.9252381119581043,209.1553435611381,1
2023-12-01,2024-02-29,90,38688.75,56070.271277548614,61198.3828125,9.145865390176478,58.181339052050006,1
2023-12-01,2024-05-29,180,38688.75,61859.06726737632,67578.09375,9.245251723411974,74.67117379083066,1
2023-12-01,2024-11-30,365,38688.75,75337.5707238551,96449.0546875,28.02251753116338,149.2948329617783,1
2023-12-01,2025-11-30,730,38688.75,109194.07791564414,90394.3125,20.797509152629633,133.64495492875835,1
2024-01-01,2024-03-31,90,44167.33203125,57062.7140269809,71333.6484375,25.009210749722467,61.50771431479909,1
2024-01-01,2024-06-29,180,44167.33203125,62900.89833914709,60887.37890625,3.3069569902119955,37.856139608274184,1
2024-01-01,2024-12-31,365,44167.33203125,76478.86778805846,93429.203125,22.163423475246844,111.53463165693465,1
2024-01-01,2025-12-31,730,44167.33203125,110511.0274420774,87508.828125,26.285575764105108,98.1302109511263,1
2024-02-01,2024-05-01,90,43075.7734375,57942.40820546921,58254.01171875,0.5377814332048647,35.236136394097684,1
2024-02-01,2024-07-30,180,43075.7734375,63816.621572029966,66201.015625,3.7363213442421994,53.685030684482406,1
2024-02-01,2025-01-31,365,43075.7734375,77462.71370292567,102405.0234375,32.199116894135216,137.7322918788276,1
2024-02-01,2026-01-31,730,43075.7734375,111590.8590250457,78621.1171875,41.93496991262238,82.51817881244514,1
2024-03-01,2024-05-30,90,62440.6328125,59143.878824269,68364.9921875,15.590985147641723,9.487987402033514,0
2024-03-01,2024-08-28,180,62440.6328125,65095.65345248748,59027.625,10.279980691222935,5.782051730016247,0
2024-03-01,2025-03-01,365,62440.6328125,78909.41852539542,86031.9140625,9.026166546661795,37.78193811847028,1
2024-03-01,2026-03-01,730,62440.6328125,113397.55932975828,65738.1015625,72.49898709342317,5.280966257824149,0
2024-04-01,2024-06-30,90,69702.1484375,61532.88291201928,62678.29296875,1.8614600885325627,11.206200960597211,1
2024-04-01,2024-09-28,180,69702.1484375,67690.51964651255,65887.6484375,2.736281005267216,5.789400730576055,1
2024-04-01,2025-04-01,365,69702.1484375,81972.9536478786,85169.171875,3.8991131646311183,22.190167425569186,1
2024-04-01,2026-04-01,730,69702.1484375,117588.47454993147,68078.5546875,72.72469295168816,2.3848828128810284,0
2024-05-01,2024-07-30,90,58254.01171875,63980.20799560095,66201.015625,3.4710853543204356,13.6419856277334,1
2024-05-01,2024-10-28,180,58254.01171875,70344.84966441941,69907.7578125,0.6252408396386189,20.005053300044317,1
2024-05-01,2025-05-01,365,58254.01171875,85097.26880893006,96492.3359375,13.3906378995023,65.64067107234501,1
2024-05-01,2026-05-01,730,58254.01171875,121837.07490074108,78179.0,55.843736682153875,34.203632837250275,0
2024-06-01,2024-08-30,90,67706.9375,66379.20555209025,59119.4765625,12.2797585697759,14.525603805746634,1
2024-06-01,2024-11-28,180,67706.9375,72940.77246472944,95652.46875,31.137175434017816,41.27425088455669,1
2024-06-01,2025-06-01,365,67706.9375,88138.45001721912,105652.1015625,19.87061440479081,56.0432438145648,1
2024-06-01,2026-06-01,730,67706.9375,125934.5677237214,71319.7734375,76.5773524702546,5.335990772732857,0
2024-07-01,2024-09-29,90,62851.98046875,68709.36461236104,65635.3046875,4.6835463619726125,4.428379500521662,0
2024-07-01,2024-12-28,180,62851.98046875,75458.5490273565,95163.9296875,26.114179127668603,51.40959597099013,1
2024-07-01,2025-07-01,365,62851.98046875,91079.3281367183,105698.28125,16.05079155978988,68.17016816606628,1
2024-07-01,2026-07-01,730,62851.98046875,129873.87116310603,60003.7578125,116.44289607483658,4.746740471072064,0
