forecast_date,horizon_days,target_date,base_fractal,min_path,max_path,checked,real_price,error_pct,inside_band,horizon,prediction_date,btc_equiv_target_date,actual_price,anchored_fractal,reanchored_projection,anchored_min_path,anchored_max_path,reanchored_min_path,reanchored_max_path,error_reanchored_pct,error_anchored_pct,inside_reanchored_band,inside_anchored_band
,7,2026-07-16,76.60006446996154,76.60006446996154,78.32351931306268,False,,,,7g,2026-07-09,2022-12-31,,,,,,,,,,,
,14,2026-07-23,78.4868036898209,76.60006446996154,78.4868036898209,False,,,,14g,2026-07-09,2023-01-07,,,,,,,,,,,
,21,2026-07-30,97.1014486706806,76.60006446996154,97.1014486706806,False,,,,21g,2026-07-09,2023-01-14,,,,,,,,,,,
,28,2026-08-06,105.43997312872052,76.60006446996154,105.43997312872052,False,,,,28g,2026-07-09,2023-01-21,,,,,,,,,,,
,35,2026-08-13,106.61328800742604,76.60006446996154,107.01495310830428,False,,,,35g,2026-07-09,2023-01-28,,,,,,,,,,,
,42,2026-08-20,108.0055269115371,76.60006446996154,110.05491762297348,False,,,,42g,2026-07-09,2023-02-04,,,,,,,,,,,
,49,2026-08-27,101.24253394731036,76.60006446996154,110.05491762297348,False,,,,49g,2026-07-09,2023-02-11,,,,,,,,,,,
,56,2026-09-03,114.06701185845095,76.60006446996154,114.06701185845095,False,,,,56g,2026-07-09,2023-02-18,,,,,,,,,,,
,63,2026-09-10,107.28119886283233,76.60006446996154,114.93668650963448,False,,,,63g,2026-07-09,2023-02-25,,,,,,,,,,,
,70,2026-09-17,103.47595862823252,76.60006446996154,114.93668650963448,False,,,,70g,2026-07-09,2023-03-04,,,,,,,,,,,
,77,2026-09-24,95.50955257432416,76.60006446996154,114.93668650963448,False,,,,77g,2026-07-09,2023-03-11,,,,,,,,,,,
,84,2026-10-01,124.82783201792684,76.60006446996154,126.94819628183012,False,,,,84g,2026-07-09,2023-03-18,,,,,,,,,,,
,91,2026-10-08,127.27583189893778,76.60006446996154,131.1608789548911,False,,,,91g,2026-07-09,2023-03-25,,,,,,,,,,,
,98,2026-10-15,131.51760920790178,76.60006446996154,131.82983859145486,False,,,,98g,2026-07-09,2023-04-01,,,,,,,,,,,
,105,2026-10-22,129.37322243076227,76.60006446996154,131.82983859145486,False,,,,105g,2026-07-09,2023-04-08,,,,,,,,,,,
,112,2026-10-29,140.3474424321332,76.60006446996154,141.12144292634792,False,,,,112g,2026-07-09,2023-04-15,,,,,,,,,,,
,119,2026-11-05,128.77007381182992,76.60006446996154,141.12144292634792,False,,,,119g,2026-07-09,2023-04-22,,,,,,,,,,,
,126,2026-11-12,135.3942660145953,76.60006446996154,141.12144292634792,False,,,,126g,2026-07-09,2023-04-29,,,,,,,,,,,
,7,2026-07-17,77.09415643957806,76.73438242342266,78.46085933875064,False,,,,7g,2026-07-10,2023-01-01,,65.4900780310121,77.09415643957806,65.1844565743455,66.65106718564631,76.73438242342266,78.46085933875064,,,,
,14,2026-07-24,79.25539991577774,76.73438242342266,79.25539991577774,False,,,,14g,2026-07-10,2023-01-08,,67.32601489623048,79.25539991577774,65.1844565743455,67.32601489623048,76.73438242342266,79.25539991577774,,,,
,21,2026-07-31,96.82886120692785,76.73438242342266,97.27171573186138,False,,,,21g,2026-07-10,2023-01-15,,82.25434934314009,96.82886120692785,65.1844565743455,82.6305461748288,76.73438242342266,97.27171573186138,,,,
,28,2026-08-07,105.35957110881101,76.73438242342266,105.62486176428034,False,,,,28g,2026-07-10,2023-01-22,,89.50103162018291,105.35957110881101,65.1844565743455,89.72639118736619,76.73438242342266,105.62486176428034,,,,
,35,2026-08-14,110.24789854806457,76.73438242342266,110.24789854806457,False,,,,35g,2026-07-10,2023-01-29,,93.6535765110367,110.24789854806457,65.1844565743455,93.6535765110367,76.73438242342266,110.24789854806457,,,,
,42,2026-08-21,106.45047715059751,76.73438242342266,110.24789854806457,False,,,,42g,2026-07-10,2023-02-05,,90.42773638096583,106.45047715059751,65.1844565743455,93.6535765110367,76.73438242342266,110.24789854806457,,,,
,49,2026-08-28,101.03669470237506,76.73438242342266,110.24789854806457,False,,,,49g,2026-07-10,2023-02-12,,85.82882705565416,101.03669470237506,65.1844565743455,93.6535765110367,76.73438242342266,110.24789854806457,,,,
,56,2026-09-04,112.81263452029232,76.73438242342266,114.26702797718755,False,,,,56g,2026-07-10,2023-02-19,,95.83227288320312,112.81263452029232,65.1844565743455,97.06775356525081,76.73438242342266,114.26702797718755,,,,
,63,2026-09-11,109.25853132497552,76.73438242342266,115.13822759992469,False,,,,63g,2026-07-10,2023-02-26,,92.81312712247365,109.25853132497552,65.1844565743455,97.80782173524706,76.73438242342266,115.13822759992469,,,,
,70,2026-09-18,104.03841621777593,76.73438242342266,115.13822759992469,False,,,,70g,2026-07-10,2023-03-05,,88.37873466668094,104.03841621777593,65.1844565743455,97.80782173524706,76.73438242342266,115.13822759992469,,,,
,77,2026-09-25,102.77911206199056,76.73438242342266,115.13822759992469,False,,,,77g,2026-07-10,2023-03-12,,87.30897878327885,102.77911206199056,65.1844565743455,97.80782173524706,76.73438242342266,115.13822759992469,,,,
,84,2026-10-02,130.02151249078892,76.73438242342266,130.02151249078892,False,,,,84g,2026-07-10,2023-03-19,,110.45090045710067,130.02151249078892,65.1844565743455,110.45090045710067,76.73438242342266,130.02151249078892,,,,
,91,2026-10-09,129.8158717024092,76.73438242342266,131.39086911165256,False,,,,91g,2026-07-10,2023-03-26,,110.27621236270662,129.8158717024092,65.1844565743455,111.61414389985016,76.73438242342266,131.39086911165256,,,,
,98,2026-10-16,130.76640220668864,76.73438242342266,132.061001766672,False,,,,98g,2026-07-10,2023-04-02,,111.08367066786242,130.76640220668864,65.1844565743455,112.18340935257937,76.73438242342266,132.061001766672,,,,
,105,2026-10-23,131.38659417432092,76.73438242342266,132.061001766672,False,,,,105g,2026-07-10,2023-04-09,,111.61051241865421,131.38659417432092,65.1844565743455,112.18340935257937,76.73438242342266,132.061001766672,,,,
,112,2026-10-30,140.57897742726638,76.73438242342266,141.36889889827836,False,,,,112g,2026-07-10,2023-04-16,,119.41927412419528,140.57897742726638,65.1844565743455,120.09029798857196,76.73438242342266,141.36889889827836,,,,
,119,2026-11-06,127.94732557736863,76.73438242342266,141.36889889827836,False,,,,119g,2026-07-10,2023-04-23,,108.68891655216929,127.94732557736863,65.1844565743455,120.09029798857196,76.73438242342266,141.36889889827836,,,,
,126,2026-11-13,135.72590010685775,76.73438242342266,141.36889889827836,False,,,,126g,2026-07-10,2023-04-30,,115.29667356557586,135.72590010685775,65.1844565743455,120.09029798857196,76.73438242342266,141.36889889827836,,,,
2026-07-09,7,2026-07-16,76.53131230579584,76.53131230579584,78.25322026703564,no,,,,,,,,,,,,,,,,,
2026-07-09,14,2026-07-23,78.41635808837836,76.53131230579584,78.41635808837836,no,,,,,,,,,,,,,,,,,
2026-07-09,21,2026-07-30,97.01429554899684,76.53131230579584,97.01429554899684,no,,,,,,,,,,,,,,,,,
2026-07-09,28,2026-08-06,105.34533578876088,76.53131230579584,105.34533578876088,no,,,,,,,,,,,,,,,,,
2026-07-09,35,2026-08-13,106.51759756212354,76.53131230579584,106.91890214966348,no,,,,,,,,,,,,,,,,,
2026-07-09,42,2026-08-20,107.90858686627205,76.53131230579584,109.95613815306032,no,,,,,,,,,,,,,,,,,
2026-07-09,49,2026-08-27,101.15166400663,76.53131230579584,109.95613815306032,no,,,,,,,,,,,,,,,,,
2026-07-09,56,2026-09-03,113.96463134507349,76.53131230579584,113.96463134507349,no,,,,,,,,,,,,,,,,,
2026-07-09,63,2026-09-10,107.18490893609209,76.53131230579584,114.83352542231356,no,,,,,,,,,,,,,,,,,
2026-07-09,70,2026-09-17,103.3830840837522,76.53131230579584,114.83352542231356,no,,,,,,,,,,,,,,,,,
2026-07-09,77,2026-09-24,95.42382825433278,76.53131230579584,114.83352542231356,no,,,,,,,,,,,,,,,,,
2026-07-09,84,2026-10-01,124.71579316184062,76.53131230579584,126.83425429899104,no,,,,,,,,,,,,,,,,,
2026-07-09,91,2026-10-08,127.16159584770736,76.53131230579584,131.04315589102134,no,,,,,,,,,,,,,,,,,
2026-07-09,98,2026-10-15,131.3995659618352,76.53131230579584,131.7115151048169,no,,,,,,,,,,,,,,,,,
2026-07-09,105,2026-10-22,129.25710387278514,76.53131230579584,131.7115151048169,no,,,,,,,,,,,,,,,,,
2026-07-09,112,2026-10-29,140.22147399504246,76.53131230579584,140.99477978737397,no,,,,,,,,,,,,,,,,,
2026-07-09,119,2026-11-05,128.65449660813434,76.53131230579584,140.99477978737397,no,,,,,,,,,,,,,,,,,
2026-07-09,126,2026-11-12,135.2727432865331,76.53131230579584,140.99477978737397,no,,,,,,,,,,,,,,,,,
