generated_utc,asset,horizon_days,horizon,controls,correct,accuracy_direction_pct,avg_return_pct,avg_direction_adjusted_return_pct,avg_drawdown_pct,avg_max_gain_pct,status,module_key,module,calibration_role,calibratable,parent_family
2026-09-30T05:32:55+00:00,BTC,1,1g,8,3,37.5,-0.3731589950193209,-0.3731589950193209,-1.2291451793553925,0.8265725154183403,FEEDBACK RAPIDO,exchange_microstructure,Microstruttura exchange,CALIBRABILE,True,
2026-09-30T05:32:55+00:00,BTC,3,3g,8,3,37.5,-0.46194916505468003,-0.46194916505468003,-2.4715044006973486,1.7810811315730506,FEEDBACK RAPIDO,exchange_microstructure,Microstruttura exchange,CALIBRABILE,True,
2026-09-30T05:32:55+00:00,BTC,7,7g,7,2,28.57142857142857,-1.8869951729954508,-1.8869951729954508,-3.584533535643402,2.1276582403621274,FEEDBACK RAPIDO,exchange_microstructure,Microstruttura exchange,CALIBRABILE,True,
2026-09-30T05:32:55+00:00,BTC,14,14g,5,2,40.0,0.20161365186590405,0.20161365186590405,-4.710584999381631,3.3159797813741188,FEEDBACK RAPIDO,exchange_microstructure,Microstruttura exchange,CALIBRABILE,True,
2026-09-30T05:32:55+00:00,BTC,30,30g,3,2,66.66666666666666,5.239779717418376,5.239779717418376,-4.153973517239984,8.484421123766314,FEEDBACK RAPIDO,exchange_microstructure,Microstruttura exchange,CALIBRABILE,True,
2026-09-30T05:32:55+00:00,SOL,1,1g,5,3,60.0,0.934954797682628,0.934954797682628,0.4256663988585174,3.390108124487017,FEEDBACK RAPIDO,exchange_microstructure,Microstruttura exchange,CALIBRABILE,True,
2026-09-30T05:32:55+00:00,SOL,3,3g,5,3,60.0,2.749062076412647,2.749062076412647,-3.019172424770451,7.772684076616452,FEEDBACK RAPIDO,exchange_microstructure,Microstruttura exchange,CALIBRABILE,True,
2026-09-30T05:32:55+00:00,SOL,7,7g,5,3,60.0,3.6338852095715795,3.6338852095715795,-3.6207387481065334,9.626277966270447,FEEDBACK RAPIDO,exchange_microstructure,Microstruttura exchange,CALIBRABILE,True,
2026-09-30T05:32:55+00:00,SOL,14,14g,5,4,80.0,8.450198286247348,8.450198286247348,-4.323164198435299,14.606786884191635,FEEDBACK RAPIDO,exchange_microstructure,Microstruttura exchange,CALIBRABILE,True,
2026-09-30T05:32:55+00:00,SOL,30,30g,5,5,100.0,22.06570869844937,22.06570869844937,-4.323164198435299,25.380950848399515,FEEDBACK RAPIDO,exchange_microstructure,Microstruttura exchange,CALIBRABILE,True,
2026-09-30T05:32:55+00:00,DOGE,1,1g,11,6,54.54545454545454,1.844880617149222,1.5524757731571386,-0.2947688234052953,2.678807401205784,FEEDBACK RAPIDO,exchange_microstructure,Microstruttura exchange,CALIBRABILE,True,
2026-09-30T05:32:55+00:00,DOGE,3,3g,11,4,36.36363636363637,1.819616979243406,1.627313426472391,-3.436236658042397,6.330596374805831,FEEDBACK RAPIDO,exchange_microstructure,Microstruttura exchange,CALIBRABILE,True,
2026-09-30T05:32:55+00:00,DOGE,7,7g,11,5,45.45454545454545,-0.031061604740830084,-0.13116370741787967,-4.828202177085474,9.22630149249886,FEEDBACK RAPIDO,exchange_microstructure,Microstruttura exchange,CALIBRABILE,True,
2026-09-30T05:32:55+00:00,DOGE,14,14g,9,3,33.33333333333333,4.45318351416978,0.10983634992864838,-6.268195792682977,12.997825151330282,FEEDBACK RAPIDO,exchange_microstructure,Microstruttura exchange,CALIBRABILE,True,
2026-09-30T05:32:55+00:00,DOGE,30,30g,8,6,75.0,20.081204556230585,12.16321009768163,-6.148030354896612,30.589030892252627,FEEDBACK RAPIDO,exchange_microstructure,Microstruttura exchange,CALIBRABILE,True,
