target,similar_asset,start_date,end_date,similarity,return_30d_report,drawdown_30d_report,max_gain_30d_report,day_0,day_1,day_2,day_3,day_4,day_5,day_6,day_7,day_8,day_9,day_10,day_11,day_12,day_13,day_14,day_15,day_16,day_17,day_18,day_19,day_20,day_21,day_22,day_23,day_24,day_25,day_26,day_27,day_28,day_29,day_30,return_path_30d,drawdown_path,max_gain_path,asset,trigger_side
DOGE-USD,DASH-USD,2022-02-20,2022-05-30,88.63731527399989,-29.45031583544584,-33.95277127902522,2.3199262300169776,0.0,2.3199262300169776,-5.605965084246856,-5.045050664281003,-7.747679532836848,-6.960491875637597,-7.085377924597303,-4.765753891862811,-7.264411682632654,-7.9360028353357865,-8.456465127068213,-14.41038620631383,-22.159020682563334,-26.440588044483192,-32.95929166891048,-30.835860155910833,-27.423798990939098,-33.786641344951974,-30.81452502776739,-33.95277127902522,-29.832891551126075,-28.047346819672782,-25.48827374818855,-28.252000863317196,-22.857452997896765,-17.9038351434044,-17.124746373375743,-21.6694731728291,-22.008816545277043,-26.632054198719977,-29.45031583544584,-29.45031583544584,-33.95277127902522,2.3199262300169776,DOGE,negative
DOGE-USD,NEAR-USD,2022-03-02,2022-06-09,88.49711051193549,-25.05018407238141,-39.09736132269396,0.0,0.0,-11.508455244458403,-19.729447940487333,-26.99185307537303,-31.189811483909757,-33.401452687449265,-24.79863036937203,-36.882098346332306,-33.560899828519375,-39.097361322693956,-35.31211143350519,-32.817868738696035,-31.075096990325545,-35.527954081175004,-29.95162493746343,-21.274621956350316,-17.811128112801143,-25.555909288289737,-26.524775740952787,-32.80554908140206,-32.83549907841833,-34.42677563511446,-34.15701923968292,-34.816364858520046,-34.62600598024126,-30.47247996859379,-33.119597131255674,-31.12385487237286,-26.962714693250856,-29.191216844358724,-25.05018407238141,-25.05018407238141,-39.097361322693956,0.0,DOGE,negative
DOGE-USD,VET-USD,2022-02-22,2022-06-01,87.39030380621199,-27.52299283653812,-29.00258516789568,4.386395623305073,0.0,3.237419919639617,-0.9754787993245917,0.049107154017269394,-0.5270208548095789,4.209636696689678,0.4550124752535911,-0.8118045452347622,4.386395623305073,-3.5025644068006345,-9.82028452272864,-15.339290863185362,-22.13493077714358,-21.509701711537353,-16.56354916315714,-25.742245731003642,-23.558867520983185,-29.002585167895678,-24.704569007898304,-22.622667128186926,-22.82235166929265,-25.51310543362062,-20.943402450199432,-16.707584213982805,-14.252506986062752,-20.458934218668535,-19.565286449150953,-23.29044881707183,-25.6800539044608,-25.585126007652402,-27.52299283653812,-27.52299283653812,-29.002585167895678,4.386395623305073,DOGE,negative
DOGE-USD,QTUM-USD,2022-02-20,2022-05-30,87.30680633833946,-31.6492289314374,-37.87436814952592,0.0,0.0,-0.13928965710170438,-7.340326748984671,-4.688149306053758,-8.035257780336181,-7.267830627716099,-7.040316935499291,-2.7841900055663227,-4.519018408701547,-5.700163554272642,-6.27146986200774,-12.22536984072038,-19.08852302006634,-25.33756042249975,-33.369360008455395,-33.382780550885784,-28.86554849424835,-36.45968037352164,-34.06229284470955,-37.874368149525914,-34.01964368917886,-32.98452709936159,-32.14037269029545,-34.13330606474542,-29.015441753987027,-25.249714269552047,-24.480340451221082,-29.056917184603805,-27.974347755339846,-30.602896111832965,-31.6492289314374,-31.6492289314374,-37.874368149525914,0.0,DOGE,negative
DOGE-USD,ZEC-USD,2019-05-17,2019-08-24,87.28095761703698,-11.706969251824184,-11.706969251824184,5.150438502850885,0.0,-0.29416819956012974,2.7265946174457767,0.41834149471411397,-7.423883000486775,-10.49049021222932,-11.135402969267627,-10.861931584760065,-9.390027264351186,-6.673541806844863,-8.956882799898558,-10.449529506328936,-10.602116300606468,-8.317962625273644,-6.028621454645078,-3.501658061728463,-5.7670668785109065,-10.236644725004652,-11.173150921858932,-10.730641623292602,-11.07506700641343,-7.920515419810781,-6.706611139960062,-3.1960971199375465,1.285845649457329,5.150438502850885,2.6221459566740046,-2.633865290848736,-4.6220583085104465,-7.872832995994239,-11.706969251824184,-11.706969251824184,-11.706969251824184,5.150438502850885,DOGE,negative
DOGE-USD,1INCH-USD,2022-02-22,2022-06-01,86.51418411287193,-31.616479532700737,-42.19418518251301,0.0,0.0,-2.322191499123749,-8.458730112623947,-8.989232964687389,-9.941771868032056,-8.256151308813365,-11.228000475994603,-14.132679434191086,-15.926872987212803,-20.49233583105565,-27.127207057962966,-31.33833502461335,-37.32144346299189,-37.780896937486986,-34.05321582138584,-39.501417520661576,-38.15734494960048,-42.19418518251301,-39.25062708540449,-28.176269170573164,-27.822671397878075,-28.135397350858927,-25.302404928355628,-20.58865290092785,-23.703244228018903,-27.367097091966595,-29.61351674742021,-22.410831438256405,-25.954480049298546,-27.13622097143501,-31.616479532700737,-31.616479532700737,-42.19418518251301,0.0,DOGE,negative
DOGE-USD,OMG-USD,2022-02-20,2022-05-30,86.49038883628167,-32.456419774523525,-37.50489716515811,0.0,0.0,-0.209372745637737,-9.409784912524465,-7.3327117129110775,-12.086497916227012,-11.759593206794449,-9.99199141457483,-6.657816135274119,-4.32707713812005,-4.301256115289009,-1.2410537470259997,-9.486650712973576,-17.176978831262424,-21.42606488131419,-30.957519353648642,-29.87047852942567,-26.655172574974884,-34.7035845258064,-32.56729522924792,-37.50489716515811,-34.12043884139694,-31.999795370774475,-31.877844489059694,-34.570341815636,-30.68406147809818,-26.89199368246219,-25.98408566312593,-31.1057933095938,-27.82691293268824,-32.61416778661639,-32.456419774523525,-32.456419774523525,-37.50489716515811,0.0,DOGE,negative
DOGE-USD,CHZ-USD,2022-02-24,2022-06-03,86.13089384978504,-19.168771449755027,-28.70965917342485,5.971575109494065,0.0,4.7741402899968755,3.4273318606730996,5.971575109494065,1.3230033096637506,-1.4477524096339511,-1.911459997401188,-6.738946258092627,-14.278913696504603,-19.397754320525262,-23.04504353010418,-22.333476522789287,-15.865369298855757,-24.34998968118689,-22.265357069151335,-28.70965917342485,-23.478384761788284,-23.196875310519836,-21.980563942245222,-24.442733644681226,-19.624272905854212,-16.952828501326156,-13.797974455204887,-19.403502281604233,-10.501133540728736,-16.006530662162056,-18.049307110808765,-20.325169496059747,-22.4672511446239,-20.32598888625611,-19.168771449755027,-19.168771449755027,-28.70965917342485,5.971575109494065,DOGE,negative
DOGE-USD,AVAX-USD,2025-08-14,2025-11-21,85.9989404701233,-8.748803613356515,-14.036527879841554,12.9422400659581,0.0,-0.5603498646783667,-0.18444607746491704,4.426168157295729,6.52387933970211,12.28539780976108,12.9422400659581,11.658329898015873,7.087190149301881,3.5520298245299564,-3.942559102396359,2.5702005627946223,11.36485222160486,8.24669761439607,-0.5080135500869276,0.8296452960048661,1.155765060132996,2.549244528883543,9.796641155700536,6.311107128134363,0.9646443102181212,-1.4345885684584059,0.6336565518971993,-3.0962235405875282,-7.22441883390389,-7.19669492588676,-11.00077070600255,-14.036527879841554,-7.919265857724089,-8.21672969727385,-8.748803613356515,-8.748803613356515,-14.036527879841554,12.9422400659581,DOGE,negative
DOGE-USD,XTZ-USD,2025-12-06,2026-03-15,85.93567002544438,-10.412300137040075,-12.143454813407253,4.262162210100873,0.0,3.60592765795662,2.671517952095348,1.8504420062913418,0.6360448553675901,4.262162210100873,0.6476897912471635,-2.0815284325376493,1.7332214596888607,3.4602348575346165,0.632427984554651,-4.2000584560357375,-9.145369672731029,-10.510626582380977,-12.143454813407251,-10.216148518432544,-8.893075581803355,-8.982086078440599,-11.33946067751933,-9.664456185350367,-9.78737580984359,-10.826327734766917,-11.623072705272842,-6.474113924489922,-8.865644431522767,-8.63016223477887,-7.170712446431371,-8.423406783830655,-11.586842302118994,-8.149118416658895,-10.412300137040075,-10.412300137040075,-12.143454813407251,4.262162210100873,DOGE,negative
DOGE-USD,ENJ-USD,2022-02-25,2022-06-04,85.7736294711906,-16.552967403590536,-33.462718559591366,5.000658215997822,0.0,1.5175594098664424,5.000658215997822,0.7126087051151142,-0.36257969663001655,0.038131464287549655,-6.530106742212416,-13.636893155291895,-20.853390224672662,-28.191175456798547,-26.95850899742438,-22.31174854672332,-31.434593512550258,-29.095371519065683,-33.462718559591366,-29.030863474879975,-25.987072311810866,-24.740733368636334,-25.32143520426796,-15.993488599440042,-12.202989019729893,-5.72146465859491,-11.636597269702786,-7.999879574756985,-14.655617842380419,-16.228825987153805,-18.468160227319906,-23.25905224374951,-23.3190539293194,-22.988004361004577,-16.552967403590536,-16.552967403590536,-33.462718559591366,5.000658215997822,DOGE,negative
DOGE-USD,ETH-USD,2022-02-25,2022-06-04,85.3502966439616,-36.10940195957865,-44.84727231950326,3.2015914589175187,0.0,0.19956927348694364,3.2015914589175187,0.6904294628589103,-0.44611395856772873,-0.6540511295475837,-7.580292009132183,-15.09461652839309,-19.781919717646133,-33.138520548947625,-32.745534269928044,-31.54973800350097,-40.7346200923721,-39.691742917862136,-44.84727231950326,-37.40838422675037,-37.40916342368291,-37.565571962732704,-41.6398572104682,-36.53526357352587,-31.902849726451056,-30.98133078027765,-33.40223466904627,-33.74365166238278,-36.469072488013076,-39.002106203186784,-40.7585922553923,-41.17663479751212,-40.80222050798897,-40.39957218700591,-36.10940195957865,-36.10940195957865,-44.84727231950326,3.2015914589175187,DOGE,negative
DOGE-USD,BCH-USD,2022-02-20,2022-05-30,85.2946836293869,-46.94949576555333,-47.57579876242772,3.4826055029625103,0.0,3.4826055029625103,-5.3203403932384425,-3.963110859317154,-6.881630024521479,-4.154362442645654,-8.52374044895392,-5.595281504699567,-7.331184056408324,-10.042464255755945,-10.771425321672412,-14.681007136869905,-20.248066492004646,-25.247922667588586,-35.61738782141365,-35.82873993296929,-35.17756810512533,-44.421508348290175,-38.549603257828494,-40.79402397533632,-38.92758235188353,-39.54478680685839,-39.59195036065039,-42.42543091694617,-40.97276554813656,-41.7997094204062,-41.427793436504935,-42.54157979374726,-43.38148337013713,-47.57579876242772,-46.94949576555333,-46.94949576555333,-47.57579876242772,3.4826055029625103,DOGE,negative
DOGE-USD,INJ-USD,2022-02-22,2022-06-01,85.21268306138921,-42.93361097064943,-42.93361097064943,3.201733659135497,0.0,3.2017336591354972,-2.0296799851920677,-1.4686375193443624,-2.5808872605673994,-1.795462277506099,-4.243970861639667,-6.367280481363635,-3.154361591007515,-5.1938710218176976,-12.010243994300641,-24.940411499313896,-35.74062258823838,-30.963362651622507,-27.66442605861291,-35.10603449830935,-34.577617059735346,-40.92484799977388,-37.27840517331019,-34.15030331106973,-35.23552925791075,-37.209489901752654,-33.400157477944646,-30.36998814606775,-30.170331481537016,-34.58267827632772,-34.88714980661097,-38.213512333799926,-38.93310128718055,-40.395856075775086,-42.933610970649426,-42.933610970649426,-42.933610970649426,3.2017336591354972,DOGE,negative
DOGE-USD,NEO-USD,2022-02-20,2022-05-30,85.18740247571574,-26.96957376769777,-27.649566324912566,3.33650307849247,0.0,-1.963557084291323,-5.238787603663752,-2.843746630677546,-5.096647255319042,-4.056844474546084,-2.8871898795618356,3.33650307849247,0.8859733389842805,2.2286475783689808,2.231417966420146,-3.174889008290993,-8.026599937577162,-0.5637658678633417,-16.701802801672372,-17.469103085248328,-15.303923315010703,-25.083174420796507,-23.041333622684977,-27.649566324912566,-22.885786864326562,-22.14777816903434,-21.964875853808085,-24.549874720946185,-20.920957993707656,-17.859881710910653,-17.38343977050818,-19.484333577078882,-19.197971039076155,-24.14832236397374,-26.969573767697774,-26.969573767697774,-27.649566324912566,3.33650307849247,DOGE,negative
DOGE-USD,ADA-USD,2022-02-20,2022-05-30,85.15353469865502,-18.34221398505558,-19.97831923463218,12.549447222036925,0.0,9.679631560820635,-3.038736593547753,3.108726487149327,-1.8269620643066364,-0.7023664613950431,-0.5232722146814028,6.885953695422464,7.958982200150189,12.549447222036925,11.0243806145351,0.7267489579410258,-3.0340001994931587,-12.842565189197508,-18.759000978436546,-15.030883798583849,-6.451282370848577,-16.673481985705497,-14.503580943928828,-19.97831923463218,-15.034741920893225,-13.649482582930283,-15.939889827082931,-19.559775697760763,-15.749038240160896,-12.428057520107716,-12.476822513199693,-14.106968061647985,-14.784596535552541,-17.612129685605904,-18.34221398505558,-18.34221398505558,-19.97831923463218,12.549447222036925,DOGE,negative
DOGE-USD,OP-USD,2025-12-02,2026-03-11,85.07429441867926,-4.418250446990268,-15.357972827200284,14.283933662869398,0.0,-0.33226121684086785,2.782690011864042,2.8458225518270375,6.465809344804185,14.283933662869398,13.041272874792597,4.86597718663182,0.9560795317757664,2.8391757183871658,-2.3789969965472335,-4.86680649359732,-5.788834928924058,-5.410887562685396,-5.8743897012452635,-9.675462477882569,-13.529703733181009,-14.962579070396398,-15.357972827200284,-12.087687452771279,-8.204377131674756,-8.606411533060566,-11.61670298494808,-8.593124055038748,-8.155367565557025,-8.528332901144752,-8.789156130651744,-1.3116046656562297,-4.511287548574794,-5.311209816518925,-4.418250446990268,-4.418250446990268,-15.357972827200284,14.283933662869398,DOGE,negative
DOGE-USD,HBAR-USD,2020-07-02,2020-10-09,84.96335633566439,-12.184229809540092,-17.297484945522534,0.2726304445865413,0.0,-0.22042300558831052,-1.1688221323238213,-0.7975896413180417,-0.9542011537930439,0.2726304445865413,-2.160731059731058,-6.316884028391689,-5.838330243600865,-5.049449045128962,-5.200269335066087,-12.303138950660731,-9.370921969110746,-6.360393829063426,-5.731019754335476,-6.511214119000552,-7.2391902401477415,-10.960293822429445,-10.235213312551195,-12.981814048598295,-14.652398073943107,-14.951126835768925,-15.33396878314962,-14.95692886282647,-13.875110125066637,-17.297484945522534,-17.201773108112405,-14.226051728150502,-9.278111145229385,-13.47196648524438,-12.184229809540092,-12.184229809540092,-17.297484945522534,0.2726304445865413,DOGE,negative
DOGE-USD,SOL-USD,2022-02-28,2022-06-07,84.91426088872137,-2.3309389733712105,-28.51395240794856,7.341326054525488,0.0,-1.506695041352446,1.3566610368045184,-5.9532189118099765,-14.241381314938605,-22.045732175324762,-28.513952407948562,-24.654037216674308,-12.55054615724427,-23.95641923743338,-22.04662206820197,-19.346111550200163,-13.169737490306698,-10.194487055589185,-8.409274889167229,-13.479371847832578,-3.2008576245876608,7.035106177278472,7.341326054525488,-0.07476067443433765,-2.5009665494103883,-10.424408291364085,-14.107539491656429,-14.831428656272394,-16.82279611499854,-15.412112776898146,-15.34485815542811,-6.725926438939855,-10.24915743104563,-5.994308748140298,-2.3309389733712105,-2.3309389733712105,-28.513952407948562,7.341326054525488,DOGE,negative
DOGE-USD,BAT-USD,2018-09-19,2018-12-27,84.84180161860402,-1.7628016859120743,-6.082235240238298,10.323062790517778,0.0,8.684015113042221,5.946814421522784,7.800665935964046,-0.046702032796730464,2.221205274279625,5.750682119894224,2.6072305694551545,7.732172713789365,6.347626181018096,9.583693185620223,7.348490058451174,9.585258811254093,10.323062790517778,-2.2858018282100434,0.9526078162294116,2.255440288140065,-6.082235240238298,-2.1457073270467864,-5.433150046893386,-2.978469400310879,0.5346785498038908,-1.976828508674322,1.0101996451016726,-2.8874079745547565,-4.910149904595418,-3.6649092615570145,-4.654877544301117,-3.5497198051990586,-0.14632221201794637,-1.7628016859120743,-1.7628016859120743,-6.082235240238298,10.323062790517778,DOGE,negative
DOGE-USD,FIL-USD,2022-02-24,2022-06-03,84.81202873243954,-28.220321248920254,-30.959684601671565,2.372061161950212,0.0,0.8078366737497289,-0.44360220899476444,2.372061161950212,-0.9323953739464597,-2.843659593517278,-2.358604414083987,-7.823146109024536,-17.632058355883164,-22.760561597522212,-28.16759631870297,-25.8136708313196,-20.97418476308165,-28.5257855586023,-27.813931330241417,-30.959684601671565,-25.987564495556605,-26.076290093197652,-19.575727043016933,-25.220761880075237,-21.646145663237537,-17.312641048533294,-17.783311428523373,-21.178530119688364,-21.9083395681428,-25.583804056345883,-26.500796352035483,-27.165661524509034,-28.2169957307694,-27.879616758523362,-28.220321248920254,-28.220321248920254,-30.959684601671565,2.372061161950212,DOGE,negative
DOGE-USD,ETC-USD,2022-02-20,2022-05-30,84.7536571975979,-38.84901589707388,-44.75211103277734,0.0,0.0,-4.234244922629871,-11.158661564352157,-9.572652582529638,-11.933896788006948,-11.50675005330396,-12.049154821834074,-9.276664723145057,-13.034461075655024,-14.10295456549836,-14.688594552454749,-19.45107342598008,-26.821397950006308,-32.79400159977228,-41.968956298136476,-41.051447757008695,-36.195539906229634,-44.383781264702804,-42.10782723535805,-44.75211103277734,-38.14978638818768,-34.336006463676696,-35.18418718212253,-38.67504469804971,-35.76505614773205,-33.97467752547537,-33.28177605940702,-32.741562654428655,-33.37019950096886,-37.81759874072716,-38.84901589707388,-38.84901589707388,-44.75211103277734,0.0,DOGE,negative
DOGE-USD,DOT-USD,2022-02-20,2022-05-30,84.63398695853671,-32.958527844237665,-32.958527844237665,0.0,0.0,-0.8484000323641383,-9.407180842257413,-5.329710520705888,-10.310630915427899,-9.797356558156512,-10.616065143490871,-9.202633681521421,-11.733631141739675,-13.879852989481744,-11.695985488316662,-17.236637548980628,-23.32609336359216,-28.74134809021055,-32.94817916630978,-29.55016408743315,-18.600063323510074,-32.08945326050856,-30.230581679620073,-32.489822583798066,-28.1034654342755,-24.562799143609272,-25.94665774190115,-29.13835603155521,-25.517267423611568,-21.511339350617497,-22.201704261694122,-25.053638442825445,-25.9284050274598,-30.08010852748393,-32.958527844237665,-32.958527844237665,-32.958527844237665,0.0,DOGE,negative
DOGE-USD,BAT-USD,2022-02-20,2022-05-30,84.58965717418755,-4.554083140728393,-29.23550336049806,8.332550466741594,0.0,0.046490421417333394,-4.5662632606981335,-0.5774888267403133,-5.697391883654069,-5.341649401618264,-4.833262751859547,0.13573721287440943,-2.082259670081743,-1.7565970463653602,-2.1212893975760094,-9.47858565987949,-16.734943993674634,-22.919096146192263,-29.23550336049806,-27.50202187027965,-10.59280732798692,-20.47138842402584,-15.916808891546852,-22.553655502939673,-15.68784634437852,-10.400140649268552,-7.367231506147409,-9.354287683764973,0.7214350255797308,8.332550466741594,7.123614289088476,-2.298293805238405,-3.2929443321100815,-7.729441898605094,-4.554083140728393,-4.554083140728393,-29.23550336049806,8.332550466741594,DOGE,negative
DOGE-USD,EGLD-USD,2022-02-20,2022-05-30,84.4950340747725,-41.6580048605385,-51.6392152337172,0.0,0.0,-5.574746401195718,-12.132174596839352,-9.351887724202069,-10.028780507217993,-10.638931514695294,-14.910094928431628,-19.239819153719605,-22.482459011642053,-24.23004764370067,-28.207675765086325,-34.1486820626559,-41.36882152194471,-47.75849563860667,-51.639215233717195,-46.360401687990795,-34.52160284140922,-41.48609382369127,-39.0328372194685,-46.9140216138764,-38.54270175139105,-33.69610989401176,-32.16257800168033,-32.24067385616518,-29.566181118033764,-26.70951790013534,-28.28038707393509,-35.929614992135015,-34.83500555605339,-39.61906577645724,-41.6580048605385,-41.6580048605385,-51.639215233717195,0.0,DOGE,negative
DOGE-USD,LTC-USD,2022-02-18,2022-05-28,84.30667090858873,-10.25098052947735,-30.511920011029048,10.924862681796178,0.0,2.300231428709254,10.924862681796178,9.786206986056722,1.0504037575148173,3.431173650380792,0.5552354531837445,2.301443546062787,1.4356428127685117,3.3764814461564097,2.555204599287464,-1.230237895783859,-3.3657438005094797,-9.07488999728926,-16.08263628423099,-22.60252370179171,-30.511920011029048,-25.96760022557626,-18.971087450471536,-28.26614203615636,-23.475517555744542,-24.177866100456857,-12.822487494989298,-15.097399138980395,-14.131176319487693,-16.381557891581856,-10.512118357505074,-10.143897919639311,-5.365388490957967,-8.725481865622465,-10.25098052947735,-10.25098052947735,-30.511920011029048,10.924862681796178,DOGE,negative
DOGE-USD,XLM-USD,2022-02-20,2022-05-30,84.20479627904064,-23.4012304891304,-25.697548636397222,4.762831332808837,0.0,4.762831332808837,-4.3854689983407695,-0.10603148805697904,2.206330145320612,0.0676560097797152,0.23436898271824713,1.093046294734279,-1.9266215536518194,-2.234935052205511,-2.410711789244202,-7.124721447765847,-12.734380676221246,-16.791995033223582,-25.697548636397226,-21.233260230749718,-15.927039609376713,-24.067385967817188,-21.81710384256824,-24.7816719048363,-20.081616493223432,-21.05259820801484,-20.37527933180102,-20.97656445297741,-17.695315541122824,-10.821708172365764,-11.480192713087067,-16.141883040647553,-16.99986393959625,-20.17159929805721,-23.4012304891304,-23.4012304891304,-25.697548636397226,4.762831332808837,DOGE,negative
DOGE-USD,XRP-USD,2022-02-20,2022-05-30,84.13663272985875,-21.33006690244359,-26.325104896973805,0.8828841990859981,0.0,0.8828841990859981,-4.804211914158197,-3.0783818695268694,-6.554436852467194,-6.185448941230964,-5.451072131702494,-3.626237160699486,-2.504456896474927,-4.1913106999367455,-4.268792816227629,-8.71381611181884,-14.144797911859818,-17.381479336855143,-25.676569891227853,-22.964553285881006,-17.808814018333585,-25.376697282032556,-23.146770242220693,-26.325104896973805,-22.029536849794663,-22.67687456014539,-21.414241044782766,-22.85885633346102,-19.76302103284545,-12.097330138170026,-12.10474196680712,-14.183296660222888,-15.529384515335899,-19.333056577552487,-21.33006690244359,-21.33006690244359,-26.325104896973805,0.8828841990859981,DOGE,negative
DOGE-USD,LINK-USD,2022-02-20,2022-05-30,84.12558503195825,-16.7298300209496,-21.0622197721567,24.38504442150384,0.0,1.833578659571189,-7.126755981529376,-3.444937910147816,-7.984700900833852,-0.8290901548669072,2.4009619192555176,6.817083555034853,17.08383635761699,16.888189162449695,24.385044421503842,7.894543348577199,-5.923647211535155,-14.969542335175866,-21.0622197721567,-9.367984113959249,-1.7861246241943407,-15.038850034378925,-14.67872492758816,-20.415644154323953,-11.516599513644088,-6.099966254055689,-8.299628948061299,-11.049066654186168,-6.1226702798739545,-2.254622932229733,-2.500895437571349,-9.554200602823537,-12.064603471088143,-15.226300507186586,-16.7298300209496,-16.7298300209496,-21.0622197721567,24.385044421503842,DOGE,negative
DOGE-USD,ZIL-USD,2019-04-29,2019-08-06,84.05106586060094,-26.011687181224573,-26.011687181224573,0.0,0.0,-3.6247614506220716,-7.8662595800160435,-13.849820658431556,-9.348626425174444,-3.9060829411170728,-4.5769334718056776,-4.9772752053152125,-16.673878487899763,-19.49794639443536,-20.688163940181724,-16.717159492365717,-15.59186345331829,-16.27353675439023,-18.275265576072684,-22.505951012150728,-17.87491880402946,-16.91192401246251,-7.693135562152231,-13.027481573578415,-8.666953124102516,-13.882278892514165,-21.30491069602103,-24.12897860255663,-23.76109006459601,-24.46440386790093,-23.328285058470165,-22.689892761864183,-22.46267000768477,-23.847652073527925,-26.011687181224573,-26.011687181224573,-26.011687181224573,0.0,DOGE,negative
DOGE-USD,AVAX-USD,2022-02-21,2022-05-31,83.77160764559663,-35.849146334632486,-43.762278271962295,0.0,0.0,-9.812152060668156,-6.489779324475952,-12.8249321964379,-7.039059549686777,-8.434087348695519,-1.5208090532436436,-6.648380935860809,-7.160605452833835,-7.500105703088156,-16.346619398413907,-24.975301615179323,-34.11335346209234,-39.29527660781624,-37.323250884924576,-30.988849679367302,-40.38531214935033,-39.33502096896304,-43.762278271962295,-38.651842937859236,-35.05907266771104,-36.127168946058895,-39.082873028005,-30.693076176692202,-22.133735185757363,-19.035951698205945,-25.378997067416886,-26.79948756588374,-31.333727235439625,-33.31541620816822,-35.849146334632486,-35.849146334632486,-43.762278271962295,0.0,DOGE,negative
DOGE-USD,ICP-USD,2023-03-15,2023-06-22,83.76320428952107,-0.3970924188526403,-2.601605436783816,7.91519973411241,0.0,4.592618371970603,3.0227898871970194,4.5629409506840135,2.692687596254406,4.622134565512526,-2.2538026427300295,-2.285103857730797,-1.0981106526740891,1.8327218387241162,1.3798446202159642,7.91519973411241,5.060386124325711,2.541375357882414,-1.8895776512549478,-0.8863495263186416,-2.1257071995903876,-2.601605436783816,-1.4950188112471063,-0.578300887593286,-0.34954175044271674,5.861975922018292,2.722215306063802,1.5703006517401308,-1.3068545169507395,-0.9615853017417519,-1.6318781339362598,-1.8424646010091195,-2.3295681664570522,-1.828380205885527,-0.39709241885264035,-0.39709241885264035,-2.601605436783816,7.91519973411241,DOGE,negative
DOGE-USD,BTC-USD,2022-02-18,2022-05-28,83.61891466238885,-28.03904148712123,-34.000665210307524,10.332883736841602,0.0,2.190035821988534,10.104113479157672,10.332883736841602,3.415523476250515,5.735185158449041,3.0869106688440784,3.5329418393763135,3.7888790311598974,8.86961762743601,8.122804844959708,4.85670628443442,4.50148235345631,0.9332126546669928,-1.5758855230946445,-7.122189996508565,-21.959165685017158,-22.932952508227178,-21.662613655627528,-29.266976063341797,-28.95522058255857,-34.000665210307524,-28.67137763536376,-28.510816174547283,-28.125388686097132,-30.636479647946903,-26.823009390012174,-26.31709302417796,-25.377712228285752,-27.026314036066278,-28.03904148712123,-28.03904148712123,-34.000665210307524,10.332883736841602,DOGE,negative
DOGE-USD,DOT-USD,2023-06-15,2023-09-22,83.53531410111773,-1.3605523687206689,-9.218384403823954,6.011023220560396,0.0,0.32685999793340414,-0.7266501583702678,1.1124296605043105,-0.13188525686068653,-0.7134165518192126,1.3748002947339577,1.439515062762653,2.1449950096668724,6.011023220560396,2.5964086922076746,1.36450287609986,0.6944825885242922,0.08299624511984849,1.3123039797980685,0.9216545579067814,-0.12728226327770598,-3.537418363595446,-5.149272827852669,-6.999646589745268,-8.603392429997426,-7.419112175072251,-7.04398599313798,-6.578692149535126,-5.801634466077066,-8.567072675218345,-9.027538120913281,-9.218384403823954,-7.4171962383102645,-2.8610452330722236,-1.3605523687206689,-1.3605523687206689,-9.218384403823954,6.011023220560396,DOGE,negative
DOGE-USD,WAVES-USD,2022-02-20,2022-05-30,83.35977988693706,-29.044867008189332,-42.95779944518785,28.82746743306901,0.0,18.368116972372526,20.563973221455136,25.95340838561666,28.82746743306901,17.006374953117962,6.66532984050876,9.513271808357882,2.9871912047720883,1.5595663409607274,2.8393911355367285,-8.051883085386402,-16.614323686295197,-28.42505722842287,-37.1585835351652,-35.871520040401116,-32.20656550734876,-42.95779944518785,-39.97573120603023,-40.01095159462977,-36.98528792259601,-36.135340213258516,-9.52698327514958,-22.533897897537425,-16.890775485153007,-14.104522561578236,-15.086053893849394,-22.221591617522396,-22.329374796038792,-28.904161241826955,-29.044867008189335,-29.044867008189335,-42.95779944518785,28.82746743306901,DOGE,negative
