rank,portfolio,label,strategy,sample_status,sample_maturity,closed_trades,winning_trades,win_rate_pct,profit_factor,expectancy_eur,equity_eur,total_pnl_eur,total_return_pct,closed_pnl_eur,open_pnl_eur,open_positions,max_drawdown_pct,average_mfe_net_eur,average_mae_net_eur,average_profit_retained_pct,profit_retention_sample,comparison_score
1,SHADOW_DONCHIAN_1H,Benchmark Donchian breakout 1H,donchian_breakout,ROBUSTO,4,160,69,43.125,1.3952857696227359,8.717373878760862,11442.782237712616,1442.7822377126158,14.427822377126159,1394.7798206017378,49.348212785018944,7,6.745426993721369,54.03841140541938,-30.548134146932476,70.29636284687835,69,50.33554452510226
2,SHADOW_SCANNER_TOP5_LONG,Scanner Top 5 Long 1H,scanner_top5_long,ROBUSTO,4,186,85,45.69892473118279,1.3010972214927317,5.055057427500731,10938.47906870603,938.4790687060304,9.384790687060304,940.240681515136,-0.3214691214738983,6,8.85442080289544,43.19017140507941,-25.47447438535194,66.45302920625234,85,26.567378790775148
3,SHADOW_COMBO_ADAPTIVE,Combo Adaptive,combo_adaptive,ROBUSTO,4,217,101,46.54377880184332,1.1083416452190258,1.6853046523821906,10363.953892690817,363.95389269081716,3.6395389269081715,365.71110956693536,0.0,8,8.16983044631138,35.17163156127591,-22.84204981071802,65.02405249133888,101,3.5945404953497593
4,SHADOW_1H_FAST_V3,Rapida 1H V3 Filtered,momentum_breakout_v3_filtered,ROBUSTO,4,273,121,44.32234432234432,1.0695796568777052,1.2091888909083628,10390.306770889314,390.30677088931407,3.9030677088931403,330.108567217983,63.15710067776078,6,9.475032662195064,35.15067352400156,-26.800890261837907,81.40500916911334,121,2.550758476719987
5,SHADOW_COMBO_SCANNER,Combo Scanner,combo_scanner,ROBUSTO,4,188,82,43.61702127659575,1.0774633789020316,1.4413920704633254,10269.006347474047,269.0063474740473,2.690063474740473,270.9817092471052,0.0,6,11.382336865526206,38.59469607829661,-25.859720834629815,66.62216022275115,82,-5.393998637234431
6,SHADOW_SCANNER_TOP5_BTC,Scanner Top 5 + forza BTC 1H,scanner_top5_btc_strength,ROBUSTO,4,156,70,44.871794871794876,1.0869001750497729,1.6635840771705903,10258.164142696798,258.1641426967981,2.581641426967981,259.5191160386121,0.0,6,11.273590775645271,43.474129752604995,-26.850407316989287,65.34620184727716,70,-5.529475440579254
7,SHADOW_RELATIVE_STRENGTH_V2,Forza relativa 1H V2,relative_strength_v2,ROBUSTO,4,145,58,40.0,0.9537521400469741,-1.1279332927762293,9835.15657205093,-164.84342794907025,-1.6484342794907025,-163.55032745255326,0.0,6,10.882167855410797,47.037996911033616,-35.38666564605557,63.2493469200635,58,-23.03332599582647
8,SHADOW_1H_BALANCED_V3,Bilanciata 1H V3 Filtered,confluence_trend_v3_filtered,ROBUSTO,4,216,87,40.27777777777778,0.8566276407891353,-2.7724043547169592,9398.817758759124,-601.1822412408765,-6.0118224124087645,-598.8393406188632,0.0,7,14.03805459939505,32.746687526943845,-26.563304074609142,66.52477846458736,87,-45.684311576232425
9,SHADOW_1H_BALANCED_V2,Bilanciata 1H V2,confluence_trend_v2,ROBUSTO,4,175,76,43.42857142857143,0.8080745595491524,-3.9310465057022688,9309.304933759264,-690.6950662407362,-6.906950662407361,-687.9331384978971,0.0,5,11.818656606119827,39.41825419621835,-28.738086128193306,55.05762840213396,76,-46.133196015916766
10,SHADOW_EMA_TREND_1H,Benchmark trend following EMA 1H,ema_trend_following,ROBUSTO,4,158,62,39.24050632911392,0.7110938988392101,-5.137387516965029,9187.131423401419,-812.8685765985811,-8.12868576598581,-811.7072276804746,0.0,5,12.309326655722087,30.12074120503416,-23.516432965426322,60.87670430047104,62,-52.524994108003085
11,SHADOW_COMBO_TREND,Combo Trend,combo_trend,ROBUSTO,4,192,76,39.58333333333333,0.7831438512123569,-4.800622021049828,9075.624662016247,-924.3753379837526,-9.243753379837525,-921.7194280415671,0.0,5,14.079618859122874,37.483162387985466,-31.27719414884038,68.94801958851983,76,-59.12185425210966
12,SHADOW_1H_BALANCED,Bilanciata 1H V1,confluence_trend,ROBUSTO,4,193,74,38.34196891191709,0.7579047690598297,-4.534662534693363,9125.214205961183,-874.7857940388167,-8.747857940388167,-875.1898691958191,1.8746820976007392,5,15.678500803259787,30.789286011770667,-25.977290351374734,63.82210850270695,70,-59.831009856690024
13,SHADOW_COMBO_ADAPTIVE_MFE_TRAIL,Combo Adaptive Mfe Trail,combo_adaptive,ROBUSTO,4,229,94,41.04803493449782,0.7549171003497037,-4.209595963430251,9034.685786430453,-965.3142135695471,-9.653142135695472,-963.9974756255276,0.0,7,15.451394061150467,29.53140720028123,-26.04466925626817,60.691897936607745,94,-62.947140747853034
14,SHADOW_RELATIVE_STRENGTH,Forza relativa 1H V1,relative_strength,ROBUSTO,4,167,56,33.532934131736525,0.574660209297417,-9.291591739105392,8489.626905553985,-1510.3730944460149,-15.103730944460148,-1551.6958204306006,43.71668240713552,6,19.112523888447285,27.83945482000939,-30.465424051618445,67.9465966586108,52,-91.7873226357795
15,SHADOW_BOLLINGER_MR_1H,Benchmark Bollinger mean reversion 1H,bollinger_mean_reversion,ROBUSTO,4,139,60,43.16546762589928,0.5933349249133354,-11.880210957318761,8347.854494683383,-1652.1455053166173,-16.52145505316617,-1651.3493230673078,0.0,1,19.960180156125542,34.58680700121903,-39.65697670736957,65.51550266201504,60,-97.97985220100371
16,SHADOW_1H_FAST_V2,Rapida 1H V2,momentum_breakout_v2,VALUTABILE,3,87,42,48.275862068965516,1.2570986843300265,6.119757461941187,10531.263455912916,531.2634559129165,5.312634559129164,532.4188991888833,0.0,1,3.8860719914357937,47.55482426900656,-36.80619252457705,82.94351432277347,42,17.99673807523018
17,SHADOW_RSI_SHORT_15X_50_RSI75,Scalp RSI Short 75 · €50 · 15x,rsi_extreme_reversal,VALUTABILE,3,32,15,46.875,1.2135270436682744,0.9572886445157524,10030.633236624479,30.63323662447874,0.30633236624478744,30.633236624504075,0,0,0.32630380576471096,7.7388846997659035,-7.454780917250752,72.78612696889451,15,2.674019538542345
18,SHADOW_RSI_SHORT_15X_10_RSI75,Scalp RSI Short 75 · €10 · 15x,rsi_extreme_reversal,VALUTABILE,3,32,15,46.875,1.213527043668275,0.1914577289031506,10006.126647324896,6.126647324896112,0.061266473248961124,6.126647324900819,0,0,0.06541260185260234,1.5477769399531809,-1.4909561834501508,72.78612696889451,15,2.0621178449588276
19,SHADOW_4H_WIDE,Ampia 4H,confluence_trend,VALUTABILE,3,59,21,35.59322033898305,1.1494707485031501,3.2888419960875646,10191.407514115232,191.4075141152316,1.914075141152316,194.0416777691663,-1.4702020708847607,8,4.45241766465741,55.323839941158916,-27.907954046152334,65.7472963395949,20,1.6573601422340947
20,SHADOW_RSI_SHORT_5X_RSI75,Scalp RSI Short 75 · prudente · 5x,rsi_extreme_reversal,VALUTABILE,3,32,15,46.875,0.6682799980773247,-1.8003667449833463,9942.388264160525,-57.61173583947493,-0.5761173583947493,-57.61173583946708,0,0,0.8441323609103216,8.681092943802813,-8.16832147051856,52.89012391957835,15,-4.73992712811368
21,SHADOW_1H_FAST,Rapida 1H V1,momentum_breakout,VALUTABILE,3,78,27,34.61538461538461,1.0244303008182483,0.554855073432741,10043.27869572774,43.27869572774034,0.43278695727740335,43.2786957277538,0,0,6.7637679617549376,44.118245124297275,-35.380986312542944,88.99407322313152,21,-8.171565089650828
22,MAIN,Principale 4H,confluence_trend,VALUTABILE,3,60,25,41.66666666666667,0.8750633252947592,-3.0461735967531522,9816.142026077985,-183.85797392201493,-1.8385797392201493,-182.77041580518915,0.0,5,6.860704149926626,37.57219669153879,-32.73948638858717,69.51672080334069,23,-17.98535961781589
23,SHADOW_ETH_EMA_1H,Eth Ema 1H,ema_trend_following,VALUTABILE,3,32,11,34.375,0.5150453363097593,-16.869669098941763,9460.17058883386,-539.8294111661398,-5.398294111661398,-539.8294111661364,0,0,5.398294111661398,37.98291669847523,-42.43076889796589,60.67448639936356,11,-32.9613637095667
24,SHADOW_SCANNER_BOTTOM5_SHORT,Scanner Bottom 5 Short 1H,scanner_bottom5_short,VALUTABILE,3,90,28,31.11111111111111,0.6372471480833075,-9.211070914251637,9169.551226888372,-830.4487731116278,-8.304487731116279,-828.9963822826473,0.0,4,10.174795062917706,38.24219330371404,-33.26871573852006,63.8473198163013,28,-51.12364121971928
25,SHADOW_COMBO_MEAN_REVERSION,Combo Mean Reversion,combo_mean_reversion,VALUTABILE,3,76,30,39.473684210526315,0.5481796858112602,-15.833691945388965,8833.155738353214,-1166.8442616467855,-11.668442616467855,-1203.3605878495614,38.71243510576177,2,16.009806886428688,32.742424086267405,-43.28902770457617,71.29845715527985,30,-73.19522153064852
26,SHADOW_SOL_DONCHIAN_1H,Sol Donchian 1H,donchian_breakout,IN OSSERVAZIONE,2,22,12,54.54545454545454,1.5168614085978354,9.95563212914792,10219.02390684126,219.0239068412593,2.190239068412593,219.02390684125425,0,0,2.77318264622846,65.32538477620608,-34.40423270031349,54.010195979772725,12,7.414223384147068
27,SHADOW_SOL_ADAPTIVE_4H,Sol Adaptive 4H,combo_adaptive,IN OSSERVAZIONE,2,10,5,50.0,1.6387236045163505,13.871563588587197,10138.715635885883,138.71563588588288,1.3871563588588287,138.71563588587196,0,0,1.368959606889614,62.446775197560285,-32.17401455252836,66.10637446813497,5,4.6745433430597085
28,SHADOW_RSI_LONG_5X_RSI20,Scalp RSI Long 20 · prudente · 5x,rsi_extreme_reversal,IN OSSERVAZIONE,2,12,6,50.0,1.3857309359020706,1.627328371705144,10019.527940460463,19.52794046046256,0.1952794046046256,19.52794046046173,0,0,0.3640178031019416,8.78791517977593,-8.354393330344251,77.45224871067663,6,2.1341258027972003
29,SHADOW_DOGE_DONCHIAN_1H,Doge Donchian 1H,donchian_breakout,IN OSSERVAZIONE,2,19,11,57.89473684210527,1.2253861837020634,5.5816058904072525,10106.05051191774,106.05051191773964,1.0605051191773964,106.0505119177378,0,0,3.0844146924028886,52.41543780270551,-38.26723614303743,57.10860306924212,11,1.9083706588096352
30,SHADOW_RSI_SHORT_15X_10_RSI80,Scalp RSI Short 80 · €10 · 15x,rsi_extreme_reversal,IN OSSERVAZIONE,2,17,7,41.17647058823529,1.1703439011669607,0.1110221130406224,10001.887375921686,1.8873759216858161,0.01887375921685816,1.8873759216905808,0,0,0.10635474533717915,1.4511667693807349,-1.2194842510917363,46.77286794832396,7,0.5771686744732012
31,SHADOW_DOGE_EMA_1H,Doge Ema 1H,ema_trend_following,IN OSSERVAZIONE,2,29,17,58.620689655172406,1.102787903378003,2.3150604201946487,10067.136752185634,67.13675218563367,0.6713675218563366,67.13675218564481,0,0,2.7726179928745074,48.13625029615875,-35.52985056432501,47.48840184724683,17,0.5033113909423357
32,SHADOW_RSI_SHORT_15X_50_RSI80,Scalp RSI Short 80 · €50 · 15x,rsi_extreme_reversal,IN OSSERVAZIONE,2,17,7,41.17647058823529,1.1703439011669605,0.5551105652031112,10009.436879608436,9.436879608436357,0.09436879608436356,9.436879608452891,0,0,0.5314352399856652,7.255833846903674,-6.097421255458681,46.77286794832396,7,0.334536543057699
33,SHADOW_RSI_LONG_15X_10_RSI20,Scalp RSI Long 20 · €10 · 15x,rsi_extreme_reversal,IN OSSERVAZIONE,2,12,4,33.33333333333333,0.6174516483937033,-0.19052192051508757,9997.713736953812,-2.2862630461877416,-0.022862630461877417,-2.286263046181051,0,0,0.042457643570245195,0.6226407135403245,-1.0199377088016552,87.64895440074933,4,-1.32321930267218
34,SHADOW_RSI_LONG_15X_50_RSI20,Scalp RSI Long 20 · €50 · 15x,rsi_extreme_reversal,IN OSSERVAZIONE,2,12,4,33.33333333333333,0.617451648393703,-0.9526096025754383,9988.568684769083,-11.43131523091688,-0.11431315230916879,-11.431315230905259,0,0,0.21224227948498778,3.1132035677016217,-5.099688544008278,87.64895440074932,4,-1.7301043019412419
35,SHADOW_SOL_EMA_4H,Sol Ema 4H,ema_trend_following,IN OSSERVAZIONE,2,11,4,36.36363636363637,1.0172876921931213,0.5008684757620891,10005.50955323338,5.509553233379847,0.05509553233379848,5.509553233382981,0,0,2.2707306148704114,60.56014237499835,-36.05351762122634,68.96036071029098,4,-1.9018203610762225
36,SHADOW_RSI_LONG_15X_10_RSI25,Scalp RSI Long 25 · €10 · 15x,rsi_extreme_reversal,IN OSSERVAZIONE,2,21,8,38.095238095238095,0.33496225077763825,-0.6260285607918332,9986.85340022336,-13.146599776640869,-0.1314659977664087,-13.146599776628499,0,0,0.1594129696165085,0.8366758902262221,-1.3118592549154136,71.02375801264326,8,-3.3432747504618128
37,SHADOW_RSI_LONG_5X_RSI25,Scalp RSI Long 25 · prudente · 5x,rsi_extreme_reversal,IN OSSERVAZIONE,2,21,7,33.33333333333333,0.5807460519015479,-2.2469138294477142,9952.814809581596,-47.18519041840409,-0.4718519041840409,-47.185190418402,0,0,0.7071414738732548,7.290504756956385,-8.547204509494325,62.84577763207559,7,-4.603674651695438
38,SHADOW_BTC_ADAPTIVE_1H,Btc Adaptive 1H,combo_adaptive,IN OSSERVAZIONE,2,13,6,46.15384615384615,0.7654104750506227,-5.98204363229228,9922.23343278021,-77.76656721979089,-0.7776656721979088,-77.76656721979964,0,0,2.0575655090732283,51.891739891242565,-41.7293358410538,52.25370274082335,6,-4.656220466716741
39,SHADOW_RSI_SHORT_5X_RSI80,Scalp RSI Short 80 · prudente · 5x,rsi_extreme_reversal,IN OSSERVAZIONE,2,17,6,35.294117647058826,0.3919150413377419,-3.556083879894999,9939.546574041784,-60.45342595821603,-0.6045342595821603,-60.453425958214986,0,0,0.8872972627862515,5.738770354295523,-8.890988107619668,47.07388429824392,6,-5.545339316411991
40,SHADOW_BTC_DONCHIAN_1H,Btc Donchian 1H,donchian_breakout,IN OSSERVAZIONE,2,15,7,46.666666666666664,0.7427255809303362,-6.714576573248612,9899.281351401272,-100.71864859872767,-1.0071864859872766,-100.71864859872919,0,0,1.9771981014333873,48.918380241964954,-44.5718514384183,46.085340588969125,7,-5.697681920795579
41,SHADOW_RSI_LONG_15X_50_RSI25,Scalp RSI Long 25 · €50 · 15x,rsi_extreme_reversal,IN OSSERVAZIONE,2,21,8,38.095238095238095,0.33496225077763825,-3.130142803959166,9934.26700111684,-65.73299888316069,-0.6573299888316069,-65.73299888314249,0,0,0.7961736507564666,4.183379451131111,-6.55929627457707,71.02375801264324,8,-5.9651333545751095
42,SHADOW_DOGE_BOLLINGER_1H,Doge Bollinger 1H,bollinger_mean_reversion,IN OSSERVAZIONE,2,17,9,52.94117647058824,0.7135385876715967,-7.763481942457759,9868.02080697821,-131.9791930217907,-1.319791930217907,-131.9791930217819,0,0,2.0715431339695787,43.95707948109341,-36.4706039438242,49.014557254787405,9,-6.836065061346003
43,SHADOW_SOL_ADAPTIVE_1H,Sol Adaptive 1H,combo_adaptive,IN OSSERVAZIONE,2,28,13,46.42857142857143,0.955682772787284,-1.2260340702852217,9965.671046032001,-34.32895396799904,-0.34328953967999043,-34.32895396798621,0,0,4.589469113513058,54.30033333157179,-38.51251379254884,61.07579442817986,13,-7.617929678032449
44,SHADOW_ETH_BOLLINGER_1H,Eth Bollinger 1H,bollinger_mean_reversion,IN OSSERVAZIONE,2,12,6,50.0,0.6971420131440997,-10.986901523915426,9868.157181713012,-131.8428182869884,-1.318428182869884,-131.8428182869851,0,0,4.161840177362869,43.334239001095376,-47.86828916257027,72.36964444736817,6,-7.763281172568948
45,SHADOW_SOL_EMA_1H,Sol Ema 1H,ema_trend_following,IN OSSERVAZIONE,2,29,11,37.93103448275862,0.8212033326209947,-5.739157773432118,9833.564424570457,-166.43557542954295,-1.6643557542954297,-166.4355754295314,0,0,4.163650921678752,50.787838448239604,-41.78031836571098,69.74065955808754,11,-13.655028615699887
46,SHADOW_SOL_BOLLINGER_1H,Sol Bollinger 1H,bollinger_mean_reversion,IN OSSERVAZIONE,2,18,7,38.88888888888889,0.5695850212018324,-16.017487170478176,9711.685230931385,-288.3147690686146,-2.883147690686146,-288.3147690686072,0,0,3.263355751603949,37.04919058713786,-47.13976511259696,74.19519957267671,7,-14.590446003078934
47,SHADOW_GLOBAL_PURE,Global Confluence puro 1H,global_confluence_pure,IN OSSERVAZIONE,2,22,8,36.36363636363637,0.5403996263592569,-13.558674193239087,9719.710765678243,-280.28923432175725,-2.8028923432175725,-298.2908322512599,17.988041055435495,1,3.9327265625345227,44.97064603038511,-43.67835395194118,49.03563763547801,8,-17.273237588245074
48,SHADOW_ETH_DONCHIAN_1H,Eth Donchian 1H,donchian_breakout,IN OSSERVAZIONE,2,22,7,31.818181818181817,0.49559720189818574,-18.828104285774987,9585.781705712956,-414.21829428704405,-4.14218294287044,-414.21829428704973,0,0,4.364211346812959,44.71051731750012,-44.08155148278366,57.30792672247866,7,-22.947436358528087
49,SHADOW_ETH_ADAPTIVE_1H,Eth Adaptive 1H,combo_adaptive,IN OSSERVAZIONE,2,23,8,34.78260869565217,0.46979923853920263,-19.048034732695697,9561.895201147994,-438.10479885200584,-4.381047988520058,-438.104798852001,0,0,4.419147361441905,41.567415595681574,-47.490764544695644,50.128011886460506,8,-24.377291639261475
50,SHADOW_BTC_EMA_1H,Btc Ema 1H,ema_trend_following,IN OSSERVAZIONE,2,25,6,24.0,0.35313561020399126,-24.715592472352586,9382.11018819118,-617.88981180882,-6.178898118088201,-617.8898118088147,0,0,6.27846108994101,35.86639791294388,-45.99617634946484,60.39141366235419,6,-35.86049368170226
51,SHADOW_BTC_BOLLINGER_1H,Btc Bollinger 1H,bollinger_mean_reversion,PRELIMINARE,1,8,6,75.0,2.6858946316799877,24.205903464857343,10193.647227718857,193.6472277188568,1.936472277188568,193.64722771885874,0,0,0.8483947316646362,52.0152240304324,-31.454265301218502,77.294729495595,6,9.702271627083155
52,SHADOW_BTC_BOLLINGER_4H,Btc Bollinger 4H,bollinger_mean_reversion,PRELIMINARE,1,4,3,75.0,2.8635254266552645,25.470398270496204,10101.88159308199,101.8815930819892,1.018815930819892,101.88159308198482,0,0,0.9099810544846457,66.41760988861601,-31.583664856096775,64.1583215658099,3,5.752695714484011
53,SHADOW_RSI_SHORT_15X_50_RSI85,Scalp RSI Short 85 · €50 · 15x,rsi_extreme_reversal,PRELIMINARE,1,6,4,66.66666666666666,1.873489231793847,3.783741830438886,10022.70245098263,22.70245098262967,0.22702450982629668,22.702450982633316,0,0,0.31237214862525314,11.233612951057465,-7.025629822337829,50.177942022430315,4,3.133402367200688
54,SHADOW_RSI_SHORT_15X_10_RSI85,Scalp RSI Short 85 · €10 · 15x,rsi_extreme_reversal,PRELIMINARE,1,6,4,66.66666666666666,1.8734892317938474,0.7567483660877773,10004.540490196528,4.540490196528481,0.04540490196528481,4.5404901965266635,0,0,0.06250896533865642,2.2467225902114927,-1.4051259644675655,50.177942022430315,4,2.935513275770003
55,SHADOW_RSI_SHORT_5X_RSI85,Scalp RSI Short 85 · prudente · 5x,rsi_extreme_reversal,PRELIMINARE,1,6,4,66.66666666666666,0.8563708929655777,-0.5288767378557576,9996.826739572867,-3.1732604271328455,-0.03173260427132846,-3.1732604271345455,0,0,0.3016109157831003,9.643776024217189,-7.85751371659768,37.311201479329284,4,0.25922410825078673
56,SHADOW_SOL_DONCHIAN_4H,Sol Donchian 4H,donchian_breakout,PRELIMINARE,1,9,3,33.33333333333333,1.1486377390214857,4.4602095065673115,10040.141885559106,40.1418855591055,0.40141885559105506,40.1418855591058,0,0,2.2549609853742654,64.8603727011526,-38.05528158488169,78.55255289515016,3,-0.5777465803691292
57,SHADOW_SOL_BOLLINGER_4H,Sol Bollinger 4H,bollinger_mean_reversion,PRELIMINARE,1,5,2,40.0,0.8782998131437345,-3.8045989951663515,9980.97700502417,-19.022994975830443,-0.19022994975830443,-19.022994975831757,0,0,1.9567483289729606,50.84702803970647,-39.67351964277911,78.66838084820876,2,-1.6487741970770668
58,SHADOW_BTC_ADAPTIVE_4H,Btc Adaptive 4H,combo_adaptive,PRELIMINARE,1,4,1,25.0,0.7742035300058345,-8.790574389649787,9964.8377024414,-35.162297558599676,-0.35162297558599676,-35.16229755859915,0,0,1.0998716783097164,53.789160061519766,-45.75015659983072,81.12178995357719,1,-1.9105191416608305
59,SHADOW_RSI_LONG_15X_10_RSI15,Scalp RSI Long 15 · €10 · 15x,rsi_extreme_reversal,PRELIMINARE,1,5,1,20.0,0.05073262211058396,-1.3591023965715652,9993.204488017142,-6.795511982858443,-0.06795511982858443,-6.795511982857826,0,0,0.0686686572486295,0.5960975263350524,-1.4972908378645808,73.63926274365667,1,-2.6361998470912744
60,SHADOW_RSI_LONG_15X_50_RSI15,Scalp RSI Long 15 · €50 · 15x,rsi_extreme_reversal,PRELIMINARE,1,5,1,20.0,0.050732622110583936,-6.7955119828578265,9966.02244008571,-33.977559914290396,-0.33977559914290395,-33.97755991428913,0,0,0.3433334803280954,2.9804876316752615,-7.486454189322904,73.63926274365666,1,-3.3148601453688378
61,SHADOW_RSI_LONG_5X_RSI15,Scalp RSI Long 15 · prudente · 5x,rsi_extreme_reversal,PRELIMINARE,1,5,1,20.0,0.09325691750219023,-8.821379811034939,9955.893100944826,-44.106899055173926,-0.44106899055173926,-44.106899055174694,0,0,0.4465737893495649,3.4923487371381077,-10.595783911983508,48.201097184179204,1,-3.637278752253732
62,SHADOW_BTC_EMA_4H,Btc Ema 4H,ema_trend_following,PRELIMINARE,1,5,1,20.0,0.5821695950843568,-17.171143744083466,9914.144281279578,-85.85571872042237,-0.8585571872042237,-85.85571872041733,0,0,1.7584608771988148,62.31374968332123,-46.903903207596784,74.15375746044043,1,-4.067745157523286
63,SHADOW_ETH_EMA_4H,Eth Ema 4H,ema_trend_following,PRELIMINARE,1,8,2,25.0,0.47444183502083537,-20.657102017554735,9811.501160194126,-188.498839805874,-1.88498839805874,-165.25681614043788,-21.74200131497224,1,2.152756802823846,37.98445517655481,-40.495083588607464,70.13130910678278,2,-7.727698111558069
64,SHADOW_BTC_DONCHIAN_4H,Btc Donchian 4H,donchian_breakout,PRELIMINARE,1,7,1,14.285714285714285,0.41134980731498194,-27.30076249784638,9808.894662515073,-191.10533748492708,-1.9110533748492708,-191.10533748492466,0,0,2.4285628109256,50.59247742803584,-50.44519061438192,83.35156035138111,1,-8.045709464615596
