trade_id,portfolio,asset,side,closed_at,actual_net_pnl_eur,mfe_net_eur,mae_net_eur,reached_50_eur,closed_loss_after_reaching_50,tp_25,tp_50,tp_75,tp_100,tp_150,tp_200,sl_50,tp50_sl50,breakeven_after_50,lock20_after_50,lock30_after_50,partial50_after_50,trailing20_after_50
1acbb7031abcfc19ea31,SHADOW_1H_BALANCED,ZEC,LONG,2026-07-12T16:28:26+00:00,29.73035933484665,0.0,0.0,False,False,29.73035933484665,29.73035933484665,29.73035933484665,29.73035933484665,29.73035933484665,29.73035933484665,29.73035933484665,29.73035933484665,29.73035933484665,29.73035933484665,29.73035933484665,29.73035933484665,29.73035933484665
a6eabeeba598a34124bf,SHADOW_1H_FAST,ZEC,LONG,2026-07-12T16:28:26+00:00,45.620888011163274,0.0,0.0,False,False,45.620888011163274,45.620888011163274,45.620888011163274,45.620888011163274,45.620888011163274,45.620888011163274,45.620888011163274,45.620888011163274,45.620888011163274,45.620888011163274,45.620888011163274,45.620888011163274,45.620888011163274
3201724a8260217f36a8,SHADOW_RELATIVE_STRENGTH,ZEC,LONG,2026-07-12T16:28:26+00:00,26.854088660940796,0.0,0.0,False,False,26.854088660940796,26.854088660940796,26.854088660940796,26.854088660940796,26.854088660940796,26.854088660940796,26.854088660940796,26.854088660940796,26.854088660940796,26.854088660940796,26.854088660940796,26.854088660940796,26.854088660940796
a1c59c52f8778d629a97,SHADOW_1H_FAST,T,LONG,2026-07-12T23:30:44+00:00,-0.5470105041478113,0.0,0.0,False,False,-0.5470105041478113,-0.5470105041478113,-0.5470105041478113,-0.5470105041478113,-0.5470105041478113,-0.5470105041478113,-0.5470105041478113,-0.5470105041478113,-0.5470105041478113,-0.5470105041478113,-0.5470105041478113,-0.5470105041478113,-0.5470105041478113
8716ff46f5ea6550e7ec,SHADOW_1H_FAST,ZEC,LONG,2026-07-13T01:07:33+00:00,-53.652171328260735,0.0,0.0,False,False,-53.652171328260735,-53.652171328260735,-53.652171328260735,-53.652171328260735,-53.652171328260735,-53.652171328260735,-53.652171328260735,-53.652171328260735,-53.652171328260735,-53.652171328260735,-53.652171328260735,-53.652171328260735,-53.652171328260735
bc8adec0cbeb37d5de80,SHADOW_1H_BALANCED,ZEC,LONG,2026-07-13T04:49:53+00:00,-52.59273570794037,0.0,0.0,False,False,-52.59273570794037,-52.59273570794037,-52.59273570794037,-52.59273570794037,-52.59273570794037,-52.59273570794037,-52.59273570794037,-52.59273570794037,-52.59273570794037,-52.59273570794037,-52.59273570794037,-52.59273570794037,-52.59273570794037
b346dbaa6a455d3e074b,SHADOW_RELATIVE_STRENGTH,ZEC,LONG,2026-07-13T04:49:53+00:00,-52.57768860125632,0.0,0.0,False,False,-52.57768860125632,-52.57768860125632,-52.57768860125632,-52.57768860125632,-52.57768860125632,-52.57768860125632,-52.57768860125632,-52.57768860125632,-52.57768860125632,-52.57768860125632,-52.57768860125632,-52.57768860125632,-52.57768860125632
2a36000dc68dbaf43e4e,SHADOW_1H_BALANCED,LAB,SHORT,2026-07-13T07:47:52+00:00,99.63615676375981,0.0,0.0,False,False,99.63615676375981,99.63615676375981,99.63615676375981,99.63615676375981,99.63615676375981,99.63615676375981,99.63615676375981,99.63615676375981,99.63615676375981,99.63615676375981,99.63615676375981,99.63615676375981,99.63615676375981
cf5f91d36d4be093b4ad,SHADOW_1H_FAST,T,LONG,2026-07-13T07:47:52+00:00,-51.291743392216915,0.0,0.0,False,False,-51.291743392216915,-51.291743392216915,-51.291743392216915,-51.291743392216915,-51.291743392216915,-51.291743392216915,-51.291743392216915,-51.291743392216915,-51.291743392216915,-51.291743392216915,-51.291743392216915,-51.291743392216915,-51.291743392216915
e47b5c28da6096f2797a,SHADOW_1H_FAST,LAB,SHORT,2026-07-13T07:47:52+00:00,74.61769905661585,0.0,0.0,False,False,74.61769905661585,74.61769905661585,74.61769905661585,74.61769905661585,74.61769905661585,74.61769905661585,74.61769905661585,74.61769905661585,74.61769905661585,74.61769905661585,74.61769905661585,74.61769905661585,74.61769905661585
07c8c7bca0c7f3f12949,SHADOW_RELATIVE_STRENGTH,LAB,SHORT,2026-07-13T08:02:23+00:00,109.63996894148181,0.0,0.0,False,False,109.63996894148181,109.63996894148181,109.63996894148181,109.63996894148181,109.63996894148181,109.63996894148181,109.63996894148181,109.63996894148181,109.63996894148181,109.63996894148181,109.63996894148181,109.63996894148181,109.63996894148181
d65db6aeadf7c58e18c9,SHADOW_1H_BALANCED,EVAA,SHORT,2026-07-13T10:15:55+00:00,-0.584951183060453,0.0,0.0,False,False,-0.584951183060453,-0.584951183060453,-0.584951183060453,-0.584951183060453,-0.584951183060453,-0.584951183060453,-0.584951183060453,-0.584951183060453,-0.584951183060453,-0.584951183060453,-0.584951183060453,-0.584951183060453,-0.584951183060453
f27a1a40ceaa2074bb94,SHADOW_1H_FAST,EVAA,SHORT,2026-07-13T10:15:55+00:00,-0.5841274595138468,0.0,0.0,False,False,-0.5841274595138468,-0.5841274595138468,-0.5841274595138468,-0.5841274595138468,-0.5841274595138468,-0.5841274595138468,-0.5841274595138468,-0.5841274595138468,-0.5841274595138468,-0.5841274595138468,-0.5841274595138468,-0.5841274595138468,-0.5841274595138468
1efedbc2d980b54bd626,MAIN,EVAA,SHORT,2026-07-13T11:23:10+00:00,99.42238602281175,0.0,0.0,False,False,99.42238602281175,99.42238602281175,99.42238602281175,99.42238602281175,99.42238602281175,99.42238602281175,99.42238602281175,99.42238602281175,99.42238602281175,99.42238602281175,99.42238602281175,99.42238602281175,99.42238602281175
57b1aa287600ce7066c2,SHADOW_RELATIVE_STRENGTH,EVAA,SHORT,2026-07-13T11:23:10+00:00,109.88079979832295,0.0,0.0,False,False,109.88079979832295,109.88079979832295,109.88079979832295,109.88079979832295,109.88079979832295,109.88079979832295,109.88079979832295,109.88079979832295,109.88079979832295,109.88079979832295,109.88079979832295,109.88079979832295,109.88079979832295
f95c258e602a9d1e5794,SHADOW_1H_FAST,HYPE,SHORT,2026-07-13T13:40:28+00:00,69.99330307799605,0.0,0.0,False,False,69.99330307799605,69.99330307799605,69.99330307799605,69.99330307799605,69.99330307799605,69.99330307799605,69.99330307799605,69.99330307799605,69.99330307799605,69.99330307799605,69.99330307799605,69.99330307799605,69.99330307799605
6f173cf7ba2fd4bd1a2f,MAIN,LAB,SHORT,2026-07-13T18:11:31+00:00,99.49040720812864,0.0,0.0,False,False,99.49040720812864,99.49040720812864,99.49040720812864,99.49040720812864,99.49040720812864,99.49040720812864,99.49040720812864,99.49040720812864,99.49040720812864,99.49040720812864,99.49040720812864,99.49040720812864,99.49040720812864
3fa6f4b909ccfd396c30,SHADOW_1H_BALANCED,EVAA,SHORT,2026-07-13T18:11:31+00:00,-50.980421311467744,0.0,0.0,False,False,-50.980421311467744,-50.980421311467744,-50.980421311467744,-50.980421311467744,-50.980421311467744,-50.980421311467744,-50.980421311467744,-50.980421311467744,-50.980421311467744,-50.980421311467744,-50.980421311467744,-50.980421311467744,-50.980421311467744
cf630001293cd79133e3,SHADOW_1H_BALANCED,LAB,SHORT,2026-07-13T18:11:31+00:00,99.7882428175441,0.0,0.0,False,False,99.7882428175441,99.7882428175441,99.7882428175441,99.7882428175441,99.7882428175441,99.7882428175441,99.7882428175441,99.7882428175441,99.7882428175441,99.7882428175441,99.7882428175441,99.7882428175441,99.7882428175441
5483d7e0dd621076f234,SHADOW_1H_FAST,EVAA,SHORT,2026-07-13T18:11:31+00:00,-50.7348692034777,0.0,0.0,False,False,-50.7348692034777,-50.7348692034777,-50.7348692034777,-50.7348692034777,-50.7348692034777,-50.7348692034777,-50.7348692034777,-50.7348692034777,-50.7348692034777,-50.7348692034777,-50.7348692034777,-50.7348692034777,-50.7348692034777
b39f83c37bb0ce4c9970,SHADOW_1H_FAST,LAB,SHORT,2026-07-13T18:11:31+00:00,74.59496978062639,0.0,0.0,False,False,74.59496978062639,74.59496978062639,74.59496978062639,74.59496978062639,74.59496978062639,74.59496978062639,74.59496978062639,74.59496978062639,74.59496978062639,74.59496978062639,74.59496978062639,74.59496978062639,74.59496978062639
4fdb348072d33a605c16,SHADOW_4H_WIDE,LAB,SHORT,2026-07-13T18:11:31+00:00,139.52028347007771,0.0,0.0,False,False,139.52028347007771,139.52028347007771,139.52028347007771,139.52028347007771,139.52028347007771,139.52028347007771,139.52028347007771,139.52028347007771,139.52028347007771,139.52028347007771,139.52028347007771,139.52028347007771,139.52028347007771
12c93e6e4ce89c5f3131,SHADOW_RELATIVE_STRENGTH,EVAA,SHORT,2026-07-13T18:11:31+00:00,-51.46707219522266,0.0,0.0,False,False,-51.46707219522266,-51.46707219522266,-51.46707219522266,-51.46707219522266,-51.46707219522266,-51.46707219522266,-51.46707219522266,-51.46707219522266,-51.46707219522266,-51.46707219522266,-51.46707219522266,-51.46707219522266,-51.46707219522266
bdbb23a92ab1b983487a,MAIN,ZEC,LONG,2026-07-13T21:06:38+00:00,-51.20767235771928,0.0,0.0,False,False,-51.20767235771928,-51.20767235771928,-51.20767235771928,-51.20767235771928,-51.20767235771928,-51.20767235771928,-51.20767235771928,-51.20767235771928,-51.20767235771928,-51.20767235771928,-51.20767235771928,-51.20767235771928,-51.20767235771928
4e2f47375796effc98b7,MAIN,ALLO,LONG,2026-07-14T03:20:27+00:00,-51.50807710745239,0.0,0.0,False,False,-51.50807710745239,-51.50807710745239,-51.50807710745239,-51.50807710745239,-51.50807710745239,-51.50807710745239,-51.50807710745239,-51.50807710745239,-51.50807710745239,-51.50807710745239,-51.50807710745239,-51.50807710745239,-51.50807710745239
13ef65ed76ec25b1fdba,SHADOW_4H_WIDE,ALLO,LONG,2026-07-14T03:20:27+00:00,-51.44601238596275,0.0,0.0,False,False,-51.44601238596275,-51.44601238596275,-51.44601238596275,-51.44601238596275,-51.44601238596275,-51.44601238596275,-51.44601238596275,-51.44601238596275,-51.44601238596275,-51.44601238596275,-51.44601238596275,-51.44601238596275,-51.44601238596275
7b06d88b617b1cad6908,SHADOW_1H_FAST,VELVET,LONG,2026-07-14T05:35:47+00:00,15.271896683558628,0.0,0.0,False,False,15.271896683558628,15.271896683558628,15.271896683558628,15.271896683558628,15.271896683558628,15.271896683558628,15.271896683558628,15.271896683558628,15.271896683558628,15.271896683558628,15.271896683558628,15.271896683558628,15.271896683558628
d39e16beb2f62a2730f2,SHADOW_1H_FAST,HYPE,SHORT,2026-07-14T05:35:47+00:00,14.589416578847466,0.0,0.0,False,False,14.589416578847466,14.589416578847466,14.589416578847466,14.589416578847466,14.589416578847466,14.589416578847466,14.589416578847466,14.589416578847466,14.589416578847466,14.589416578847466,14.589416578847466,14.589416578847466,14.589416578847466
164a0ebef7ad320cd1fe,MAIN,EVAA,SHORT,2026-07-14T11:10:12+00:00,-51.66965192520616,46.86593695918749,-118.82904509575765,False,False,-51.66965192520616,-51.66965192520616,-51.66965192520616,-51.66965192520616,-51.66965192520616,-51.66965192520616,-51.66965192520616,-51.66965192520616,-51.66965192520616,-51.66965192520616,-51.66965192520616,-51.66965192520616,-51.66965192520616
9ebf6e808dac5e458ae4,SHADOW_1H_BALANCED,VELVET,LONG,2026-07-14T11:10:12+00:00,4.938994282159467,73.64436125262884,-83.79449453841097,True,False,4.938994282159467,4.938994282159467,4.938994282159467,4.938994282159467,4.938994282159467,4.938994282159467,4.938994282159467,4.938994282159467,4.938994282159467,4.938994282159467,4.938994282159467,4.938994282159467,4.938994282159467
bb6359c92ac3a7068aeb,SHADOW_1H_FAST,SOL,SHORT,2026-07-14T11:10:12+00:00,-57.06432654000651,-2.6531086956734518,-61.0245193491427,False,False,-57.06432654000651,-57.06432654000651,-57.06432654000651,-57.06432654000651,-57.06432654000651,-57.06432654000651,-57.06432654000651,-57.06432654000651,-57.06432654000651,-57.06432654000651,-57.06432654000651,-57.06432654000651,-57.06432654000651
e11fc195fc74f5b9891b,SHADOW_4H_WIDE,EVAA,SHORT,2026-07-14T11:10:12+00:00,-0.9995451445615515,78.80983197160417,-69.66769875430869,True,True,-0.9995451445615515,-0.9995451445615515,-0.9995451445615515,-0.9995451445615515,-0.9995451445615515,-0.9995451445615515,-0.9995451445615515,-0.9995451445615515,-0.9995451445615515,-0.9995451445615515,-0.9995451445615515,-0.9995451445615515,-0.9995451445615515
bfabbdd1a7e2c73fab2a,SHADOW_RELATIVE_STRENGTH,VELVET,LONG,2026-07-14T11:10:12+00:00,0.3563479454586885,73.18486387422382,-92.4664887804801,True,False,0.3563479454586885,0.3563479454586885,0.3563479454586885,0.3563479454586885,0.3563479454586885,0.3563479454586885,0.3563479454586885,0.3563479454586885,0.3563479454586885,0.3563479454586885,0.3563479454586885,0.3563479454586885,0.3563479454586885
2a92081bb4c17ef527bc,SHADOW_1H_FAST,LAB,SHORT,2026-07-14T12:33:59+00:00,-51.02410082053492,4.359452119087308,-60.61315941074532,False,False,-51.02410082053492,-51.02410082053492,-51.02410082053492,-51.02410082053492,-51.02410082053492,-51.02410082053492,-51.02410082053492,-51.02410082053492,-51.02410082053492,-51.02410082053492,-51.02410082053492,-51.02410082053492,-51.02410082053492
a8db4f1685f5a7ddc5ed,SHADOW_EMA_TREND_1H,LAB,SHORT,2026-07-14T12:33:59+00:00,-50.62338933333337,4.325215699161601,-60.13714143373299,False,False,-50.62338933333337,-50.62338933333337,-50.62338933333337,-50.62338933333337,-50.62338933333337,-50.62338933333337,-50.62338933333337,-50.62338933333337,-50.62338933333337,-50.62338933333337,-50.62338933333337,-50.62338933333337,-50.62338933333337
c26606abb287f4a6c3f4,SHADOW_SCANNER_BOTTOM5_SHORT,LAB,SHORT,2026-07-14T12:33:59+00:00,-50.62338933333337,4.325215699161601,-60.13714143373299,False,False,-50.62338933333337,-50.62338933333337,-50.62338933333337,-50.62338933333337,-50.62338933333337,-50.62338933333337,-50.62338933333337,-50.62338933333337,-50.62338933333337,-50.62338933333337,-50.62338933333337,-50.62338933333337,-50.62338933333337
3dd8b9eca35fde2b16e0,SHADOW_1H_BALANCED,SOL,SHORT,2026-07-14T14:14:01+00:00,-55.49059764870979,-2.06223484645012,-123.4768025417241,False,False,-55.49059764870979,-55.49059764870979,-55.49059764870979,-55.49059764870979,-55.49059764870979,-55.49059764870979,-55.49059764870979,-55.49059764870979,-55.49059764870979,-55.49059764870979,-55.49059764870979,-55.49059764870979,-55.49059764870979
cd7708e759891fba004e,SHADOW_1H_FAST,ETH,LONG,2026-07-14T14:14:01+00:00,69.23195957682604,190.7406740347255,-10.30442223928488,True,False,69.23195957682604,69.23195957682604,69.23195957682604,69.23195957682604,69.23195957682604,69.23195957682604,69.23195957682604,69.23195957682604,69.23195957682604,69.23195957682604,69.23195957682604,69.23195957682604,69.23195957682604
a7db992b0f27fc958094,SHADOW_RELATIVE_STRENGTH,HYPE,SHORT,2026-07-14T14:14:01+00:00,-54.28773649876553,-1.6419292015636116,-76.62094833217866,False,False,-54.28773649876553,-54.28773649876553,-54.28773649876553,-54.28773649876553,-54.28773649876553,-54.28773649876553,-54.28773649876553,-54.28773649876553,-54.28773649876553,-54.28773649876553,-54.28773649876553,-54.28773649876553,-54.28773649876553
7bdaf685acdb91b6d69b,MAIN,DOGE,SHORT,2026-07-14T16:00:54+00:00,-51.89942744353072,5.40271351471783,-63.24295210973638,False,False,-51.89942744353072,-51.89942744353072,-51.89942744353072,-51.89942744353072,-51.89942744353072,-51.89942744353072,-51.89942744353072,-51.89942744353072,-51.89942744353072,-51.89942744353072,-51.89942744353072,-51.89942744353072,-51.89942744353072
5b524a3b6c688db3a4c1,SHADOW_1H_FAST,PEPE,LONG,2026-07-14T17:23:05+00:00,-54.54275331487344,26.804933841078793,-60.911123982119015,False,False,-54.54275331487344,-54.54275331487344,-54.54275331487344,-54.54275331487344,-54.54275331487344,-54.54275331487344,-54.54275331487344,-54.54275331487344,-54.54275331487344,-54.54275331487344,-54.54275331487344,-54.54275331487344,-54.54275331487344
9bc888cb9be9ef40bccf,SHADOW_SCANNER_TOP5_BTC,ZEC,LONG,2026-07-14T19:58:20+00:00,30.639904902828384,75.67434277797598,-25.732492767275446,True,False,30.639904902828384,30.639904902828384,30.639904902828384,30.639904902828384,30.639904902828384,30.639904902828384,30.639904902828384,30.639904902828384,30.639904902828384,30.639904902828384,30.639904902828384,30.639904902828384,30.639904902828384
2e49c7b566123cad51b2,SHADOW_SCANNER_TOP5_LONG,ZEC,LONG,2026-07-14T19:58:20+00:00,30.639904902828384,75.67434277797598,-25.732492767275446,True,False,30.639904902828384,30.639904902828384,30.639904902828384,30.639904902828384,30.639904902828384,30.639904902828384,30.639904902828384,30.639904902828384,30.639904902828384,30.639904902828384,30.639904902828384,30.639904902828384,30.639904902828384
669d2ad49b118d40c540,SHADOW_BOLLINGER_MR_1H,ETH,SHORT,2026-07-15T00:07:50+00:00,-54.958034013161864,6.153924220428491,-57.93536231830855,False,False,-54.958034013161864,-54.958034013161864,-54.958034013161864,-54.958034013161864,-54.958034013161864,-54.958034013161864,-54.958034013161864,-54.958034013161864,-54.958034013161864,-54.958034013161864,-54.958034013161864,-54.958034013161864,-54.958034013161864
df9c8721986799e23937,SHADOW_DONCHIAN_1H,ZEC,LONG,2026-07-15T00:07:50+00:00,122.29193030068521,132.5319492782926,-23.33729556142322,True,False,122.29193030068521,122.29193030068521,122.29193030068521,122.29193030068521,122.29193030068521,122.29193030068521,122.29193030068521,122.29193030068521,122.29193030068521,122.29193030068521,122.29193030068521,122.29193030068521,122.29193030068521
1f35572e0ce2402a089f,SHADOW_RSI_SHORT_15X_10_RSI75,ZEC,SHORT,2026-07-15T00:07:50+00:00,-2.8882582003318933,-0.09,-4.167379866638848,False,False,-2.8882582003318933,-2.8882582003318933,-2.8882582003318933,-2.8882582003318933,-2.8882582003318933,-2.8882582003318933,-2.8882582003318933,-2.8882582003318933,-2.8882582003318933,-2.8882582003318933,-2.8882582003318933,-2.8882582003318933,-2.8882582003318933
8d6eb5d6bbe07ed5902e,SHADOW_RSI_SHORT_15X_50_RSI75,ZEC,SHORT,2026-07-15T00:07:50+00:00,-14.441291001659465,-0.44999999999999996,-20.836899333194243,False,False,-14.441291001659465,-14.441291001659465,-14.441291001659465,-14.441291001659465,-14.441291001659465,-14.441291001659465,-14.441291001659465,-14.441291001659465,-14.441291001659465,-14.441291001659465,-14.441291001659465,-14.441291001659465,-14.441291001659465
bc9e8feaa339def081aa,SHADOW_RSI_SHORT_5X_RSI75,ZEC,SHORT,2026-07-15T00:07:50+00:00,-10.792792794033002,-0.33631042797744026,-15.572592294376431,False,False,-10.792792794033002,-10.792792794033002,-10.792792794033002,-10.792792794033002,-10.792792794033002,-10.792792794033002,-10.792792794033002,-10.792792794033002,-10.792792794033002,-10.792792794033002,-10.792792794033002,-10.792792794033002,-10.792792794033002
433b35e89db04d70e147,SHADOW_SCANNER_TOP5_LONG,ZEC,LONG,2026-07-15T00:07:50+00:00,97.87729222665574,101.28811898614387,-2.1364259500741967,True,False,97.87729222665574,97.87729222665574,97.87729222665574,97.87729222665574,97.87729222665574,97.87729222665574,97.87729222665574,97.87729222665574,97.87729222665574,97.87729222665574,97.87729222665574,97.87729222665574,97.87729222665574
a222c578dd24b344eb83,MAIN,HYPE,SHORT,2026-07-15T03:39:33+00:00,-52.08210331051277,3.0317669486741132,-72.25290038990653,False,False,-52.08210331051277,-52.08210331051277,-52.08210331051277,-52.08210331051277,-52.08210331051277,-52.08210331051277,-52.08210331051277,-52.08210331051277,-52.08210331051277,-52.08210331051277,-52.08210331051277,-52.08210331051277,-52.08210331051277
defa5d02861ea544128e,SHADOW_1H_FAST,LAB,SHORT,2026-07-15T06:01:30+00:00,74.79468110187815,76.31277218229589,-0.5020650488924514,True,False,74.79468110187815,74.79468110187815,74.79468110187815,74.79468110187815,74.79468110187815,74.79468110187815,74.79468110187815,74.79468110187815,74.79468110187815,74.79468110187815,74.79468110187815,74.79468110187815,74.79468110187815
fbfaf07756068cfc9625,SHADOW_1H_FAST,PEPE,LONG,2026-07-15T08:29:20+00:00,-54.31064464685999,20.048501232670013,-57.78569491149114,False,False,-54.31064464685999,-54.31064464685999,-54.31064464685999,-54.31064464685999,-54.31064464685999,-54.31064464685999,-54.31064464685999,-54.31064464685999,-54.31064464685999,-54.31064464685999,-54.31064464685999,-54.31064464685999,-54.31064464685999
28077918a2508a267a70,SHADOW_BOLLINGER_MR_1H,PEPE,SHORT,2026-07-15T08:29:20+00:00,71.51400344291118,92.61490021146116,-32.4242363736063,True,False,71.51400344291118,71.51400344291118,71.51400344291118,71.51400344291118,71.51400344291118,71.51400344291118,71.51400344291118,71.51400344291118,71.51400344291118,71.51400344291118,71.51400344291118,71.51400344291118,71.51400344291118
16b6ad42e069537f2e4e,SHADOW_SCANNER_TOP5_BTC,ZEC,LONG,2026-07-15T11:05:46+00:00,107.73621606232867,109.66485935350259,-2.314461445913713,True,False,107.73621606232867,107.73621606232867,107.73621606232867,107.73621606232867,107.73621606232867,107.73621606232867,107.73621606232867,107.73621606232867,107.73621606232867,107.73621606232867,107.73621606232867,107.73621606232867,107.73621606232867
8a50b04871dcf40f1139,SHADOW_SCANNER_TOP5_LONG,ETH,LONG,2026-07-15T14:02:37+00:00,95.22181958180599,104.39989117403516,-13.910098787721868,True,False,25.0,50.0,75.0,95.22181958180599,95.22181958180599,95.22181958180599,95.22181958180599,50.0,95.22181958180599,95.22181958180599,95.22181958180599,72.610909790903,95.22181958180599
92f9892a90c6324535ba,MAIN,LAB,SHORT,2026-07-15T15:40:23+00:00,-0.5813197740880516,64.88662705432552,-24.579907498207863,True,True,-0.5813197740880516,-0.5813197740880516,-0.5813197740880516,-0.5813197740880516,-0.5813197740880516,-0.5813197740880516,-0.5813197740880516,-0.5813197740880516,-0.5813197740880516,-0.5813197740880516,-0.5813197740880516,24.709340112955974,-0.5813197740880516
a845c15ac293321659c3,SHADOW_1H_FAST,AAVE,LONG,2026-07-15T15:40:23+00:00,-4.974564950068498,0.0,0.0,False,False,-4.974564950068498,-4.974564950068498,-4.974564950068498,-4.974564950068498,-4.974564950068498,-4.974564950068498,-4.974564950068498,-4.974564950068498,-4.974564950068498,-4.974564950068498,-4.974564950068498,-4.974564950068498,-4.974564950068498
20412017df732aab1311,SHADOW_COMBO_ADAPTIVE,ZEC,LONG,2026-07-15T15:40:23+00:00,15.122917278666865,48.8922205926981,-2.3822484375428057,True,False,25.0,50.0,15.122917278666865,15.122917278666865,15.122917278666865,15.122917278666865,15.122917278666865,50.0,15.122917278666865,20.0,30.0,32.56145863933343,15.122917278666865
1b86719cea351d2bb0fc,SHADOW_SCANNER_BOTTOM5_SHORT,LAB,SHORT,2026-07-15T15:40:23+00:00,99.15736729467207,116.15419963896707,-0.49744933536645725,True,False,25.0,50.0,75.0,99.15736729467207,99.15736729467207,99.15736729467207,99.15736729467207,50.0,99.15736729467207,99.15736729467207,99.15736729467207,74.57868364733604,46.65706464280566
8b571a64b2ad98a41c91,SHADOW_COMBO_MEAN_REVERSION,PEPE,SHORT,2026-07-15T16:57:25+00:00,76.45575690860952,125.07344854022703,-3.0925141057299648,True,False,25.0,50.0,75.0,76.45575690860952,76.45575690860952,76.45575690860952,76.45575690860952,50.0,76.45575690860952,76.45575690860952,76.45575690860952,63.22787845430476,76.45575690860952
9c0c68783b638b5ad249,SHADOW_DONCHIAN_1H,ETH,LONG,2026-07-15T16:57:25+00:00,55.26696702499383,93.95990205663163,-12.792086200816545,True,False,25.0,50.0,75.0,55.26696702499383,55.26696702499383,55.26696702499383,55.26696702499383,50.0,55.26696702499383,55.26696702499383,55.26696702499383,52.633483512496916,55.26696702499383
0785d0383d06d2c31f20,SHADOW_RSI_SHORT_15X_10_RSI75,XRP,SHORT,2026-07-15T16:57:25+00:00,0.8980324243790634,1.9732193085109435,-0.3743685136977588,False,False,0.8980324243790634,0.8980324243790634,0.8980324243790634,0.8980324243790634,0.8980324243790634,0.8980324243790634,0.8980324243790634,0.8980324243790634,0.8980324243790634,0.8980324243790634,0.8980324243790634,0.8980324243790634,0.8980324243790634
2b5eaf0fbc87d3e64220,SHADOW_RSI_SHORT_15X_50_RSI75,XRP,SHORT,2026-07-15T16:57:25+00:00,4.490162121895316,9.866096542554718,-1.8718425684887943,False,False,4.490162121895316,4.490162121895316,4.490162121895316,4.490162121895316,4.490162121895316,4.490162121895316,4.490162121895316,4.490162121895316,4.490162121895316,4.490162121895316,4.490162121895316,4.490162121895316,4.490162121895316
4cf304eb461b1e141e4d,SHADOW_RSI_SHORT_5X_RSI75,XRP,SHORT,2026-07-15T16:57:25+00:00,7.592574817718405,17.58718267484821,-3.336723601738151,False,False,7.592574817718405,7.592574817718405,7.592574817718405,7.592574817718405,7.592574817718405,7.592574817718405,7.592574817718405,7.592574817718405,7.592574817718405,7.592574817718405,7.592574817718405,7.592574817718405,7.592574817718405
012411d1504e8e817bb2,SHADOW_SCANNER_TOP5_BTC,ETH,LONG,2026-07-15T16:57:25+00:00,67.16483675323147,104.39989117403516,-14.213429112018384,True,False,25.0,50.0,75.0,100.0,67.16483675323147,67.16483675323147,67.16483675323147,50.0,67.16483675323147,67.16483675323147,67.16483675323147,58.582418376615735,67.16483675323147
b1171c793f427369397d,SHADOW_SCANNER_TOP5_LONG,ZEC,LONG,2026-07-15T16:57:25+00:00,37.84535386609924,76.00039379269997,-16.80015275771214,True,False,25.0,50.0,75.0,37.84535386609924,37.84535386609924,37.84535386609924,37.84535386609924,50.0,37.84535386609924,37.84535386609924,37.84535386609924,43.922676933049615,53.44402631363955
bd6c8facf09904a981df,SHADOW_BOLLINGER_MR_1H,ETH,SHORT,2026-07-15T18:14:36+00:00,-5.460863928648916,44.44582471861043,-17.20380707265383,False,False,-5.460863928648916,-5.460863928648916,-5.460863928648916,-5.460863928648916,-5.460863928648916,-5.460863928648916,-5.460863928648916,-5.460863928648916,-5.460863928648916,-5.460863928648916,-5.460863928648916,-5.460863928648916,-5.460863928648916
5cb57749693880256008,SHADOW_1H_FAST,HYPE,LONG,2026-07-15T19:38:43+00:00,-55.1741079166269,29.7016582921324,-55.520935640272945,False,False,-55.1741079166269,-55.1741079166269,-55.1741079166269,-55.1741079166269,-55.1741079166269,-55.1741079166269,-50.0,-50.0,-55.1741079166269,-55.1741079166269,-55.1741079166269,-55.1741079166269,-55.1741079166269
26aeab6c69c2795aa9fd,SHADOW_1H_FAST,LAB,SHORT,2026-07-15T20:44:06+00:00,-0.4050371557507997,69.77783490653684,-19.701083611225467,True,True,25.0,-0.4050371557507997,-0.4050371557507997,-0.4050371557507997,-0.4050371557507997,-0.4050371557507997,-0.4050371557507997,-0.4050371557507997,-0.4050371557507997,-0.4050371557507997,-0.4050371557507997,24.7974814221246,-0.4050371557507997
bc6344c9fdefa0fcac24,SHADOW_COMBO_ADAPTIVE,LAB,SHORT,2026-07-15T20:44:06+00:00,-0.40248607158869604,69.33834651153767,-19.576998396663573,True,True,25.0,-0.40248607158869604,-0.40248607158869604,-0.40248607158869604,-0.40248607158869604,-0.40248607158869604,-0.40248607158869604,-0.40248607158869604,-0.40248607158869604,-0.40248607158869604,-0.40248607158869604,24.79875696420565,-0.40248607158869604
5cc913c842c4478b4208,SHADOW_COMBO_TREND,LAB,SHORT,2026-07-15T20:44:06+00:00,-0.40249246443667863,69.33944784035351,-19.577309345994596,True,True,25.0,-0.40249246443667863,-0.40249246443667863,-0.40249246443667863,-0.40249246443667863,-0.40249246443667863,-0.40249246443667863,-0.40249246443667863,-0.40249246443667863,-0.40249246443667863,-0.40249246443667863,24.798753767781662,-0.40249246443667863
8e1c2f6608f95d1edbb1,SHADOW_COMBO_ADAPTIVE,HYPE,LONG,2026-07-16T01:10:09+00:00,-53.74300060147809,22.95578529331104,-63.527971470640615,False,False,-53.74300060147809,-53.74300060147809,-53.74300060147809,-53.74300060147809,-53.74300060147809,-53.74300060147809,-50.0,-50.0,-53.74300060147809,-53.74300060147809,-53.74300060147809,-53.74300060147809,-53.74300060147809
8cb0edeb25530168604f,SHADOW_COMBO_SCANNER,HYPE,LONG,2026-07-16T01:10:09+00:00,-53.74479218414345,22.95655054993127,-63.53008924618681,False,False,-53.74479218414345,-53.74479218414345,-53.74479218414345,-53.74479218414345,-53.74479218414345,-53.74479218414345,-50.0,-50.0,-53.74479218414345,-53.74479218414345,-53.74479218414345,-53.74479218414345,-53.74479218414345
d3b9aed573d07183f418,SHADOW_COMBO_TREND,HYPE,LONG,2026-07-16T01:10:09+00:00,-53.36458863725277,20.660533837261095,-57.17607946804488,False,False,-53.36458863725277,-53.36458863725277,-53.36458863725277,-53.36458863725277,-53.36458863725277,-53.36458863725277,-50.0,-50.0,-53.36458863725277,-53.36458863725277,-53.36458863725277,-53.36458863725277,-53.36458863725277
5a66fa9bd1a48c4e7d90,SHADOW_DONCHIAN_1H,HYPE,LONG,2026-07-16T01:10:09+00:00,-54.29806144759108,21.021935416035646,-58.17622426346273,False,False,-54.29806144759108,-54.29806144759108,-54.29806144759108,-54.29806144759108,-54.29806144759108,-54.29806144759108,-50.0,-50.0,-54.29806144759108,-54.29806144759108,-54.29806144759108,-54.29806144759108,-54.29806144759108
ac6f2409c8bfb34d756c,SHADOW_COMBO_ADAPTIVE,AKE,LONG,2026-07-16T04:25:04+00:00,99.77702557211454,100.21813175569145,-16.23510687294521,True,False,25.0,50.0,75.0,99.77702557211454,99.77702557211454,99.77702557211454,99.77702557211454,50.0,99.77702557211454,99.77702557211454,99.77702557211454,74.88851278605728,99.77702557211454
b3e8df625e041b550c1d,SHADOW_SCANNER_TOP5_LONG,AKE,LONG,2026-07-16T04:25:04+00:00,101.90222219614208,102.35272370260819,-16.580905859428047,True,False,25.0,50.0,75.0,100.0,101.90222219614208,101.90222219614208,101.90222219614208,50.0,101.90222219614208,101.90222219614208,101.90222219614208,75.95111109807104,101.90222219614208
23ee3b15f0262bd2ad07,SHADOW_1H_FAST,AKE,LONG,2026-07-16T07:03:56+00:00,74.25184060745059,88.12766267461282,-0.49929471706644113,True,False,25.0,50.0,74.25184060745059,74.25184060745059,74.25184060745059,74.25184060745059,74.25184060745059,50.0,74.25184060745059,74.25184060745059,74.25184060745059,62.125920303725295,74.25184060745059
45f1c210d61c7f371559,SHADOW_SCANNER_TOP5_BTC,AKE,LONG,2026-07-16T07:03:56+00:00,111.58716207913615,138.4016154301768,-16.49704110039586,True,False,25.0,50.0,75.0,100.0,111.58716207913615,111.58716207913615,111.58716207913615,50.0,111.58716207913615,111.58716207913615,111.58716207913615,80.79358103956807,111.58716207913615
fe878817a094fb142c69,MAIN,ZEC,LONG,2026-07-16T09:22:55+00:00,24.286013401765913,64.73697867532813,-6.71132794859941,True,False,25.0,50.0,24.286013401765913,24.286013401765913,24.286013401765913,24.286013401765913,24.286013401765913,50.0,24.286013401765913,24.286013401765913,30.0,37.14300670088296,49.83309131015375
6baf0b13c9d1ba838381,SHADOW_1H_FAST,ETH,LONG,2026-07-16T09:22:55+00:00,-56.507068449668346,17.827515163643557,-88.15116907212675,False,False,-56.507068449668346,-56.507068449668346,-56.507068449668346,-56.507068449668346,-56.507068449668346,-56.507068449668346,-50.0,-50.0,-56.507068449668346,-56.507068449668346,-56.507068449668346,-56.507068449668346,-56.507068449668346
3f4bb5da3d1cf51bc20a,SHADOW_BOLLINGER_MR_1H,ZEC,SHORT,2026-07-16T09:22:55+00:00,72.29291055023133,105.99744259646734,-41.98854222121296,True,False,25.0,50.0,72.29291055023133,72.29291055023133,72.29291055023133,72.29291055023133,72.29291055023133,50.0,72.29291055023133,72.29291055023133,72.29291055023133,61.14645527511566,72.29291055023133
c80dbf662a774594c96d,SHADOW_COMBO_ADAPTIVE,ETH,LONG,2026-07-16T09:22:55+00:00,-55.151922261939646,-2.0959206488459197,-71.7482299876794,False,False,-55.151922261939646,-55.151922261939646,-55.151922261939646,-55.151922261939646,-55.151922261939646,-55.151922261939646,-50.0,-50.0,-55.151922261939646,-55.151922261939646,-55.151922261939646,-55.151922261939646,-55.151922261939646
a14eead754235040dd71,SHADOW_COMBO_SCANNER,ZEC,LONG,2026-07-16T09:22:55+00:00,-53.00309015411683,52.30187730266424,-77.60116625586393,True,True,25.0,50.0,-53.00309015411683,-53.00309015411683,-53.00309015411683,-53.00309015411683,-50.0,50.0,0.0,20.0,30.0,-1.5015450770584167,24.60114351125394
bfce5c88181edc5c727b,SHADOW_COMBO_TREND,ZEC,LONG,2026-07-16T09:22:55+00:00,-52.69878141248319,47.07168396557553,-69.84104131134195,False,False,25.0,-52.69878141248319,-52.69878141248319,-52.69878141248319,-52.69878141248319,-52.69878141248319,-50.0,-50.0,-52.69878141248319,-52.69878141248319,-52.69878141248319,-52.69878141248319,-52.69878141248319
cef335ac6c3bbab3ae03,SHADOW_SCANNER_TOP5_BTC,ZEC,LONG,2026-07-16T09:22:55+00:00,-53.715314382722624,24.357350798912456,-100.16783805553493,False,False,-53.715314382722624,-53.715314382722624,-53.715314382722624,-53.715314382722624,-53.715314382722624,-53.715314382722624,-50.0,-50.0,-53.715314382722624,-53.715314382722624,-53.715314382722624,-53.715314382722624,-53.715314382722624
3e5ba1cc00d3a82b6bd5,SHADOW_SCANNER_TOP5_LONG,ETH,LONG,2026-07-16T09:22:55+00:00,-56.08923424424188,14.101939529002689,-69.72942915797584,False,False,-56.08923424424188,-56.08923424424188,-56.08923424424188,-56.08923424424188,-56.08923424424188,-56.08923424424188,-50.0,-50.0,-56.08923424424188,-56.08923424424188,-56.08923424424188,-56.08923424424188,-56.08923424424188
