generated_utc,strategy_id,family_id,portfolio,lifecycle_status,record_kind,evolution_score,grade,hall_eligible,closed_trades,matched_pairs,expectancy_r,profit_factor,win_rate,max_drawdown_r,liquidations,validation_status,post_promotion_status,source_evidence_score,validation_score
2026-09-17T05:18:35+00:00,934590ed-fa46-5672-b8e9-713a79bd8183,momentum_breakout_v3_filtered,EVO_CAND_SHADOW_1H_FAST_V3_NOHIGH_REGIME_GUARD_TP_R200_934590ed,CANDIDATE,EVOLUTION_STRATEGY,36.55,E,False,17,0,0.3517972510888119,3.5095426070193105,0.5294117647058824,1.0701916771353117,0,INCUBATING,,98.27,20.0
2026-09-17T05:18:35+00:00,86882aa9-5ed0-5b04-a328-2022bc41da36,momentum_breakout_v3_filtered,EVO_CAND_SHADOW_1H_FAST_V3_CAP75_V1_TP_R200_86882aa9,CANDIDATE,EVOLUTION_STRATEGY,31.69,E,False,33,0,0.1950529393745609,1.5794263146440892,0.48484848484848486,4.16878091377794,0,INCUBATING,,94.52,20.0
2026-09-17T05:18:35+00:00,6b7c560f-a947-5c21-8ec0-bebb7c6ea4ee,momentum_breakout_v3_filtered,EVO_CAND_SHADOW_1H_FAST_V3_NO_ESPORTS_MFE_LOCK_TP_R200_6b7c560f,CANDIDATE,EVOLUTION_STRATEGY,30.58,E,False,55,0,0.05357991068347444,1.148919534239996,0.5454545454545454,5.041803285121578,0,INCUBATING,,98.27,20.0
2026-09-17T05:18:35+00:00,68f866e1-d225-5733-9843-dfc0389d02e9,momentum_breakout_v3_filtered,EVO_CAND_SHADOW_1H_FAST_V3_NO_ESPORTS_V1_TP_R200_68f866e1,CANDIDATE,EVOLUTION_STRATEGY,28.73,E,False,44,0,0.07093258202705555,1.177472871524849,0.45454545454545453,5.28118985521172,0,INCUBATING,,98.27,20.0
2026-09-17T05:18:35+00:00,903364ad-d487-5704-90fe-ad93bda3ff28,momentum_breakout_v3_filtered,EVO_CAND_SHADOW_1H_FAST_V3_LONG_NOHIGH_CAP75_L_TP_R200_903364ad,CANDIDATE,EVOLUTION_STRATEGY,28.14,E,False,22,0,0.1070782492865978,1.2294674298974877,0.5,4.161950019210362,0,INCUBATING,,98.27,20.0
2026-09-17T05:18:35+00:00,3b03ece1-b6c9-5fd9-a615-028d4f486231,momentum_breakout_v3_filtered,EVO_CAND_SHADOW_1H_FAST_V3_CAP75_V1_TP_R250_3b03ece1,CANDIDATE,EVOLUTION_STRATEGY,27.99,E,False,20,0,0.14222647819255294,1.3926782009244478,0.5,3.939436318591067,0,INCUBATING,,88.63,20.0
2026-09-17T05:18:35+00:00,051501d0-7361-5cfd-818b-32de452f195e,momentum_breakout_v3_filtered,EVO_CAND_SHADOW_1H_FAST_V3_LONG_NOHIGH_CAP75_V_TP_R200_051501d0,CANDIDATE,EVOLUTION_STRATEGY,24.65,E,False,22,0,0.01811571157922614,1.0410844781099362,0.4090909090909091,5.068080874120581,0,INCUBATING,,98.27,20.0
2026-09-17T05:18:35+00:00,89ab3f19-9b25-5fa4-857d-68a480d6b43b,momentum_breakout_v3_filtered,EVO_CAND_SHADOW_1H_FAST_V3_NO_ESPORTS_STRESS_G_TP_R200_89ab3f19,CANDIDATE,EVOLUTION_STRATEGY,24.46,E,False,15,0,-0.0017784470234299022,0.9959342935499819,0.4666666666666667,3.998683159693888,0,INCUBATING,,98.27,20.0
2026-09-17T05:18:35+00:00,6b45fc13-67eb-5166-99cb-d8cbcf0fd700,momentum_breakout_v3_filtered,EVO_CAND_SHADOW_1H_FAST_V3_TP_R250_6b45fc13,CANDIDATE,EVOLUTION_STRATEGY,23.6,E,False,23,0,0.01878265771499138,1.045313761319173,0.43478260869565216,5.157861736215327,0,INCUBATING,,88.63,20.0
2026-09-17T05:18:35+00:00,52488eb5-6e0b-582b-af6c-554a827b004d,momentum_breakout_v3_filtered,EVO_CAND_SHADOW_1H_FAST_V3_NOHIGH_RANGE_ONLY_V_TP_R200_52488eb5,CANDIDATE,EVOLUTION_STRATEGY,23.39,E,False,8,0,0.011508112870773753,1.0301566800690924,0.375,3.045235548987628,0,INCUBATING,,98.27,20.0
2026-09-17T05:18:35+00:00,portfolio-751388480f92b1739dd7,main-side-regime-guard-v1,MAIN_SIDE_REGIME_GUARD_V1,BASELINE,PAPER_PORTFOLIO,23.32,E,True,59,0,0.38829523665061083,1.9364504521063748,0.576271186440678,4.70882001279861,0,,,0,0.0
2026-09-17T05:18:35+00:00,portfolio-10b34d60ef4a5a8f1cbd,shadow-combo-trend-side-regime-guard-v1,SHADOW_COMBO_TREND_SIDE_REGIME_GUARD_V1,BASELINE,PAPER_PORTFOLIO,23.04,E,True,155,0,0.2142833210215915,1.4277255483146523,0.5032258064516129,23.361694272331608,0,,,0,0.0
2026-09-17T05:18:35+00:00,7bbb9481-3342-5a01-912e-f0d1a6054135,momentum_breakout_v3_filtered,EVO_CAND_SHADOW_1H_FAST_V3_NO_ESPORTS_LONG_ONL_TP_R200_7bbb9481,CANDIDATE,EVOLUTION_STRATEGY,22.15,E,False,30,0,-0.03923099485476134,0.9171958888945334,0.36666666666666664,9.306507884285459,0,INCUBATING,,98.27,20.0
2026-09-17T05:18:35+00:00,portfolio-d32ac7efb2fb6851aeab,shadow-btc-bollinger-4h,SHADOW_BTC_BOLLINGER_4H,BASELINE,PAPER_PORTFOLIO,22.04,E,False,4,0,0.5099787060959403,2.8813063624728255,0.75,1.0843076199999973,0,,,0,0.0
2026-09-17T05:18:35+00:00,portfolio-eae1d70aa72867a7aa8c,shadow-btc-bollinger-1h,SHADOW_BTC_BOLLINGER_1H,BASELINE,PAPER_PORTFOLIO,21.99,E,False,9,0,0.45034115919980483,2.7975988084403376,0.7777777777777778,1.1305234533333284,0,,,0,0.0
2026-09-17T05:18:35+00:00,portfolio-9da609258ab55b372664,shadow-combo-adaptive,SHADOW_COMBO_ADAPTIVE,BASELINE,PAPER_PORTFOLIO,20.77,E,True,220,0,0.1284735382534545,1.2707792225554868,0.4727272727272727,23.819138513655105,0,,,0,0.0
2026-09-17T05:18:35+00:00,portfolio-8a181ed9bb10700026fc,shadow-donchian-1h,SHADOW_DONCHIAN_1H,BASELINE,PAPER_PORTFOLIO,20.6,E,True,163,0,0.15218969162459056,1.2589263760653107,0.44171779141104295,20.486277839386478,0,,,0,0.0
2026-09-17T05:18:35+00:00,portfolio-41e9f610d5c09a8b4cb4,shadow-1h-fast-v3-no-esports-stress-guard-v1,SHADOW_1H_FAST_V3_NO_ESPORTS_STRESS_GUARD_V1,BASELINE,PAPER_PORTFOLIO,20.56,E,True,179,0,0.054346412061764195,1.1106725929907026,0.4860335195530726,10.657186007679417,0,,,0,0.0
2026-09-17T05:18:35+00:00,3ee5afb4-8bf9-5456-b65e-2b1327669693,momentum_breakout_v3_filtered,EVO_CAND_SHADOW_1H_FAST_V3_TP_R200_3ee5afb4,CANDIDATE,EVOLUTION_STRATEGY,20.08,E,False,37,0,-0.0052698696909822965,0.9886813637417153,0.40540540540540543,4.703375183698227,1,INCUBATING,,94.52,20.0
2026-09-17T05:18:35+00:00,portfolio-ec4f81fe1de280de7ed3,shadow-1h-fast-score-6-75-cost-aware-v1,SHADOW_1H_FAST_SCORE_6_75_COST_AWARE_V1,BASELINE,PAPER_PORTFOLIO,19.91,E,True,205,0,0.08833907561907774,1.1760024531827842,0.4878048780487805,24.602867037309053,0,,,0,0.0
2026-09-17T05:18:35+00:00,portfolio-5bb7ddf8fd6d2b6d7a2b,shadow-1h-fast-v3-nohigh-regime-guard-v1,SHADOW_1H_FAST_V3_NOHIGH_REGIME_GUARD_V1,BASELINE,PAPER_PORTFOLIO,19.46,E,True,175,0,0.07367872620203883,1.149995471950903,0.4742857142857143,14.915235827607887,0,,,0,0.0
2026-09-17T05:18:35+00:00,portfolio-2be30fda23278e335fda,shadow-1h-fast-v3-no-esports-mfe-lock-v1,SHADOW_1H_FAST_V3_NO_ESPORTS_MFE_LOCK_V1,BASELINE,PAPER_PORTFOLIO,19.11,E,True,229,0,0.05370251522220311,1.1063090868623886,0.4890829694323144,30.080388332565775,0,,,0,0.0
2026-09-17T05:18:35+00:00,8346046b-2c3b-52d8-817a-30ed576c34c8,momentum_breakout_v3_filtered,EVO_CAND_SHADOW_1H_FAST_V3_NOHIGH_V1_TP_R200_8346046b,CANDIDATE,EVOLUTION_STRATEGY,18.93,E,False,24,0,-0.029153453944760963,0.9389604632305328,0.4166666666666667,4.6090893004133235,1,INCUBATING,,98.27,20.0
2026-09-17T05:18:35+00:00,portfolio-3eae154b0af2a376c1fe,shadow-donchian-1h-gb20-120r-v1,SHADOW_DONCHIAN_1H_GB20_120R_V1,BASELINE,PAPER_PORTFOLIO,18.66,E,True,131,0,0.15776493109041478,1.2689776965339379,0.42748091603053434,20.48627783938648,0,,,0,0.0
2026-09-17T05:18:35+00:00,portfolio-64f18e5c18eb6ebf4e08,shadow-1h-fast-v3,SHADOW_1H_FAST_V3,BASELINE,PAPER_PORTFOLIO,18.43,E,True,273,0,0.04699677327769818,1.0926513275932295,0.4432234432234432,29.537239115797938,0,,,0,0.0
2026-09-17T05:18:35+00:00,portfolio-957b2cb822007458d9c4,shadow-1h-fast-no-pepe-v1,SHADOW_1H_FAST_NO_PEPE_V1,BASELINE,PAPER_PORTFOLIO,18.02,E,True,289,0,0.03304203462419526,1.0645732701571735,0.4359861591695502,39.70478078348831,0,,,0,0.0
2026-09-17T05:18:35+00:00,portfolio-76de9ff1f49a7b570409,shadow-combo-adaptive-partial-1r-v1,SHADOW_COMBO_ADAPTIVE_PARTIAL_1R_V1,BASELINE,PAPER_PORTFOLIO,17.85,E,True,182,0,0.02237067024785703,1.0399698149661134,0.44505494505494503,22.702920109077546,0,,,0,0.0
2026-09-17T05:18:35+00:00,portfolio-819df6e454a22a88bd0a,shadow-1h-fast-v3-nohigh-v1,SHADOW_1H_FAST_V3_NOHIGH_V1,BASELINE,PAPER_PORTFOLIO,17.7,E,True,202,0,0.013943609785750112,1.0267538579783404,0.4405940594059406,14.775661993048484,0,,,0,0.0
2026-09-17T05:18:35+00:00,portfolio-74340d3089b701fbbc4a,shadow-combo-adaptive-side-regime-guard-v1,SHADOW_COMBO_ADAPTIVE_SIDE_REGIME_GUARD_V1,BASELINE,PAPER_PORTFOLIO,17.14,E,True,173,0,-0.0006694783056524624,0.9988442410170835,0.4277456647398844,25.624218213154425,0,,,0,0.0
2026-09-17T05:18:35+00:00,portfolio-21f7d4824afe44c077b0,shadow-1h-fast-v2,SHADOW_1H_FAST_V2,BASELINE,PAPER_PORTFOLIO,16.8,E,True,90,0,0.09900230740943565,1.2037989159099745,0.4777777777777778,6.857615527673215,0,,,0,0.0
2026-09-17T05:18:35+00:00,portfolio-af329af4b2827c242af6,shadow-1h-fast-v3-no-esports-long-only-v1,SHADOW_1H_FAST_V3_NO_ESPORTS_LONG_ONLY_V1,BASELINE,PAPER_PORTFOLIO,16.72,E,True,264,0,-0.014015285237544377,0.9749780182831235,0.4166666666666667,25.21666478790134,0,,,0,0.0
2026-09-17T05:18:35+00:00,portfolio-8b3b1ebc38a7956fb73c,shadow-1h-fast-v3-no-esports-v1,SHADOW_1H_FAST_V3_NO_ESPORTS_V1,BASELINE,PAPER_PORTFOLIO,16.38,E,True,237,0,-0.03203141683620997,0.9431495543807537,0.4219409282700422,30.957954566079277,0,,,0,0.0
2026-09-17T05:18:35+00:00,c467005a-145c-5426-bd9a-5710bf526311,momentum_breakout_v3_filtered,EVO_CAND_SHADOW_1H_FAST_V3_NOHIGH_V1_TP_R250_c467005a,CANDIDATE,EVOLUTION_STRATEGY,16.37,E,False,7,0,-0.6839279407471157,0.01882112135827308,0.14285714285714285,4.879330048214321,0,INCUBATING,,88.63,20.0
2026-09-17T05:18:35+00:00,bfc04ed6-72ee-5fd8-ad2c-15c1d256e808,momentum_breakout_v3_filtered,EVO_CAND_SHADOW_1H_FAST_V3_LONG_ONLY_V1_TP_R250_bfc04ed6,CANDIDATE,EVOLUTION_STRATEGY,15.55,E,False,11,0,-0.7765722651319285,0.0,0.0,8.542294916451214,0,INCUBATING,,88.63,20.0
2026-09-17T05:18:35+00:00,portfolio-218242a9cd930220dac2,shadow-1h-fast-nohigh-cap75-v1,SHADOW_1H_FAST_NOHIGH_CAP75_V1,BASELINE,PAPER_PORTFOLIO,15.46,E,True,219,0,-0.07136432442836081,0.875259301952532,0.4155251141552511,39.10980934428622,0,,,0,0.0
2026-09-17T05:18:35+00:00,portfolio-9257c1e6e8aad73a0a82,shadow-sol-adaptive-4h,SHADOW_SOL_ADAPTIVE_4H,BASELINE,PAPER_PORTFOLIO,15.45,E,False,10,0,0.2799927365953077,1.651363252348054,0.5,2.0468605848896493,0,,,0,0.0
2026-09-17T05:18:35+00:00,portfolio-55d2ef6c2edd6e78820d,shadow-sol-donchian-1h,SHADOW_SOL_DONCHIAN_1H,BASELINE,PAPER_PORTFOLIO,15.27,E,False,23,0,0.2060358214845868,1.5669662210489113,0.5652173913043478,4.7544703140822495,0,,,0,0.0
2026-09-17T05:18:35+00:00,portfolio-7eac24fb119f6c5ee908,shadow-1h-fast-score-6-75-no-trend-up-v1,SHADOW_1H_FAST_SCORE_6_75_NO_TREND_UP_V1,BASELINE,PAPER_PORTFOLIO,15.21,E,True,205,0,-0.09346601347358587,0.8490189145180136,0.4292682926829268,37.076854740776156,0,,,0,0.0
2026-09-17T05:18:35+00:00,portfolio-ccf049afb53cd93de4e1,shadow-scanner-top15-long,SHADOW_SCANNER_TOP15_LONG,BASELINE,PAPER_PORTFOLIO,15.04,E,True,214,0,0.1000000909032636,1.1961912422738494,0.4766355140186916,21.705652399595525,1,,,0,0.0
2026-09-17T05:18:35+00:00,portfolio-d62efc5ad2aa6d40d66d,shadow-scanner-top20-long,SHADOW_SCANNER_TOP20_LONG,BASELINE,PAPER_PORTFOLIO,15.04,E,True,214,0,0.1000000909032636,1.1961912422738494,0.4766355140186916,21.705652399595525,1,,,0,0.0
2026-09-17T05:18:35+00:00,portfolio-75e764a8b5f3bac742b9,shadow-1h-fast-score-6-75-v1,SHADOW_1H_FAST_SCORE_6_75_V1,BASELINE,PAPER_PORTFOLIO,15.03,E,True,243,0,-0.09213871374042129,0.8425724913965928,0.4156378600823045,37.076854740776156,0,,,0,0.0
2026-09-17T05:18:35+00:00,portfolio-a0ddc7095998cad2c7cf,shadow-scanner-top5-btc,SHADOW_SCANNER_TOP5_BTC,BASELINE,PAPER_PORTFOLIO,14.79,E,True,158,0,0.10567845616871097,1.1970139572511898,0.44936708860759494,23.26347554173565,1,,,0,0.0
2026-09-17T05:18:35+00:00,portfolio-277e498cb740c2cab325,shadow-1h-fast-long-btc-1-3-cap75-v1,SHADOW_1H_FAST_LONG_BTC_1_3_CAP75_V1,BASELINE,PAPER_PORTFOLIO,14.57,E,True,160,0,-0.09771595774013193,0.8301740162813807,0.3875,19.189202955219788,0,,,0,0.0
2026-09-17T05:18:35+00:00,portfolio-c5f749c477b79e41c9b3,shadow-combo-adaptive-runner25-v1,SHADOW_COMBO_ADAPTIVE_RUNNER25_V1,BASELINE,PAPER_PORTFOLIO,14.53,E,True,158,0,-0.08955086352512472,0.847577716140371,0.3670886075949367,27.479330036062162,0,,,0,0.0
2026-09-17T05:18:35+00:00,portfolio-cee6d02a7743e138d4d6,shadow-ema-trend-1h,SHADOW_EMA_TREND_1H,BASELINE,PAPER_PORTFOLIO,14.39,E,True,158,0,-0.11341341341463318,0.8202030987483027,0.3924050632911392,35.05944759033703,0,,,0,0.0
2026-09-17T05:18:35+00:00,portfolio-2d1db8d4e7c9b6737ed5,shadow-1h-fast-nohigh-cap75-short-only-v1,SHADOW_1H_FAST_NOHIGH_CAP75_SHORT_ONLY_V1,BASELINE,PAPER_PORTFOLIO,14.3,E,True,182,0,-0.11924135351687819,0.8005517179090667,0.4010989010989011,39.10980934428622,0,,,0,0.0
2026-09-17T05:18:35+00:00,portfolio-a742777cbc0c8c74aa6d,shadow-doge-donchian-1h,SHADOW_DOGE_DONCHIAN_1H,BASELINE,PAPER_PORTFOLIO,14.25,E,False,20,0,0.20468695744280047,1.436289804100752,0.6,5.56090969269143,0,,,0,0.0
2026-09-17T05:18:35+00:00,portfolio-715fef44adfc7e3e2443,shadow-scanner-top10-long,SHADOW_SCANNER_TOP10_LONG,BASELINE,PAPER_PORTFOLIO,14.02,E,True,200,0,0.07175579620137161,1.131930265204954,0.45,22.246439080341126,1,,,0,0.0
2026-09-17T05:18:35+00:00,portfolio-275cb3af75fb8f30b69b,shadow-scanner-top5-long,SHADOW_SCANNER_TOP5_LONG,BASELINE,PAPER_PORTFOLIO,14.0,E,True,193,0,0.07182410720131809,1.1361949523128112,0.44559585492227977,28.440827295847278,1,,,0,0.0
2026-09-17T05:18:35+00:00,portfolio-80ab72023d7f8d6eaf76,shadow-doge-ema-1h,SHADOW_DOGE_EMA_1H,BASELINE,PAPER_PORTFOLIO,13.94,E,True,31,0,0.11874080150472471,1.2831599099680102,0.6129032258064516,4.51692506545034,0,,,0,0.0
2026-09-17T05:18:35+00:00,portfolio-5c599fd060f8cbf6c5e1,shadow-combo-scanner,SHADOW_COMBO_SCANNER,BASELINE,PAPER_PORTFOLIO,13.88,E,True,190,0,0.07294869663115554,1.1317586292131865,0.4368421052631579,27.55379928064093,1,,,0,0.0
2026-09-17T05:18:35+00:00,portfolio-78401ccfa49277e71f78,shadow-scanner-top5-btc-tp3-v1,SHADOW_SCANNER_TOP5_BTC_TP3_V1,BASELINE,PAPER_PORTFOLIO,13.79,E,True,171,0,0.08230508487027942,1.1409266410171202,0.4152046783625731,26.067722366998446,1,,,0,0.0
2026-09-17T05:18:35+00:00,portfolio-8e32aa94f6b1b6ac1ac6,shadow-1h-fast-v3-cap75-v1,SHADOW_1H_FAST_V3_CAP75_V1,BASELINE,PAPER_PORTFOLIO,13.78,E,True,261,0,-0.14252847427869417,0.7688167015322898,0.3946360153256705,51.534680236432386,0,,,0,0.0
2026-09-17T05:18:35+00:00,751e55c4-14bf-55ff-a953-e59e7325d859,momentum_breakout_v3_filtered,EVO_CAND_SHADOW_1H_FAST_V3_LONG_ONLY_V1_TP_R200_751e55c4,CANDIDATE,EVOLUTION_STRATEGY,13.75,E,False,31,0,-0.226702994363512,0.611038657969311,0.3225806451612903,10.03009140800572,1,INCUBATING,,98.27,20.0
2026-09-17T05:18:35+00:00,portfolio-86541dccbdca123d1372,shadow-scanner-top5-btc-runner25-v1,SHADOW_SCANNER_TOP5_BTC_RUNNER25_V1,BASELINE,PAPER_PORTFOLIO,13.69,E,True,175,0,0.07639844011936793,1.132033092643966,0.41714285714285715,27.295112711170844,1,,,0,0.0
2026-09-17T05:18:35+00:00,portfolio-ffbd7c4283d8983593d0,shadow-combo-adaptive-long-only-v1,SHADOW_COMBO_ADAPTIVE_LONG_ONLY_V1,BASELINE,PAPER_PORTFOLIO,13.23,E,True,186,0,0.039916636006679385,1.0687412765287276,0.44623655913978494,29.96461871514858,1,,,0,0.0
2026-09-17T05:18:35+00:00,portfolio-5f67fe2bf5c8895b8fd1,shadow-scanner-top5-btc-mfe-v1,SHADOW_SCANNER_TOP5_BTC_MFE_V1,BASELINE,PAPER_PORTFOLIO,13.17,E,True,150,0,0.03866607286375595,1.0721423728022927,0.44,24.06218246499156,1,,,0,0.0
2026-09-17T05:18:35+00:00,portfolio-34cd6c2a7dc88fa4fb85,shadow-1h-fast-v3-long-nohigh-cap75-v1,SHADOW_1H_FAST_V3_LONG_NOHIGH_CAP75_V1,BASELINE,PAPER_PORTFOLIO,13.08,E,True,196,0,-0.001224623947175554,0.9977789809814979,0.4336734693877551,12.354963801003333,1,,,0,0.0
2026-09-17T05:18:35+00:00,portfolio-d69e40630bee49e72ec7,shadow-1h-fast-v3-nohigh-range-only-v1,SHADOW_1H_FAST_V3_NOHIGH_RANGE_ONLY_V1,BASELINE,PAPER_PORTFOLIO,12.73,E,True,116,0,-0.03988697446574492,0.9298862829974859,0.41379310344827586,14.983263730168062,0,,,0,0.0
2026-09-17T05:18:35+00:00,portfolio-95b29b65e1df161e3384,main-dynamic-asset-selector-v1,MAIN_DYNAMIC_ASSET_SELECTOR_V1,BASELINE,PAPER_PORTFOLIO,12.68,E,False,25,0,0.23551350836135113,1.4212100264243803,0.4,5.586230237859341,0,,,0,0.0
2026-09-17T05:18:35+00:00,portfolio-0feb8dc3e58c62c4418f,shadow-rsi-long-5x-rsi20,SHADOW_RSI_LONG_5X_RSI20,BASELINE,PAPER_PORTFOLIO,12.6,E,False,12,0,0.16321151334786826,1.3871923045538816,0.5,2.398569900642152,0,,,0,0.0
2026-09-17T05:18:35+00:00,portfolio-34df8efa140f0be9b2a5,shadow-bollinger-mr-1h,SHADOW_BOLLINGER_MR_1H,BASELINE,PAPER_PORTFOLIO,12.44,E,True,147,0,-0.27503560720512715,0.5832610748494295,0.41496598639455784,46.14938666044607,0,,,0,0.0
2026-09-17T05:18:35+00:00,portfolio-e2801705402832b94ece,shadow-combo-adaptive-quality7-regime-partial-1r-v1,SHADOW_COMBO_ADAPTIVE_QUALITY7_REGIME_PARTIAL_1R_V1,BASELINE,PAPER_PORTFOLIO,12.39,E,True,58,0,0.047495581958123756,1.0978960034269762,0.5,7.572226781898927,0,,,0,0.0
2026-09-17T05:18:35+00:00,portfolio-5fde5af6b8a5fab33f94,shadow-combo-adaptive-tp3-v1,SHADOW_COMBO_ADAPTIVE_TP3_V1,BASELINE,PAPER_PORTFOLIO,12.37,E,True,138,0,-0.13201373382377637,0.7760357748869018,0.36231884057971014,24.96346867892152,0,,,0,0.0
2026-09-17T05:18:35+00:00,portfolio-453f91cdf22610c84df2,shadow-1h-fast-v3-long-nohigh-cap75-lock-v1,SHADOW_1H_FAST_V3_LONG_NOHIGH_CAP75_LOCK_V1,BASELINE,PAPER_PORTFOLIO,12.24,E,True,194,0,-0.012841452332200994,0.9794041583568371,0.4587628865979381,17.816940385762358,1,,,0,0.0
2026-09-17T05:18:35+00:00,portfolio-b70a7c4c8d36ee4e984f,shadow-master-adaptive-runner25-v1,SHADOW_MASTER_ADAPTIVE_RUNNER25_V1,BASELINE,PAPER_PORTFOLIO,11.66,E,True,105,0,-0.005539967592041054,0.9930151594523062,0.3047619047619048,17.850547462718083,0,,,0,0.0
2026-09-17T05:18:35+00:00,portfolio-0670ff0ff223559d1cb4,shadow-1h-fast-tp2-v1,SHADOW_1H_FAST_TP2_V1,BASELINE,PAPER_PORTFOLIO,11.53,E,True,283,0,-0.01193452863151251,0.9792370964600786,0.3957597173144876,29.112198577726282,1,,,0,0.0
2026-09-17T05:18:35+00:00,portfolio-9ef3a42c7b327e6c7385,shadow-1h-fast-v3-long-only-v1,SHADOW_1H_FAST_V3_LONG_ONLY_V1,BASELINE,PAPER_PORTFOLIO,11.44,E,True,268,0,-0.023425651208908,0.957936281910884,0.41044776119402987,26.39152353832766,1,,,0,0.0
2026-09-17T05:18:35+00:00,portfolio-4379496436a2e9c619cc,shadow-rsi-short-15x-10-rsi85,SHADOW_RSI_SHORT_15X_10_RSI85,BASELINE,PAPER_PORTFOLIO,11.38,E,False,6,0,0.05460128835127254,1.15164374958103,0.6666666666666666,1.9762942198484938,0,,,0,0.0
2026-09-17T05:18:35+00:00,portfolio-82ddc460bc49f6ade6ed,shadow-rsi-short-15x-50-rsi85,SHADOW_RSI_SHORT_15X_50_RSI85,BASELINE,PAPER_PORTFOLIO,11.38,E,False,6,0,0.0546012883512725,1.15164374958103,0.6666666666666666,1.9762942198484938,0,,,0,0.0
2026-09-17T05:18:35+00:00,portfolio-98352068c6b959be884d,shadow-1h-balanced-v3,SHADOW_1H_BALANCED_V3,BASELINE,PAPER_PORTFOLIO,10.43,E,True,218,0,-0.0676551803085118,0.8860114943409034,0.4036697247706422,31.315461373134223,1,,,0,0.0
2026-09-17T05:18:35+00:00,portfolio-f798f802d047a2248ce9,shadow-combo-trend,SHADOW_COMBO_TREND,BASELINE,PAPER_PORTFOLIO,10.31,E,True,192,0,-0.07275243776943584,0.890511481964899,0.3958333333333333,30.563493531754425,1,,,0,0.0
2026-09-17T05:18:35+00:00,portfolio-31277758e15451c0d2c0,shadow-combo-adaptive-mfe-trail,SHADOW_COMBO_ADAPTIVE_MFE_TRAIL,BASELINE,PAPER_PORTFOLIO,10.29,E,True,233,0,-0.07308772599486675,0.8586146141116466,0.41201716738197425,35.47915633561237,1,,,0,0.0
2026-09-17T05:18:35+00:00,portfolio-9fb781bb9b95e345d385,shadow-1h-balanced-v2,SHADOW_1H_BALANCED_V2,BASELINE,PAPER_PORTFOLIO,10.21,E,True,175,0,-0.0909082184037934,0.835777901649332,0.4342857142857143,24.60351258161399,1,,,0,0.0
2026-09-17T05:18:35+00:00,portfolio-18fec9ee52b2bfad8071,shadow-combo-adaptive-quality7-regime-v1,SHADOW_COMBO_ADAPTIVE_QUALITY7_REGIME_V1,BASELINE,PAPER_PORTFOLIO,10.11,E,True,58,0,0.003794841431886793,1.007689782767586,0.46551724137931033,10.10686973242067,0,,,0,0.0
2026-09-17T05:18:35+00:00,portfolio-0a0a90ccde67415644d5,shadow-1h-fast,SHADOW_1H_FAST,BASELINE,PAPER_PORTFOLIO,9.88,E,True,78,0,0.012421385601833299,1.027291226945596,0.34615384615384615,13.480875976232651,0,,,0,0.0
2026-09-17T05:18:35+00:00,portfolio-cf34c6c9a6ec21328593,shadow-combo-adaptive-quality7-v1,SHADOW_COMBO_ADAPTIVE_QUALITY7_V1,BASELINE,PAPER_PORTFOLIO,9.83,E,True,100,0,-0.08512274223786508,0.8642391844440538,0.38,18.948389055480444,0,,,0,0.0
2026-09-17T05:18:35+00:00,portfolio-2e9822f0adea70ef302d,shadow-1h-balanced-v3-long-only-v1,SHADOW_1H_BALANCED_V3_LONG_ONLY_V1,BASELINE,PAPER_PORTFOLIO,9.73,E,True,173,0,-0.102476382444697,0.8331896461433319,0.4046242774566474,28.369667228872824,1,,,0,0.0
2026-09-17T05:18:35+00:00,portfolio-83c16ee36e16a8d5a61c,shadow-combo-adaptive-regime-v1,SHADOW_COMBO_ADAPTIVE_REGIME_V1,BASELINE,PAPER_PORTFOLIO,9.65,E,True,90,0,-0.10711196828269022,0.8183370950022385,0.45555555555555555,13.541160763060399,0,,,0,0.0
2026-09-17T05:18:35+00:00,portfolio-3d03fcbaa170eb84aff6,shadow-1h-fast-score-6-75-range-only-v1,SHADOW_1H_FAST_SCORE_6_75_RANGE_ONLY_V1,BASELINE,PAPER_PORTFOLIO,9.59,E,True,71,0,-0.014440552396229205,0.9759786673263632,0.43661971830985913,13.389744086430747,0,,,0,0.0
2026-09-17T05:18:35+00:00,portfolio-dee88e9ee0cc51d43b22,shadow-scanner-top5-btc-guard-mfe-v1,SHADOW_SCANNER_TOP5_BTC_GUARD_MFE_V1,BASELINE,PAPER_PORTFOLIO,9.46,E,True,179,0,-0.09833145290322158,0.8380183450686498,0.3743016759776536,24.980369816435374,1,,,0,0.0
2026-09-17T05:18:35+00:00,portfolio-4075a57560830d6b5f89,shadow-scanner-top5-btc-guard-v1,SHADOW_SCANNER_TOP5_BTC_GUARD_V1,BASELINE,PAPER_PORTFOLIO,9.42,E,True,162,0,-0.09664580702986313,0.8475117680643756,0.36419753086419754,24.97937849540636,1,,,0,0.0
2026-09-17T05:18:35+00:00,portfolio-dfaed3654cafef4bae0b,shadow-rsi-short-15x-10-rsi75,SHADOW_RSI_SHORT_15X_10_RSI75,BASELINE,PAPER_PORTFOLIO,9.33,E,True,33,0,-0.01296209024765339,0.9743824303878049,0.48484848484848486,4.422277548155125,0,,,0,0.0
2026-09-17T05:18:35+00:00,portfolio-c3478e3c0e960adea4e9,shadow-rsi-short-15x-50-rsi75,SHADOW_RSI_SHORT_15X_50_RSI75,BASELINE,PAPER_PORTFOLIO,9.33,E,True,33,0,-0.012962090247653347,0.9743824303878049,0.48484848484848486,4.422277548155124,0,,,0,0.0
2026-09-17T05:18:35+00:00,portfolio-5e78cb3d398ae1d21884,shadow-master-adaptive-gb20-v1,SHADOW_MASTER_ADAPTIVE_GB20_V1,BASELINE,PAPER_PORTFOLIO,9.31,E,True,150,0,-0.12761649546952264,0.7934760457781772,0.41333333333333333,20.047803554210606,1,,,0,0.0
2026-09-17T05:18:35+00:00,portfolio-fe7a3a0ebd874723fba0,shadow-relative-strength-v2,SHADOW_RELATIVE_STRENGTH_V2,BASELINE,PAPER_PORTFOLIO,8.76,E,True,145,0,-0.129368739216118,0.8129252427721501,0.4,27.334199733817123,1,,,0,0.0
2026-09-17T05:18:35+00:00,portfolio-bedd6481a0ae26db1281,shadow-rsi-short-5x-rsi85,SHADOW_RSI_SHORT_5X_RSI85,BASELINE,PAPER_PORTFOLIO,8.31,E,False,6,0,-0.0524255272297893,0.8576312860821835,0.6666666666666666,2.1267804041360394,0,,,0,0.0
2026-09-17T05:18:35+00:00,portfolio-50f59e1f58ee8509a158,shadow-scanner-top5-btc-guard-btc-le3-mfe-v1,SHADOW_SCANNER_TOP5_BTC_GUARD_BTC_LE3_MFE_V1,BASELINE,PAPER_PORTFOLIO,8.19,E,True,156,0,-0.17525304225932195,0.7150788352485001,0.38461538461538464,31.39806945422449,1,,,0,0.0
2026-09-17T05:18:35+00:00,portfolio-b5866ec7843f4a7bae73,shadow-4h-wide,SHADOW_4H_WIDE,BASELINE,PAPER_PORTFOLIO,8.14,E,True,61,0,0.00016315005228844658,1.000249375944725,0.3442622950819672,12.685408900370199,0,,,0,0.0
2026-09-17T05:18:35+00:00,portfolio-a5a52ec98076660a156a,shadow-sol-donchian-4h,SHADOW_SOL_DONCHIAN_4H,BASELINE,PAPER_PORTFOLIO,8.12,E,False,9,0,0.09480388776192347,1.159325031576113,0.3333333333333333,3.2373462234686388,0,,,0,0.0
2026-09-17T05:18:35+00:00,portfolio-d26fad78c21127a6a04d,shadow-master-adaptive-gb20-loss-cap-v1,SHADOW_MASTER_ADAPTIVE_GB20_LOSS_CAP_V1,BASELINE,PAPER_PORTFOLIO,7.97,E,True,106,0,-0.21708061210828059,0.7531387278993205,0.25471698113207547,29.078346603133127,0,,,0,0.0
2026-09-17T05:18:35+00:00,portfolio-8cd112a254ef36f869f3,shadow-relative-strength,SHADOW_RELATIVE_STRENGTH,BASELINE,PAPER_PORTFOLIO,7.19,E,True,172,0,-0.23192974239947467,0.6775482802388474,0.3313953488372093,48.25067123708778,1,,,0,0.0
2026-09-17T05:18:35+00:00,portfolio-1f4b26875bcee2e39cc3,shadow-sol-adaptive-1h,SHADOW_SOL_ADAPTIVE_1H,BASELINE,PAPER_PORTFOLIO,7.1,E,False,28,0,-0.02102286151341554,0.9622859587365024,0.4642857142857143,8.431012207706345,0,,,0,0.0
2026-09-17T05:18:35+00:00,portfolio-cbf888259f54cba9c019,shadow-1h-balanced-long-no-rhv-v1,SHADOW_1H_BALANCED_LONG_NO_RHV_V1,BASELINE,PAPER_PORTFOLIO,7.04,E,True,140,0,0.03214206319651137,1.0580491319248424,0.44285714285714284,20.585234049249937,2,,,0,0.0
2026-09-17T05:18:35+00:00,portfolio-87eecfe2d4db46025edd,shadow-btc-donchian-1h,SHADOW_BTC_DONCHIAN_1H,BASELINE,PAPER_PORTFOLIO,6.71,E,False,16,0,-0.07305245696807973,0.8508065979184493,0.5,3.406855239880881,0,,,0,0.0
2026-09-17T05:18:35+00:00,portfolio-64ada8c42abe441d0264,shadow-scanner-top5-btc-guard-btc-le3-v1,SHADOW_SCANNER_TOP5_BTC_GUARD_BTC_LE3_V1,BASELINE,PAPER_PORTFOLIO,6.53,E,True,131,0,-0.15517329558075324,0.7582201079863611,0.3816793893129771,29.05427504735948,1,,,0,0.0
2026-09-17T05:18:35+00:00,portfolio-364f66c0d7417aeb66c1,shadow-sol-ema-4h,SHADOW_SOL_EMA_4H,BASELINE,PAPER_PORTFOLIO,6.44,E,False,11,0,0.01450979787340823,1.0249817429453096,0.36363636363636365,4.178232077835423,0,,,0,0.0
2026-09-17T05:18:35+00:00,portfolio-2a348928df768627b636,shadow-scanner-bottom5-short,SHADOW_SCANNER_BOTTOM5_SHORT,BASELINE,PAPER_PORTFOLIO,6.0,E,True,90,0,-0.38534828115078584,0.5029527321067429,0.3111111111111111,37.69984705221985,0,,,0,0.0
2026-09-17T05:18:35+00:00,portfolio-143dd9c33d2d4783cda7,shadow-btc-adaptive-1h,SHADOW_BTC_ADAPTIVE_1H,BASELINE,PAPER_PORTFOLIO,5.88,E,False,14,0,-0.09108053264306018,0.8075681787616319,0.5,3.897717284056483,0,,,0,0.0
2026-09-17T05:18:35+00:00,portfolio-857084946372822c0760,shadow-rsi-short-5x-rsi75,SHADOW_RSI_SHORT_5X_RSI75,BASELINE,PAPER_PORTFOLIO,5.71,E,True,33,0,-0.11543031370464484,0.781580866545122,0.48484848484848486,8.31509208278798,0,,,0,0.0
2026-09-17T05:18:35+00:00,portfolio-fbc1f4ea2d610c9cbdd5,shadow-combo-mean-reversion,SHADOW_COMBO_MEAN_REVERSION,BASELINE,PAPER_PORTFOLIO,5.57,E,True,83,0,-0.3484924302583163,0.5365890364206879,0.37349397590361444,34.532256853387864,0,,,0,0.0
2026-09-17T05:18:35+00:00,portfolio-2ed164b4a669c4eea5b8,shadow-sol-ema-1h,SHADOW_SOL_EMA_1H,BASELINE,PAPER_PORTFOLIO,5.56,E,True,31,0,-0.07721096691206904,0.8782409595957075,0.3870967741935484,7.895605421933379,0,,,0,0.0
2026-09-17T05:18:35+00:00,portfolio-82bb14307d46b142dc75,shadow-master-adaptive-gb20-be-v1,SHADOW_MASTER_ADAPTIVE_GB20_BE_V1,BASELINE,PAPER_PORTFOLIO,5.3,E,True,119,0,-0.14832146067670585,0.7992024605583018,0.3025210084033613,20.864850390661843,1,,,0,0.0
2026-09-17T05:18:35+00:00,portfolio-bfa3648cfc29e4473002,shadow-scanner-top5-btc-btc-le3-v1,SHADOW_SCANNER_TOP5_BTC_BTC_LE3_V1,BASELINE,PAPER_PORTFOLIO,5.27,E,True,132,0,-0.2710439792541069,0.5954298188493821,0.3560606060606061,44.17387985673362,1,,,0,0.0
2026-09-17T05:18:35+00:00,portfolio-c7ec993479bb353f7ac4,shadow-master-adaptive-no-alt-v1,SHADOW_MASTER_ADAPTIVE_NO_ALT_V1,BASELINE,PAPER_PORTFOLIO,5.22,E,True,122,0,-0.17171426863659692,0.7796480577781587,0.3114754098360656,20.949140773664823,1,,,0,0.0
2026-09-17T05:18:35+00:00,portfolio-8baa4f763c912f9e092a,shadow-master-adaptive-v1,SHADOW_MASTER_ADAPTIVE_V1,BASELINE,PAPER_PORTFOLIO,4.99,E,True,116,0,-0.15183251532891956,0.8039827929397388,0.31896551724137934,19.02656776651525,1,,,0,0.0
2026-09-17T05:18:35+00:00,portfolio-86a35a7cfef9cc1060d3,shadow-sol-bollinger-4h,SHADOW_SOL_BOLLINGER_4H,BASELINE,PAPER_PORTFOLIO,4.78,E,False,5,0,-0.07252502179329583,0.8836022556947777,0.4,3.1153963603932984,0,,,0,0.0
2026-09-17T05:18:35+00:00,portfolio-dbb536cd147f934a2c18,shadow-master-adaptive-gb20-partial-v1,SHADOW_MASTER_ADAPTIVE_GB20_PARTIAL_V1,BASELINE,PAPER_PORTFOLIO,4.67,E,True,114,0,-0.15710318062034515,0.7940699611257099,0.32456140350877194,19.921713827554306,1,,,0,0.0
2026-09-17T05:18:35+00:00,portfolio-9a7408288291e95f7a00,shadow-master-adaptive-expanded-v1,SHADOW_MASTER_ADAPTIVE_EXPANDED_V1,BASELINE,PAPER_PORTFOLIO,4.15,E,True,95,0,-0.1009472436646875,0.8656464996845654,0.3368421052631579,14.026247227376007,1,,,0,0.0
2026-09-17T05:18:35+00:00,portfolio-3a9fde41d9e5dcff95c4,shadow-scanner-bottom10-short,SHADOW_SCANNER_BOTTOM10_SHORT,BASELINE,PAPER_PORTFOLIO,4.1,E,True,71,0,-0.40624706967008467,0.5169352286245084,0.30985915492957744,32.67094251525807,0,,,0,0.0
2026-09-17T05:18:35+00:00,portfolio-33c546a4d1cef8e93a1a,shadow-scanner-bottom15-short,SHADOW_SCANNER_BOTTOM15_SHORT,BASELINE,PAPER_PORTFOLIO,4.1,E,True,71,0,-0.40624706967008467,0.5169352286245084,0.30985915492957744,32.67094251525807,0,,,0,0.0
2026-09-17T05:18:35+00:00,portfolio-ef56bcdaac91611bc349,shadow-scanner-bottom20-short,SHADOW_SCANNER_BOTTOM20_SHORT,BASELINE,PAPER_PORTFOLIO,4.1,E,True,71,0,-0.40624706967008467,0.5169352286245084,0.30985915492957744,32.670942515258076,0,,,0,0.0
2026-09-17T05:18:35+00:00,portfolio-9e3c0b8359f0aa6f690a,shadow-1h-balanced,SHADOW_1H_BALANCED,BASELINE,PAPER_PORTFOLIO,3.69,E,True,206,0,-0.14897626220185195,0.7596144564977205,0.39805825242718446,52.28035294411766,2,,,0,0.0
2026-09-17T05:18:35+00:00,portfolio-f6810d0869c7957cd69b,shadow-scanner-top5-btc-btc-2-3-v1,SHADOW_SCANNER_TOP5_BTC_BTC_2_3_V1,BASELINE,PAPER_PORTFOLIO,3.4,E,True,64,0,-0.3988311988499707,0.4488285460196507,0.28125,27.253749132596155,0,,,0,0.0
2026-09-17T05:18:35+00:00,portfolio-4817f756aec21c6276aa,shadow-doge-bollinger-1h,SHADOW_DOGE_BOLLINGER_1H,BASELINE,PAPER_PORTFOLIO,3.4,E,False,19,0,-0.2517463441037074,0.5804954522303822,0.47368421052631576,5.743749967365963,0,,,0,0.0
2026-09-17T05:18:35+00:00,portfolio-c3c8f5fcd89693765096,shadow-rsi-long-15x-10-rsi20,SHADOW_RSI_LONG_15X_10_RSI20,BASELINE,PAPER_PORTFOLIO,3.39,E,False,12,0,-0.16205600836858414,0.6433324848245834,0.3333333333333333,2.2359860515485392,0,,,0,0.0
2026-09-17T05:18:35+00:00,portfolio-153c426889a806878f49,shadow-rsi-long-15x-50-rsi20,SHADOW_RSI_LONG_15X_50_RSI20,BASELINE,PAPER_PORTFOLIO,3.39,E,False,12,0,-0.16205600836858416,0.6433324848245833,0.3333333333333333,2.2359860515485392,0,,,0,0.0
2026-09-17T05:18:35+00:00,portfolio-b8f11aa68ad68cf7a66b,shadow-scanner-bottom5-short-profit-lock-v1,SHADOW_SCANNER_BOTTOM5_SHORT_PROFIT_LOCK_V1,BASELINE,PAPER_PORTFOLIO,3.3,E,True,63,0,-0.49909625583047296,0.4364071263781208,0.30158730158730157,35.93878074211793,0,,,0,0.0
2026-09-17T05:18:35+00:00,portfolio-bb34be0621fc28d02e45,shadow-scanner-bottom5-short-mfe-trail-v1,SHADOW_SCANNER_BOTTOM5_SHORT_MFE_TRAIL_V1,BASELINE,PAPER_PORTFOLIO,3.2,E,True,62,0,-0.4957962716812201,0.4394528404634712,0.3064516129032258,33.39528189456674,0,,,0,0.0
2026-09-17T05:18:35+00:00,portfolio-95832d038fbf7e6529e6,main,MAIN,BASELINE,PAPER_PORTFOLIO,2.99,E,True,60,0,-0.0015855108155984707,0.9973792320405138,0.4166666666666667,15.450227753450205,1,,,0,0.0
2026-09-17T05:18:35+00:00,portfolio-50c2b19a5ebdc2f2ee65,shadow-global-pure,SHADOW_GLOBAL_PURE,BASELINE,PAPER_PORTFOLIO,2.89,E,False,23,0,-0.1907861535098776,0.6676532183625913,0.391304347826087,7.54115727491781,0,,,0,0.0
2026-09-17T05:18:35+00:00,portfolio-81a8be501c346f6c44b4,shadow-btc-adaptive-4h,SHADOW_BTC_ADAPTIVE_4H,BASELINE,PAPER_PORTFOLIO,2.74,E,False,4,0,-0.17046325165944215,0.7804248249113376,0.25,2.097795886742011,0,,,0,0.0
2026-09-17T05:18:35+00:00,portfolio-290e0461e5869c4146fe,shadow-eth-bollinger-1h,SHADOW_ETH_BOLLINGER_1H,BASELINE,PAPER_PORTFOLIO,2.7,E,False,12,0,-0.21641083549993362,0.7063084165541944,0.5,7.724894504774885,0,,,0,0.0
2026-09-17T05:18:35+00:00,portfolio-d1314b7ff8149020140b,shadow-sol-bollinger-1h,SHADOW_SOL_BOLLINGER_1H,BASELINE,PAPER_PORTFOLIO,2.63,E,False,20,0,-0.222997867247937,0.672826913580261,0.4,6.694477551336885,0,,,0,0.0
2026-09-17T05:18:35+00:00,portfolio-62b88609bb6c985b4a84,shadow-rsi-short-15x-10-rsi80,SHADOW_RSI_SHORT_15X_10_RSI80,BASELINE,PAPER_PORTFOLIO,2.56,E,False,18,0,-0.2344897397726006,0.5495352231632684,0.4444444444444444,7.461238884975548,0,,,0,0.0
2026-09-17T05:18:35+00:00,portfolio-0cb33af5f09e9f755a8d,shadow-rsi-short-15x-50-rsi80,SHADOW_RSI_SHORT_15X_50_RSI80,BASELINE,PAPER_PORTFOLIO,2.56,E,False,18,0,-0.23448973977260065,0.5495352231632683,0.4444444444444444,7.4612388849755495,0,,,0,0.0
2026-09-17T05:18:35+00:00,portfolio-2de2d373ceb02d710737,shadow-1h-balanced-short-trend-down-strict-v1,SHADOW_1H_BALANCED_SHORT_TREND_DOWN_STRICT_V1,BASELINE,PAPER_PORTFOLIO,2.35,E,False,15,0,-0.216544759103167,0.6697082332703653,0.4,6.244356292309788,0,,,0,0.0
2026-09-17T05:18:35+00:00,portfolio-070a6a6fb11c2321a3af,shadow-rsi-long-5x-rsi25,SHADOW_RSI_LONG_5X_RSI25,BASELINE,PAPER_PORTFOLIO,2.04,E,False,22,0,-0.26884430375027746,0.525913811427116,0.3181818181818182,6.492072240269247,0,,,0,0.0
2026-09-17T05:18:35+00:00,portfolio-1ceb3e00677a80a808ff,shadow-btc-ema-4h,SHADOW_BTC_EMA_4H,BASELINE,PAPER_PORTFOLIO,1.8,E,False,5,0,-0.3398820507151677,0.5871320190611771,0.2,2.106831850594456,0,,,0,0.0
2026-09-17T05:18:35+00:00,portfolio-367dcc12fca7439720d9,shadow-eth-ema-1h,SHADOW_ETH_EMA_1H,BASELINE,PAPER_PORTFOLIO,1.79,E,True,33,0,-0.33045889828051733,0.5212147836286013,0.36363636363636365,10.989597087507779,0,,,0,0.0
2026-09-17T05:18:35+00:00,portfolio-8b2f0290d089fd0bd0d1,shadow-rsi-short-5x-rsi80,SHADOW_RSI_SHORT_5X_RSI80,BASELINE,PAPER_PORTFOLIO,1.65,E,False,18,0,-0.2409170801289499,0.5652694216194848,0.3888888888888889,8.063272850312657,0,,,0,0.0
2026-09-17T05:18:35+00:00,portfolio-16c6a37876414ef12dbf,shadow-eth-donchian-1h,SHADOW_ETH_DONCHIAN_1H,BASELINE,PAPER_PORTFOLIO,1.51,E,False,23,0,-0.2820024329941934,0.6113821166157732,0.34782608695652173,8.378271823866449,0,,,0,0.0
2026-09-17T05:18:35+00:00,portfolio-9d6c1ff34fb282adfae0,shadow-eth-ema-4h,SHADOW_ETH_EMA_4H,BASELINE,PAPER_PORTFOLIO,1.45,E,False,9,0,-0.48328854153859274,0.41039446992354117,0.2222222222222222,4.349596873847334,0,,,0,0.0
2026-09-17T05:18:35+00:00,portfolio-30e9a0824a877a3a8e84,shadow-btc-donchian-4h,SHADOW_BTC_DONCHIAN_4H,BASELINE,PAPER_PORTFOLIO,1.43,E,False,7,0,-0.5461065206035028,0.4154113426331827,0.14285714285714285,3.82274564422452,0,,,0,0.0
2026-09-17T05:18:35+00:00,portfolio-284f9796f731bec657b4,shadow-rsi-long-15x-10-rsi25,SHADOW_RSI_LONG_15X_10_RSI25,BASELINE,PAPER_PORTFOLIO,1.4,E,False,22,0,-0.3141412962683607,0.45102358245865526,0.36363636363636365,8.8790768869634,0,,,0,0.0
2026-09-17T05:18:35+00:00,portfolio-ad739df1f7a422d33c51,shadow-rsi-long-15x-50-rsi25,SHADOW_RSI_LONG_15X_50_RSI25,BASELINE,PAPER_PORTFOLIO,1.4,E,False,22,0,-0.3141412962683607,0.4510235824586552,0.36363636363636365,8.879076886963404,0,,,0,0.0
2026-09-17T05:18:35+00:00,portfolio-5acfa7d284755aa493b0,shadow-eth-adaptive-1h,SHADOW_ETH_ADAPTIVE_1H,BASELINE,PAPER_PORTFOLIO,1.29,E,False,25,0,-0.3986892337159853,0.4430810611148994,0.36,9.977866028717862,0,,,0,0.0
2026-09-17T05:18:35+00:00,portfolio-9139cc28ff21fc1fc3dc,shadow-rsi-long-15x-10-rsi15,SHADOW_RSI_LONG_15X_10_RSI15,BASELINE,PAPER_PORTFOLIO,1.03,E,False,5,0,-0.8819891907760203,0.09474437381486656,0.2,4.4099459538801025,0,,,0,0.0
2026-09-17T05:18:35+00:00,portfolio-436d06d849f096b751ad,shadow-rsi-long-15x-50-rsi15,SHADOW_RSI_LONG_15X_50_RSI15,BASELINE,PAPER_PORTFOLIO,1.03,E,False,5,0,-0.8819891907760204,0.09474437381486656,0.2,4.4099459538801025,0,,,0,0.0
2026-09-17T05:18:35+00:00,portfolio-c9b40dbd11f5f511bd0f,shadow-rsi-long-5x-rsi15,SHADOW_RSI_LONG_5X_RSI15,BASELINE,PAPER_PORTFOLIO,1.03,E,False,5,0,-0.8834666352258286,0.09322795511659646,0.2,4.417333176129143,0,,,0,0.0
2026-09-17T05:18:35+00:00,portfolio-b3d557ccad6e9b11f365,shadow-btc-ema-1h,SHADOW_BTC_EMA_1H,BASELINE,PAPER_PORTFOLIO,0.47,E,False,27,0,-0.45188292989624507,0.3798495276630333,0.25925925925925924,12.677876180347326,0,,,0,0.0
2026-09-17T05:18:35+00:00,portfolio-93741e08d7293a0349c0,shadow-master-adaptive-strict3-v1,SHADOW_MASTER_ADAPTIVE_STRICT3_V1,BASELINE,PAPER_PORTFOLIO,0.2,E,True,82,0,-0.3449071883209896,0.6145193379722091,0.2804878048780488,32.98178794872565,1,,,0,0.0
