research_id,experiment_group_id,profile,portfolio_source,strategy,asset,side,timeframe_minutes,opened_at,closed_at,entry_price,exit_price,stop_price,target_price,stop_pct,target_pct,holding_hours,close_reason,normalized_risk_eur,normalized_notional_eur,gross_pnl_eur,costs_eur,net_pnl_eur,r_multiple,score,confidence,entry_regime,entry_regime_family,entry_regime_confidence,entry_volatility_state,entry_btc_trend_score,entry_btc_adx,entry_breadth_above_ema50_pct,entry_alt_relative_median_pct,entry_dispersion_pct,exit_regime,exit_regime_family,exit_regime_confidence
SHADOW_1H_BALANCED|ETH|60|2026-07-13T00:00:00+00:00|LONG,3318b687aa41d1cf124d,SHADOW_1H_BALANCED,SHADOW_1H_BALANCED,confluence_trend,ETH,LONG,60,2026-07-13T01:07:33+00:00,2026-07-13T03:00:00+00:00,1824.08,1797.813248,1797.813248,1876.613504,0.0144,0.0288,1.8741666666666668,STOP,10.0,694.4444444444445,-9.999999999999979,1.1111111111111112,-11.11111111111109,-1.111111111111109,5.9502,MEDIA,ALT_ROTATION_UP,ALT_ROTATION,74.7,NORMAL,1.0,15.024,58.333,1.4828,57.7263,RANGE_HIGH_VOL,RANGE,87.6
SHADOW_1H_BALANCED|ZEC|60|2026-07-13T00:00:00+00:00|LONG,bbdc3c282207bdf0fb4a,SHADOW_1H_BALANCED,SHADOW_1H_BALANCED,confluence_trend,ZEC,LONG,60,2026-07-13T01:07:33+00:00,2026-07-13T03:00:00+00:00,531.94,517.8702721104,517.8702721104,560.0794557792,0.02644984,0.05289968,1.8741666666666668,STOP,10.0,378.07412067521017,-10.000000000000023,0.6049185930803362,-10.60491859308036,-1.060491859308036,5.605,MEDIA,ALT_ROTATION_UP,ALT_ROTATION,74.7,NORMAL,1.0,15.024,58.333,1.4828,57.7263,RANGE_HIGH_VOL,RANGE,87.6
SHADOW_1H_BALANCED|PEPE|60|2026-07-13T00:00:00+00:00|LONG,6e684b7bbe54a9b5da0b,SHADOW_1H_BALANCED,SHADOW_1H_BALANCED,confluence_trend,PEPE,LONG,60,2026-07-13T01:07:33+00:00,2026-07-13T03:00:00+00:00,2.7827e-06,2.727388606024e-06,2.727388606024e-06,2.893322787952e-06,0.01987688,0.03975376,1.8741666666666668,STOP,10.0,503.0970655354362,-9.999999999999993,0.8049553048566979,-10.80495530485669,-1.0804955304856692,5.2781,MEDIA,ALT_ROTATION_UP,ALT_ROTATION,74.7,NORMAL,1.0,15.024,58.333,1.4828,57.7263,RANGE_HIGH_VOL,RANGE,87.6
SHADOW_1H_FAST|ZEC|60|2026-07-13T00:00:00+00:00|LONG,bbdc3c282207bdf0fb4a,SHADOW_1H_FAST,SHADOW_1H_FAST,momentum_breakout,ZEC,LONG,60,2026-07-13T01:07:33+00:00,2026-07-13T03:00:00+00:00,531.94,520.9968771260001,520.9968771260001,548.354684311,0.0205721,0.03085815,1.8741666666666668,STOP,10.0,486.09524550240377,-9.999999999999991,0.7777523928038461,-10.777752392803837,-1.0777752392803837,5.605,MEDIA,ALT_ROTATION_UP,ALT_ROTATION,74.7,NORMAL,1.0,15.024,58.333,1.4828,57.7263,RANGE_HIGH_VOL,RANGE,87.6
SHADOW_RELATIVE_STRENGTH|ETH|60|2026-07-13T00:00:00+00:00|LONG,3318b687aa41d1cf124d,SHADOW_RELATIVE_STRENGTH,SHADOW_RELATIVE_STRENGTH,relative_strength,ETH,LONG,60,2026-07-13T01:07:33+00:00,2026-07-13T03:00:00+00:00,1824.08,1797.813248,1797.813248,1881.8668543999997,0.0144,0.03168,1.8741666666666668,STOP,10.0,694.4444444444445,-9.999999999999979,1.1111111111111112,-11.11111111111109,-1.111111111111109,5.9502,MEDIA,ALT_ROTATION_UP,ALT_ROTATION,74.7,NORMAL,1.0,15.024,58.333,1.4828,57.7263,RANGE_HIGH_VOL,RANGE,87.6
SHADOW_RELATIVE_STRENGTH|ZEC|60|2026-07-13T00:00:00+00:00|LONG,bbdc3c282207bdf0fb4a,SHADOW_RELATIVE_STRENGTH,SHADOW_RELATIVE_STRENGTH,relative_strength,ZEC,LONG,60,2026-07-13T01:07:33+00:00,2026-07-13T03:00:00+00:00,531.94,517.8702721104,517.8702721104,562.8934024210001,0.02644984,0.05818965,1.8741666666666668,STOP,10.0,378.07412067521017,-10.000000000000023,0.6049185930803362,-10.60491859308036,-1.060491859308036,5.605,MEDIA,ALT_ROTATION_UP,ALT_ROTATION,74.7,NORMAL,1.0,15.024,58.333,1.4828,57.7263,RANGE_HIGH_VOL,RANGE,87.6
SHADOW_RELATIVE_STRENGTH|PEPE|60|2026-07-13T00:00:00+00:00|LONG,6e684b7bbe54a9b5da0b,SHADOW_RELATIVE_STRENGTH,SHADOW_RELATIVE_STRENGTH,relative_strength,PEPE,LONG,60,2026-07-13T01:07:33+00:00,2026-07-13T03:00:00+00:00,2.7827e-06,2.727388606024e-06,2.727388606024e-06,2.904385077878e-06,0.01987688,0.04372914,1.8741666666666668,STOP,10.0,503.0970655354362,-9.999999999999993,0.8049553048566979,-10.80495530485669,-1.0804955304856692,5.2781,MEDIA,ALT_ROTATION_UP,ALT_ROTATION,74.7,NORMAL,1.0,15.024,58.333,1.4828,57.7263,RANGE_HIGH_VOL,RANGE,87.6
SHADOW_1H_BALANCED|T|60|2026-07-13T00:00:00+00:00|LONG,48afad9bc3a9d65feb29,SHADOW_1H_BALANCED,SHADOW_1H_BALANCED,confluence_trend,T,LONG,60,2026-07-13T01:07:33+00:00,2026-07-13T06:00:00+00:00,0.005432,0.00489786182536,0.00489786182536,0.00650027629496,0.09833177,0.19666353,4.8741666666666665,STOP,10.0,101.69653205672999,-10.000000000000005,0.162714451290768,-10.162714451290773,-1.0162714451290773,6.25,BUONA,ALT_ROTATION_UP,ALT_ROTATION,74.7,NORMAL,1.0,15.024,58.333,1.4828,57.7263,RANGE_HIGH_VOL,RANGE,87.6
SHADOW_1H_FAST|T|60|2026-07-13T00:00:00+00:00|LONG,48afad9bc3a9d65feb29,SHADOW_1H_FAST,SHADOW_1H_FAST,momentum_breakout,T,LONG,60,2026-07-13T01:07:33+00:00,2026-07-13T04:00:00+00:00,0.005432,0.00501655922768,0.00501655922768,0.00605516115848,0.07648026,0.11472039,2.8741666666666665,STOP,10.0,130.75269357086393,-9.999999999999996,0.2092043097133823,-10.209204309713378,-1.0209204309713378,6.25,BUONA,ALT_ROTATION_UP,ALT_ROTATION,74.7,NORMAL,1.0,15.024,58.333,1.4828,57.7263,RANGE_HIGH_VOL,RANGE,87.6
SHADOW_RELATIVE_STRENGTH|T|60|2026-07-13T00:00:00+00:00|LONG,48afad9bc3a9d65feb29,SHADOW_RELATIVE_STRENGTH,SHADOW_RELATIVE_STRENGTH,relative_strength,T,LONG,60,2026-07-13T01:07:33+00:00,2026-07-13T06:00:00+00:00,0.005432,0.00489786182536,0.00489786182536,0.00660710396248,0.09833177,0.21632989,4.8741666666666665,STOP,10.0,101.69653205672999,-10.000000000000005,0.162714451290768,-10.162714451290773,-1.0162714451290773,6.25,BUONA,ALT_ROTATION_UP,ALT_ROTATION,74.7,NORMAL,1.0,15.024,58.333,1.4828,57.7263,RANGE_HIGH_VOL,RANGE,87.6
SHADOW_1H_FAST|LAB|60|2026-07-13T00:00:00+00:00|SHORT,2c50851666eba7a09625,SHADOW_1H_FAST,SHADOW_1H_FAST,momentum_breakout,LAB,SHORT,60,2026-07-13T01:07:33+00:00,2026-07-13T07:00:00+00:00,0.42254,0.34648280000000004,0.4732448000000001,0.34648280000000004,0.12,0.18,5.8741666666666665,TARGET,10.0,83.33333333333334,14.999999999999996,0.13333333333333336,14.866666666666664,1.4866666666666664,-7.75,ALTA,ALT_ROTATION_UP,ALT_ROTATION,74.7,NORMAL,1.0,15.024,58.333,1.4828,57.7263,RANGE,RANGE,80.4
SHADOW_1H_BALANCED|EVAA|60|2026-07-13T07:00:00+00:00|SHORT,b70b260e5d673e8663c2,SHADOW_1H_BALANCED,SHADOW_1H_BALANCED,confluence_trend,EVAA,SHORT,60,2026-07-13T08:02:22+00:00,2026-07-13T09:00:00+00:00,0.9251,1.0361120000000001,1.0361120000000001,0.703076,0.12,0.24,0.9605555555555556,STOP,10.0,83.33333333333334,-10.00000000000001,0.13333333333333336,-10.133333333333344,-1.0133333333333343,-7.75,ALTA,RANGE,RANGE,80.4,NORMAL,0.0,18.078,8.333,0.3245,10.5848,RANGE,RANGE,80.4
SHADOW_1H_FAST|EVAA|60|2026-07-13T07:00:00+00:00|SHORT,b70b260e5d673e8663c2,SHADOW_1H_FAST,SHADOW_1H_FAST,momentum_breakout,EVAA,SHORT,60,2026-07-13T08:02:22+00:00,2026-07-13T09:00:00+00:00,0.9251,1.0361120000000001,1.0361120000000001,0.7585820000000001,0.12,0.18,0.9605555555555556,STOP,10.0,83.33333333333334,-10.00000000000001,0.13333333333333336,-10.133333333333344,-1.0133333333333343,-7.75,ALTA,RANGE,RANGE,80.4,NORMAL,0.0,18.078,8.333,0.3245,10.5848,RANGE,RANGE,80.4
SHADOW_RELATIVE_STRENGTH|EVAA|60|2026-07-13T07:00:00+00:00|SHORT,b70b260e5d673e8663c2,SHADOW_RELATIVE_STRENGTH,SHADOW_RELATIVE_STRENGTH,relative_strength,EVAA,SHORT,60,2026-07-13T08:02:22+00:00,2026-07-13T09:00:00+00:00,0.9251,1.0361120000000001,1.0361120000000001,0.6808736,0.12,0.264,0.9605555555555556,STOP,10.0,83.33333333333334,-10.00000000000001,0.13333333333333336,-10.133333333333344,-1.0133333333333343,-7.75,ALTA,RANGE,RANGE,80.4,NORMAL,0.0,18.078,8.333,0.3245,10.5848,RANGE,RANGE,80.4
SHADOW_1H_BALANCED|LAB|60|2026-07-13T00:00:00+00:00|SHORT,2c50851666eba7a09625,SHADOW_1H_BALANCED,SHADOW_1H_BALANCED,confluence_trend,LAB,SHORT,60,2026-07-13T01:07:33+00:00,2026-07-13T12:00:00+00:00,0.42254,0.32113040000000004,0.4732448000000001,0.32113040000000004,0.12,0.24,10.874166666666667,TARGET,10.0,83.33333333333334,20.0,0.13333333333333336,19.866666666666667,1.9866666666666668,-7.75,ALTA,ALT_ROTATION_UP,ALT_ROTATION,74.7,NORMAL,1.0,15.024,58.333,1.4828,57.7263,RANGE,RANGE,80.4
SHADOW_RELATIVE_STRENGTH|LAB|60|2026-07-13T00:00:00+00:00|SHORT,2c50851666eba7a09625,SHADOW_RELATIVE_STRENGTH,SHADOW_RELATIVE_STRENGTH,relative_strength,LAB,SHORT,60,2026-07-13T01:07:33+00:00,2026-07-13T14:00:00+00:00,0.42254,0.31098944,0.4732448000000001,0.31098944,0.12,0.264,12.874166666666667,TARGET,10.0,83.33333333333334,22.000000000000004,0.13333333333333336,21.86666666666667,2.186666666666667,-7.75,ALTA,ALT_ROTATION_UP,ALT_ROTATION,74.7,NORMAL,1.0,15.024,58.333,1.4828,57.7263,RANGE,RANGE,80.4
MAIN|EVAA|240|2026-07-13T04:00:00+00:00|SHORT,9d0c447b8cdc5bb08b2f,MAIN,MAIN,confluence_trend,EVAA,SHORT,240,2026-07-13T08:02:22+00:00,2026-07-13T12:00:00+00:00,0.9251,0.703076,1.0361120000000001,0.703076,0.12,0.24,3.9605555555555556,TARGET,10.0,83.33333333333334,20.0,0.13333333333333336,19.866666666666667,1.9866666666666668,-6.25,BUONA,RANGE,RANGE,80.4,NORMAL,0.0,18.078,8.333,0.3245,10.5848,RANGE,RANGE,80.4
SHADOW_1H_FAST|HYPE|60|2026-07-13T07:00:00+00:00|SHORT,4c13db0c678c8a0b40af,SHADOW_1H_FAST,SHADOW_1H_FAST,momentum_breakout,HYPE,SHORT,60,2026-07-13T08:02:22+00:00,2026-07-13T13:00:00+00:00,65.54,64.2045556492,66.4302960154,64.2045556492,0.01358401,0.02037602,4.960555555555556,TARGET,10.0,736.1596465255841,15.000003680798269,1.1778554344409347,13.822148246357335,1.3822148246357335,-5.2683,MEDIA,RANGE,RANGE,80.4,NORMAL,0.0,18.078,8.333,0.3245,10.5848,RANGE,RANGE,80.4
SHADOW_1H_FAST|LAB|60|2026-07-13T07:00:00+00:00|SHORT,32be58591da4cabc64b6,SHADOW_1H_FAST,SHADOW_1H_FAST,momentum_breakout,LAB,SHORT,60,2026-07-13T08:02:22+00:00,2026-07-13T15:00:00+00:00,0.34767,0.2850894,0.3893904,0.2850894,0.12,0.18,6.960555555555556,TARGET,10.0,83.33333333333334,14.999999999999996,0.13333333333333336,14.866666666666664,1.4866666666666664,-8.25,ALTA,RANGE,RANGE,80.4,NORMAL,0.0,18.078,8.333,0.3245,10.5848,RANGE,RANGE,80.4
SHADOW_1H_BALANCED|VELVET|60|2026-07-13T09:00:00+00:00|LONG,40ff0427d48373107e54,SHADOW_1H_BALANCED,SHADOW_1H_BALANCED,confluence_trend,VELVET,LONG,60,2026-07-13T10:15:54+00:00,2026-07-13T14:00:00+00:00,0.59454,0.5402947768308,0.5402947768308,0.7030304522837999,0.09123898,0.18247797,3.735,STOP,10.0,109.60227744764354,-9.999999999999996,0.1753636439162297,-10.175363643916226,-1.0175363643916226,6.75,BUONA,RANGE,RANGE,80.4,NORMAL,0.0,18.078,8.333,-0.1364,17.7014,RANGE,RANGE,80.4
SHADOW_1H_FAST|EVAA|60|2026-07-13T09:00:00+00:00|SHORT,a0d10c4443345c3aaf98,SHADOW_1H_FAST,SHADOW_1H_FAST,momentum_breakout,EVAA,SHORT,60,2026-07-13T10:15:54+00:00,2026-07-13T14:00:00+00:00,0.8142,0.6676440000000001,0.9119040000000002,0.6676440000000001,0.12,0.18,3.735,TARGET,10.0,83.33333333333334,14.999999999999988,0.13333333333333336,14.866666666666655,1.4866666666666655,-8.25,ALTA,RANGE,RANGE,80.4,NORMAL,0.0,18.078,8.333,-0.1364,17.7014,RANGE,RANGE,80.4
SHADOW_1H_FAST|VELVET|60|2026-07-13T09:00:00+00:00|LONG,40ff0427d48373107e54,SHADOW_1H_FAST,SHADOW_1H_FAST,momentum_breakout,VELVET,LONG,60,2026-07-13T10:15:54+00:00,2026-07-13T14:00:00+00:00,0.59454,0.5523492715289999,0.5523492715289999,0.6578260956792,0.07096365,0.10644548,3.735,STOP,10.0,140.9172160676628,-10.000000000000005,0.22546754570826047,-10.225467545708266,-1.0225467545708267,6.75,BUONA,RANGE,RANGE,80.4,NORMAL,0.0,18.078,8.333,-0.1364,17.7014,RANGE,RANGE,80.4
SHADOW_RELATIVE_STRENGTH|VELVET|60|2026-07-13T09:00:00+00:00|LONG,40ff0427d48373107e54,SHADOW_RELATIVE_STRENGTH,SHADOW_RELATIVE_STRENGTH,relative_strength,VELVET,LONG,60,2026-07-13T10:15:54+00:00,2026-07-13T14:00:00+00:00,0.59454,0.5402947768308,0.5402947768308,0.7138794933504,0.09123898,0.20072576,3.735,STOP,10.0,109.60227744764354,-9.999999999999996,0.1753636439162297,-10.175363643916226,-1.0175363643916226,6.75,BUONA,RANGE,RANGE,80.4,NORMAL,0.0,18.078,8.333,-0.1364,17.7014,RANGE,RANGE,80.4
SHADOW_1H_BALANCED|XRP|60|2026-07-13T00:00:00+00:00|SHORT,45428268a0d945b123f8,SHADOW_1H_BALANCED,SHADOW_1H_BALANCED,confluence_trend,XRP,SHORT,60,2026-07-13T01:07:33+00:00,2026-07-13T17:00:00+00:00,1.09034,1.058938208,1.106040896,1.058938208,0.0144,0.0288,15.874166666666667,TARGET,10.0,694.4444444444445,20.000000000000032,1.1111111111111112,18.88888888888892,1.8888888888888922,-6.398,BUONA,ALT_ROTATION_UP,ALT_ROTATION,74.7,NORMAL,1.0,15.024,58.333,1.4828,57.7263,RANGE_HIGH_VOL,RANGE,80.4
SHADOW_1H_BALANCED|ADA|60|2026-07-13T00:00:00+00:00|SHORT,7a7376cef34692335c18,SHADOW_1H_BALANCED,SHADOW_1H_BALANCED,confluence_trend,ADA,SHORT,60,2026-07-13T01:07:33+00:00,2026-07-13T17:00:00+00:00,0.16214,0.1569121556508,0.1647539221746,0.1569121556508,0.01612139,0.03224278,15.874166666666667,TARGET,10.0,620.2939076593271,20.000000000000018,0.9924702522549235,19.007529747745096,1.9007529747745096,-6.6456,BUONA,ALT_ROTATION_UP,ALT_ROTATION,74.7,NORMAL,1.0,15.024,58.333,1.4828,57.7263,RANGE_HIGH_VOL,RANGE,80.4
SHADOW_1H_BALANCED|HYPE|60|2026-07-13T07:00:00+00:00|SHORT,4c13db0c678c8a0b40af,SHADOW_1H_BALANCED,SHADOW_1H_BALANCED,confluence_trend,HYPE,SHORT,60,2026-07-13T08:02:22+00:00,2026-07-13T16:00:00+00:00,65.54,63.25066682720001,66.6846665864,63.25066682720001,0.01746516,0.03493032,7.960555555555556,TARGET,10.0,572.5684734637415,19.999999999999975,0.9161095575419864,19.08389044245799,1.908389044245799,-5.2683,MEDIA,RANGE,RANGE,80.4,NORMAL,0.0,18.078,8.333,0.3245,10.5848,RANGE_HIGH_VOL,RANGE,80.4
SHADOW_1H_BALANCED|LAB|60|2026-07-13T15:00:00+00:00|SHORT,940228fe2828e4e9c599,SHADOW_1H_BALANCED,SHADOW_1H_BALANCED,confluence_trend,LAB,SHORT,60,2026-07-13T16:08:38+00:00,2026-07-13T17:00:00+00:00,0.3296,0.250496,0.36915200000000004,0.250496,0.12,0.24,0.8561111111111112,TARGET,10.0,83.33333333333334,20.0,0.13333333333333336,19.866666666666667,1.9866666666666668,-6.75,BUONA,RANGE,RANGE,80.4,NORMAL,0.0,20.853,8.333,-0.3759,14.816,RANGE_HIGH_VOL,RANGE,80.4
SHADOW_1H_FAST|LAB|60|2026-07-13T15:00:00+00:00|SHORT,940228fe2828e4e9c599,SHADOW_1H_FAST,SHADOW_1H_FAST,momentum_breakout,LAB,SHORT,60,2026-07-13T16:08:38+00:00,2026-07-13T17:00:00+00:00,0.3296,0.270272,0.36915200000000004,0.270272,0.12,0.18,0.8561111111111112,TARGET,10.0,83.33333333333334,14.999999999999996,0.13333333333333336,14.866666666666664,1.4866666666666664,-6.75,BUONA,RANGE,RANGE,80.4,NORMAL,0.0,20.853,8.333,-0.3759,14.816,RANGE_HIGH_VOL,RANGE,80.4
SHADOW_1H_FAST|EVAA|60|2026-07-13T15:00:00+00:00|SHORT,6f6c448f9a4bf62b052b,SHADOW_1H_FAST,SHADOW_1H_FAST,momentum_breakout,EVAA,SHORT,60,2026-07-13T16:08:38+00:00,2026-07-13T17:00:00+00:00,0.6969,0.780528,0.780528,0.571458,0.12,0.18,0.8561111111111112,STOP,10.0,83.33333333333334,-10.00000000000001,0.13333333333333336,-10.133333333333344,-1.0133333333333343,-7.75,ALTA,RANGE,RANGE,80.4,NORMAL,0.0,20.853,8.333,-0.3759,14.816,RANGE_HIGH_VOL,RANGE,80.4
SHADOW_RELATIVE_STRENGTH|LAB|60|2026-07-13T15:00:00+00:00|SHORT,940228fe2828e4e9c599,SHADOW_RELATIVE_STRENGTH,SHADOW_RELATIVE_STRENGTH,relative_strength,LAB,SHORT,60,2026-07-13T16:08:38+00:00,2026-07-13T17:00:00+00:00,0.3296,0.2425856,0.36915200000000004,0.2425856,0.12,0.264,0.8561111111111112,TARGET,10.0,83.33333333333334,22.000000000000004,0.13333333333333336,21.86666666666667,2.186666666666667,-6.75,BUONA,RANGE,RANGE,80.4,NORMAL,0.0,20.853,8.333,-0.3759,14.816,RANGE_HIGH_VOL,RANGE,80.4
MAIN|LAB|240|2026-07-13T04:00:00+00:00|SHORT,e3121fc97cc5dc48a5d6,MAIN,MAIN,confluence_trend,LAB,SHORT,240,2026-07-13T08:02:22+00:00,2026-07-13T16:00:00+00:00,0.34767,0.2642292,0.3893904,0.2642292,0.12,0.24,7.960555555555556,TARGET,10.0,83.33333333333334,20.0,0.13333333333333336,19.866666666666667,1.9866666666666668,-7.75,ALTA,RANGE,RANGE,80.4,NORMAL,0.0,18.078,8.333,0.3245,10.5848,RANGE,RANGE,80.4
SHADOW_4H_WIDE|LAB|240|2026-07-13T04:00:00+00:00|SHORT,e3121fc97cc5dc48a5d6,SHADOW_4H_WIDE,SHADOW_4H_WIDE,confluence_trend,LAB,SHORT,240,2026-07-13T08:02:22+00:00,2026-07-13T16:00:00+00:00,0.34767,0.23085287999999995,0.3893904,0.23085287999999995,0.12,0.336,7.960555555555556,TARGET,10.0,83.33333333333334,28.00000000000001,0.13333333333333336,27.866666666666678,2.786666666666668,-7.75,ALTA,RANGE,RANGE,80.4,NORMAL,0.0,18.078,8.333,0.3245,10.5848,RANGE,RANGE,80.4
SHADOW_1H_FAST|DOGE|60|2026-07-13T17:00:00+00:00|SHORT,368f3bebddc726e209a1,SHADOW_1H_FAST,SHADOW_1H_FAST,momentum_breakout,DOGE,SHORT,60,2026-07-13T18:11:31+00:00,2026-07-13T19:00:00+00:00,0.07099,0.07178508800000001,0.07178508800000001,0.069797368,0.0112,0.0168,0.8080555555555555,STOP,10.0,892.8571428571429,-10.000000000000089,1.4285714285714286,-11.428571428571518,-1.1428571428571517,-9.0623,ALTA,RANGE_HIGH_VOL,RANGE,80.4,HIGH,0.0,20.853,0.0,-1.0717,13.5037,RANGE,RANGE,80.4
SHADOW_1H_FAST|ETH|60|2026-07-13T17:00:00+00:00|SHORT,fe9f5c2e77715e3f92e7,SHADOW_1H_FAST,SHADOW_1H_FAST,momentum_breakout,ETH,SHORT,60,2026-07-13T18:11:31+00:00,2026-07-13T19:00:00+00:00,1753.38,1773.0178560000004,1773.0178560000004,1723.9232160000001,0.0112,0.0168,0.8080555555555555,STOP,10.0,892.8571428571429,-10.000000000000089,1.4285714285714286,-11.428571428571518,-1.1428571428571517,-5.4489,MEDIA,RANGE_HIGH_VOL,RANGE,80.4,HIGH,0.0,20.853,0.0,-1.0717,13.5037,RANGE,RANGE,80.4
SHADOW_1H_FAST|XRP|60|2026-07-13T17:00:00+00:00|SHORT,706178d3c1c0187c0898,SHADOW_1H_FAST,SHADOW_1H_FAST,momentum_breakout,XRP,SHORT,60,2026-07-13T18:11:31+00:00,2026-07-13T19:00:00+00:00,1.05717,1.069010304,1.069010304,1.039409544,0.0112,0.0168,0.8080555555555555,STOP,10.0,892.8571428571429,-10.000000000000089,1.4285714285714286,-11.428571428571518,-1.1428571428571517,-7.8369,ALTA,RANGE_HIGH_VOL,RANGE,80.4,HIGH,0.0,20.853,0.0,-1.0717,13.5037,RANGE,RANGE,80.4
SHADOW_1H_FAST|EVAA|60|2026-07-13T17:00:00+00:00|SHORT,2315c40abf463080252d,SHADOW_1H_FAST,SHADOW_1H_FAST,momentum_breakout,EVAA,SHORT,60,2026-07-13T18:11:31+00:00,2026-07-13T20:00:00+00:00,0.7866,0.880992,0.880992,0.645012,0.12,0.18,1.8080555555555555,STOP,10.0,83.33333333333334,-10.00000000000001,0.13333333333333336,-10.133333333333344,-1.0133333333333343,-5.75,MEDIA,RANGE_HIGH_VOL,RANGE,80.4,HIGH,0.0,20.853,0.0,-1.0717,13.5037,RANGE,RANGE,80.4
SHADOW_1H_BALANCED|SOL|60|2026-07-13T07:00:00+00:00|SHORT,c8d521b2daf2c5a86c8b,SHADOW_1H_BALANCED,SHADOW_1H_BALANCED,confluence_trend,SOL,SHORT,60,2026-07-13T08:02:22+00:00,2026-07-13T21:00:00+00:00,76.492,74.2890304,77.5934848,74.2890304,0.0144,0.0288,12.960555555555555,TARGET,10.0,694.4444444444445,20.000000000000032,1.1111111111111112,18.88888888888892,1.8888888888888922,-6.6027,BUONA,RANGE,RANGE,80.4,NORMAL,0.0,18.078,8.333,0.3245,10.5848,RANGE_HIGH_VOL,RANGE,80.4
MAIN|ZEC|240|2026-07-13T04:00:00+00:00|LONG,ca07ad5d1b076bf1b3a4,MAIN,MAIN,confluence_trend,ZEC,LONG,240,2026-07-13T08:02:22+00:00,2026-07-13T20:00:00+00:00,522.26,492.061412246,492.061412246,582.6571807306,0.0578229,0.11564581,11.960555555555555,STOP,10.0,172.94186213420633,-10.000000000000002,0.27670697941473016,-10.276706979414731,-1.0276706979414731,7.75,ALTA,RANGE,RANGE,80.4,NORMAL,0.0,18.078,8.333,0.3245,10.5848,RANGE,RANGE,80.4
MAIN|EVAA|240|2026-07-13T12:00:00+00:00|SHORT,ac68b39fcd5fef8c0172,MAIN,MAIN,confluence_trend,EVAA,SHORT,240,2026-07-13T16:08:38+00:00,2026-07-13T20:00:00+00:00,0.6969,0.780528,0.780528,0.529644,0.12,0.24,3.8561111111111113,STOP,10.0,83.33333333333334,-10.00000000000001,0.13333333333333336,-10.133333333333344,-1.0133333333333343,-6.25,BUONA,RANGE,RANGE,80.4,NORMAL,0.0,20.853,8.333,-0.3759,14.816,RANGE,RANGE,80.4
SHADOW_1H_BALANCED|LAB|60|2026-07-13T17:00:00+00:00|SHORT,ec02eef60bb4ecbab31d,SHADOW_1H_BALANCED,SHADOW_1H_BALANCED,confluence_trend,LAB,SHORT,60,2026-07-13T18:11:31+00:00,2026-07-13T23:00:00+00:00,0.23295,0.260904,0.260904,0.177042,0.12,0.24,4.808055555555556,STOP,10.0,83.33333333333334,-10.00000000000001,0.13333333333333336,-10.133333333333344,-1.0133333333333343,-7.75,ALTA,RANGE_HIGH_VOL,RANGE,80.4,HIGH,0.0,20.853,0.0,-1.0717,13.5037,RANGE,RANGE,80.4
SHADOW_1H_FAST|LAB|60|2026-07-13T17:00:00+00:00|SHORT,ec02eef60bb4ecbab31d,SHADOW_1H_FAST,SHADOW_1H_FAST,momentum_breakout,LAB,SHORT,60,2026-07-13T18:11:31+00:00,2026-07-13T23:00:00+00:00,0.23295,0.260904,0.260904,0.191019,0.12,0.18,4.808055555555556,STOP,10.0,83.33333333333334,-10.00000000000001,0.13333333333333336,-10.133333333333344,-1.0133333333333343,-7.75,ALTA,RANGE_HIGH_VOL,RANGE,80.4,HIGH,0.0,20.853,0.0,-1.0717,13.5037,RANGE,RANGE,80.4
SHADOW_1H_FAST|PEPE|60|2026-07-13T17:00:00+00:00|SHORT,01837abd47e68f599bc5,SHADOW_1H_FAST,SHADOW_1H_FAST,momentum_breakout,PEPE,SHORT,60,2026-07-13T18:11:31+00:00,2026-07-13T23:00:00+00:00,2.6747e-06,2.721257620249e-06,2.721257620249e-06,2.604863556253e-06,0.01740667,0.02611001,4.808055555555556,STOP,10.0,574.4924215832207,-9.999999999999975,0.9191878745331531,-10.919187874533128,-1.0919187874533127,-5.1273,MEDIA,RANGE_HIGH_VOL,RANGE,80.4,HIGH,0.0,20.853,0.0,-1.0717,13.5037,RANGE,RANGE,80.4
SHADOW_RELATIVE_STRENGTH|LAB|60|2026-07-13T17:00:00+00:00|SHORT,ec02eef60bb4ecbab31d,SHADOW_RELATIVE_STRENGTH,SHADOW_RELATIVE_STRENGTH,relative_strength,LAB,SHORT,60,2026-07-13T18:11:31+00:00,2026-07-13T23:00:00+00:00,0.23295,0.260904,0.260904,0.1714512,0.12,0.264,4.808055555555556,STOP,10.0,83.33333333333334,-10.00000000000001,0.13333333333333336,-10.133333333333344,-1.0133333333333343,-7.75,ALTA,RANGE_HIGH_VOL,RANGE,80.4,HIGH,0.0,20.853,0.0,-1.0717,13.5037,RANGE,RANGE,80.4
SHADOW_1H_FAST|VELVET|60|2026-07-13T15:00:00+00:00|LONG,a9bdbe88703e85a39d7f,SHADOW_1H_FAST,SHADOW_1H_FAST,momentum_breakout,VELVET,LONG,60,2026-07-13T16:08:38+00:00,2026-07-14T02:00:00+00:00,0.56571,0.635650028433,0.5190833106066001,0.635650028433,0.08242154,0.1236323,9.856111111111112,TARGET,10.0,121.32750734820048,14.999998786724916,0.1941240117571208,14.805874774967796,1.4805874774967795,5.318,MEDIA,RANGE,RANGE,80.4,NORMAL,0.0,20.853,8.333,-0.3759,14.816,RANGE,RANGE,80.4
SHADOW_1H_BALANCED|ETH|60|2026-07-13T17:00:00+00:00|SHORT,fe9f5c2e77715e3f92e7,SHADOW_1H_BALANCED,SHADOW_1H_BALANCED,confluence_trend,ETH,SHORT,60,2026-07-13T18:11:31+00:00,2026-07-14T00:00:00+00:00,1753.38,1778.628672,1778.628672,1702.882656,0.0144,0.0288,5.808055555555556,STOP,10.0,694.4444444444445,-9.999999999999979,1.1111111111111112,-11.11111111111109,-1.111111111111109,-5.4489,MEDIA,RANGE_HIGH_VOL,RANGE,80.4,HIGH,0.0,20.853,0.0,-1.0717,13.5037,RANGE,RANGE,80.4
SHADOW_1H_BALANCED|PEPE|60|2026-07-13T17:00:00+00:00|SHORT,01837abd47e68f599bc5,SHADOW_1H_BALANCED,SHADOW_1H_BALANCED,confluence_trend,PEPE,SHORT,60,2026-07-13T18:11:31+00:00,2026-07-14T00:00:00+00:00,2.6747e-06,2.734559812747e-06,2.734559812747e-06,2.554980374506e-06,0.02238001,0.04476002,5.808055555555556,STOP,10.0,446.8273249207664,-10.000000000000004,0.7149237198732262,-10.71492371987323,-1.071492371987323,-5.1273,MEDIA,RANGE_HIGH_VOL,RANGE,80.4,HIGH,0.0,20.853,0.0,-1.0717,13.5037,RANGE,RANGE,80.4
SHADOW_1H_FAST|BTC|60|2026-07-13T17:00:00+00:00|SHORT,6bb28057bb00b9482d73,SHADOW_1H_FAST,SHADOW_1H_FAST,momentum_breakout,BTC,SHORT,60,2026-07-13T18:11:31+00:00,2026-07-14T00:00:00+00:00,61924.4,62617.95328000001,62617.95328000001,60884.07008,0.0112,0.0168,5.808055555555556,STOP,10.0,892.8571428571429,-10.000000000000089,1.4285714285714286,-11.428571428571518,-1.1428571428571517,-5.5833,MEDIA,RANGE_HIGH_VOL,RANGE,80.4,HIGH,0.0,20.853,0.0,-1.0717,13.5037,RANGE,RANGE,80.4
SHADOW_1H_FAST|SOL|60|2026-07-13T17:00:00+00:00|SHORT,53ce954d3266e2d55767,SHADOW_1H_FAST,SHADOW_1H_FAST,momentum_breakout,SOL,SHORT,60,2026-07-13T18:11:31+00:00,2026-07-14T00:00:00+00:00,74.573,75.44003267899,75.44003267899,73.27245060864999,0.01162663,0.01743995,5.808055555555556,STOP,10.0,860.094455573111,-10.00000000000007,1.3761511289169777,-11.376151128917048,-1.1376151128917047,-9.505,ALTA,RANGE_HIGH_VOL,RANGE,80.4,HIGH,0.0,20.853,0.0,-1.0717,13.5037,RANGE,RANGE,80.4
SHADOW_1H_FAST|ZEC|60|2026-07-13T20:00:00+00:00|SHORT,2c9efd4e80699c121480,SHADOW_1H_FAST,SHADOW_1H_FAST,momentum_breakout,ZEC,SHORT,60,2026-07-13T21:06:38+00:00,2026-07-14T01:00:00+00:00,494.42,505.30773159240005,505.30773159240005,478.0884026114,0.02202122,0.03303183,3.8894444444444445,STOP,10.0,454.10744727131373,-10.000000000000028,0.726571915634102,-10.72657191563413,-1.072657191563413,-5.3773,MEDIA,RANGE,RANGE,80.4,NORMAL,0.0,22.854,8.333,-0.6461,17.4273,RANGE,RANGE,80.4
SHADOW_1H_BALANCED|ALLO|60|2026-07-13T21:00:00+00:00|LONG,374280603a6bd622f1e5,SHADOW_1H_BALANCED,SHADOW_1H_BALANCED,confluence_trend,ALLO,LONG,60,2026-07-13T22:05:04+00:00,2026-07-14T01:00:00+00:00,0.46369,0.425829433286,0.425829433286,0.539411133428,0.0816506,0.1633012,2.9155555555555557,STOP,10.0,122.47307429461632,-10.000000000000002,0.19595691887138614,-10.195956918871389,-1.019595691887139,8.25,ALTA,RANGE_HIGH_VOL,RANGE,80.4,HIGH,0.0,22.854,8.333,-0.7036,16.0337,RANGE,RANGE,80.4
SHADOW_1H_FAST|ALLO|60|2026-07-13T21:00:00+00:00|LONG,374280603a6bd622f1e5,SHADOW_1H_FAST,SHADOW_1H_FAST,momentum_breakout,ALLO,LONG,60,2026-07-13T22:05:04+00:00,2026-07-14T01:00:00+00:00,0.46369,0.4342428935862,0.4342428935862,0.5078606596207,0.06350602,0.09525903,2.9155555555555557,STOP,10.0,157.46538674601243,-9.999999999999991,0.2519446187936199,-10.251944618793612,-1.0251944618793611,8.25,ALTA,RANGE_HIGH_VOL,RANGE,80.4,HIGH,0.0,22.854,8.333,-0.7036,16.0337,RANGE,RANGE,80.4
SHADOW_RELATIVE_STRENGTH|ALLO|60|2026-07-13T21:00:00+00:00|LONG,374280603a6bd622f1e5,SHADOW_RELATIVE_STRENGTH,SHADOW_RELATIVE_STRENGTH,relative_strength,ALLO,LONG,60,2026-07-13T22:05:04+00:00,2026-07-14T01:00:00+00:00,0.46369,0.425829433286,0.425829433286,0.5469832467707999,0.0816506,0.17963132,2.9155555555555557,STOP,10.0,122.47307429461632,-10.000000000000002,0.19595691887138614,-10.195956918871389,-1.019595691887139,8.25,ALTA,RANGE_HIGH_VOL,RANGE,80.4,HIGH,0.0,22.854,8.333,-0.7036,16.0337,RANGE,RANGE,80.4
SHADOW_1H_BALANCED|LAB|60|2026-07-13T23:00:00+00:00|SHORT,d72bb1c8133a7f1e3805,SHADOW_1H_BALANCED,SHADOW_1H_BALANCED,confluence_trend,LAB,SHORT,60,2026-07-14T00:01:37+00:00,2026-07-14T03:00:00+00:00,0.24969,0.27965280000000003,0.27965280000000003,0.1897644,0.12,0.24,2.9730555555555553,STOP,10.0,83.33333333333334,-10.00000000000001,0.13333333333333336,-10.133333333333344,-1.0133333333333343,-5.75,MEDIA,RANGE,RANGE,80.4,NORMAL,0.0,24.711,16.667,0.5215,17.5089,RANGE,RANGE,80.4
SHADOW_1H_FAST|LAB|60|2026-07-13T23:00:00+00:00|SHORT,d72bb1c8133a7f1e3805,SHADOW_1H_FAST,SHADOW_1H_FAST,momentum_breakout,LAB,SHORT,60,2026-07-14T00:01:37+00:00,2026-07-14T03:00:00+00:00,0.24969,0.27965280000000003,0.27965280000000003,0.2047458,0.12,0.18,2.9730555555555553,STOP,10.0,83.33333333333334,-10.00000000000001,0.13333333333333336,-10.133333333333344,-1.0133333333333343,-5.75,MEDIA,RANGE,RANGE,80.4,NORMAL,0.0,24.711,16.667,0.5215,17.5089,RANGE,RANGE,80.4
SHADOW_RELATIVE_STRENGTH|LAB|60|2026-07-13T23:00:00+00:00|SHORT,d72bb1c8133a7f1e3805,SHADOW_RELATIVE_STRENGTH,SHADOW_RELATIVE_STRENGTH,relative_strength,LAB,SHORT,60,2026-07-14T00:01:37+00:00,2026-07-14T03:00:00+00:00,0.24969,0.27965280000000003,0.27965280000000003,0.18377184,0.12,0.264,2.9730555555555553,STOP,10.0,83.33333333333334,-10.00000000000001,0.13333333333333336,-10.133333333333344,-1.0133333333333343,-5.75,MEDIA,RANGE,RANGE,80.4,NORMAL,0.0,24.711,16.667,0.5215,17.5089,RANGE,RANGE,80.4
SHADOW_1H_FAST|VELVET|60|2026-07-14T02:00:00+00:00|LONG,78d162993d189e43a384,SHADOW_1H_FAST,SHADOW_1H_FAST,momentum_breakout,VELVET,LONG,60,2026-07-14T03:20:27+00:00,2026-07-14T04:00:00+00:00,0.64649,0.6006981241703,0.6006981241703,0.7151778105121,0.07083153,0.10624729,0.6591666666666667,STOP,10.0,141.1800648665926,-9.999999999999996,0.22588810378654817,-10.225888103786545,-1.0225888103786545,7.75,ALTA,RANGE,RANGE,80.4,NORMAL,0.0,24.711,8.333,-0.0487,14.3483,RANGE,RANGE,80.4
SHADOW_1H_BALANCED|BTC|60|2026-07-13T17:00:00+00:00|SHORT,6bb28057bb00b9482d73,SHADOW_1H_BALANCED,SHADOW_1H_BALANCED,confluence_trend,BTC,SHORT,60,2026-07-13T18:11:31+00:00,2026-07-14T05:00:00+00:00,61924.4,62816.11136,62816.11136,60140.97728,0.0144,0.0288,10.808055555555555,STOP,10.0,694.4444444444445,-9.999999999999979,1.1111111111111112,-11.11111111111109,-1.111111111111109,-5.5833,MEDIA,RANGE_HIGH_VOL,RANGE,80.4,HIGH,0.0,20.853,0.0,-1.0717,13.5037,RANGE,RANGE,80.4
SHADOW_1H_BALANCED|XRP|60|2026-07-13T17:00:00+00:00|SHORT,706178d3c1c0187c0898,SHADOW_1H_BALANCED,SHADOW_1H_BALANCED,confluence_trend,XRP,SHORT,60,2026-07-13T18:11:31+00:00,2026-07-14T05:00:00+00:00,1.05717,1.0723932479999998,1.0723932479999998,1.0267235039999998,0.0144,0.0288,10.808055555555555,STOP,10.0,694.4444444444445,-9.999999999999979,1.1111111111111112,-11.11111111111109,-1.111111111111109,-7.8369,ALTA,RANGE_HIGH_VOL,RANGE,80.4,HIGH,0.0,20.853,0.0,-1.0717,13.5037,RANGE,RANGE,80.4
SHADOW_1H_BALANCED|ZEC|60|2026-07-13T20:00:00+00:00|SHORT,2c9efd4e80699c121480,SHADOW_1H_BALANCED,SHADOW_1H_BALANCED,confluence_trend,ZEC,SHORT,60,2026-07-13T21:06:38+00:00,2026-07-14T05:00:00+00:00,494.42,508.41851346000004,508.41851346000004,466.42297308,0.028313,0.056626,7.889444444444444,STOP,10.0,353.19464556917313,-10.00000000000001,0.565111432910677,-10.565111432910687,-1.0565111432910688,-5.3773,MEDIA,RANGE,RANGE,80.4,NORMAL,0.0,22.854,8.333,-0.6461,17.4273,RANGE,RANGE,80.4
SHADOW_RELATIVE_STRENGTH|ZEC|60|2026-07-13T20:00:00+00:00|SHORT,2c9efd4e80699c121480,SHADOW_RELATIVE_STRENGTH,SHADOW_RELATIVE_STRENGTH,relative_strength,ZEC,SHORT,60,2026-07-13T21:06:38+00:00,2026-07-14T05:00:00+00:00,494.42,508.41851346000004,508.41851346000004,463.623270388,0.028313,0.0622886,7.889444444444444,STOP,10.0,353.19464556917313,-10.00000000000001,0.565111432910677,-10.565111432910687,-1.0565111432910688,-5.3773,MEDIA,RANGE,RANGE,80.4,NORMAL,0.0,22.854,8.333,-0.6461,17.4273,RANGE,RANGE,80.4
MAIN|LAB|240|2026-07-13T20:00:00+00:00|SHORT,2ee817498f35a1d77334,MAIN,MAIN,confluence_trend,LAB,SHORT,240,2026-07-14T00:01:37+00:00,2026-07-14T04:00:00+00:00,0.24969,0.27965280000000003,0.27965280000000003,0.1897644,0.12,0.24,3.9730555555555553,STOP,10.0,83.33333333333334,-10.00000000000001,0.13333333333333336,-10.133333333333344,-1.0133333333333343,-6.25,BUONA,RANGE,RANGE,80.4,NORMAL,0.0,24.711,16.667,0.5215,17.5089,RANGE,RANGE,80.4
MAIN|ALLO|240|2026-07-13T20:00:00+00:00|LONG,9fc9a1ad67ae0d722f56,MAIN,MAIN,confluence_trend,ALLO,LONG,240,2026-07-14T00:01:37+00:00,2026-07-14T04:00:00+00:00,0.47264,0.4159232,0.4159232,0.5860736,0.12,0.24,3.9730555555555553,STOP,10.0,83.33333333333334,-10.0,0.13333333333333336,-10.133333333333333,-1.0133333333333332,7.5,ALTA,RANGE,RANGE,80.4,NORMAL,0.0,24.711,16.667,0.5215,17.5089,RANGE,RANGE,80.4
SHADOW_4H_WIDE|LAB|240|2026-07-13T20:00:00+00:00|SHORT,2ee817498f35a1d77334,SHADOW_4H_WIDE,SHADOW_4H_WIDE,confluence_trend,LAB,SHORT,240,2026-07-14T00:01:37+00:00,2026-07-14T04:00:00+00:00,0.24969,0.27965280000000003,0.27965280000000003,0.16579415999999997,0.12,0.336,3.9730555555555553,STOP,10.0,83.33333333333334,-10.00000000000001,0.13333333333333336,-10.133333333333344,-1.0133333333333343,-6.25,BUONA,RANGE,RANGE,80.4,NORMAL,0.0,24.711,16.667,0.5215,17.5089,RANGE,RANGE,80.4
SHADOW_4H_WIDE|ALLO|240|2026-07-13T20:00:00+00:00|LONG,9fc9a1ad67ae0d722f56,SHADOW_4H_WIDE,SHADOW_4H_WIDE,confluence_trend,ALLO,LONG,240,2026-07-14T00:01:37+00:00,2026-07-14T04:00:00+00:00,0.47264,0.4159232,0.4159232,0.6314470400000001,0.12,0.336,3.9730555555555553,STOP,10.0,83.33333333333334,-10.0,0.13333333333333336,-10.133333333333333,-1.0133333333333332,7.5,ALTA,RANGE,RANGE,80.4,NORMAL,0.0,24.711,16.667,0.5215,17.5089,RANGE,RANGE,80.4
SHADOW_1H_BALANCED|EVAA|60|2026-07-13T09:00:00+00:00|SHORT,a0d10c4443345c3aaf98,SHADOW_1H_BALANCED,SHADOW_1H_BALANCED,confluence_trend,EVAA,SHORT,60,2026-07-13T10:15:54+00:00,2026-07-14T10:00:00+00:00,0.8142,0.9119040000000002,0.9119040000000002,0.618792,0.12,0.24,23.735,STOP,10.0,83.33333333333334,-10.00000000000001,0.13333333333333336,-10.133333333333344,-1.0133333333333343,-8.25,ALTA,RANGE,RANGE,80.4,NORMAL,0.0,18.078,8.333,-0.1364,17.7014,RANGE,RANGE,80.4
SHADOW_RELATIVE_STRENGTH|EVAA|60|2026-07-13T09:00:00+00:00|SHORT,a0d10c4443345c3aaf98,SHADOW_RELATIVE_STRENGTH,SHADOW_RELATIVE_STRENGTH,relative_strength,EVAA,SHORT,60,2026-07-13T10:15:54+00:00,2026-07-14T10:00:00+00:00,0.8142,0.9119040000000002,0.9119040000000002,0.5992512,0.12,0.264,23.735,STOP,10.0,83.33333333333334,-10.00000000000001,0.13333333333333336,-10.133333333333344,-1.0133333333333343,-8.25,ALTA,RANGE,RANGE,80.4,NORMAL,0.0,18.078,8.333,-0.1364,17.7014,RANGE,RANGE,80.4
SHADOW_1H_BALANCED|VELVET|60|2026-07-13T15:00:00+00:00|LONG,a9bdbe88703e85a39d7f,SHADOW_1H_BALANCED,SHADOW_1H_BALANCED,confluence_trend,VELVET,LONG,60,2026-07-13T16:08:38+00:00,2026-07-14T09:00:00+00:00,0.56571,0.5057614001595,0.5057614001595,0.6856071940239001,0.10597055,0.21194109,16.85611111111111,STOP,10.0,94.36584032073063,-10.00000000000001,0.150985344513169,-10.15098534451318,-1.015098534451318,5.318,MEDIA,RANGE,RANGE,80.4,NORMAL,0.0,20.853,8.333,-0.3759,14.816,RANGE,RANGE,80.4
SHADOW_RELATIVE_STRENGTH|VELVET|60|2026-07-13T15:00:00+00:00|LONG,a9bdbe88703e85a39d7f,SHADOW_RELATIVE_STRENGTH,SHADOW_RELATIVE_STRENGTH,relative_strength,VELVET,LONG,60,2026-07-13T16:08:38+00:00,2026-07-14T09:00:00+00:00,0.56571,0.5057614001595,0.5057614001595,0.6975969139920001,0.10597055,0.2331352,16.85611111111111,STOP,10.0,94.36584032073063,-10.00000000000001,0.150985344513169,-10.15098534451318,-1.015098534451318,5.318,MEDIA,RANGE,RANGE,80.4,NORMAL,0.0,20.853,8.333,-0.3759,14.816,RANGE,RANGE,80.4
SHADOW_1H_FAST|EVAA|60|2026-07-13T20:00:00+00:00|SHORT,93eb029b7a2496fd753c,SHADOW_1H_FAST,SHADOW_1H_FAST,momentum_breakout,EVAA,SHORT,60,2026-07-13T21:06:38+00:00,2026-07-14T10:00:00+00:00,0.8057,0.9023840000000001,0.9023840000000001,0.660674,0.12,0.18,12.889444444444445,STOP,10.0,83.33333333333334,-10.00000000000001,0.13333333333333336,-10.133333333333344,-1.0133333333333343,-5.75,MEDIA,RANGE,RANGE,80.4,NORMAL,0.0,22.854,8.333,-0.6461,17.4273,RANGE,RANGE,80.4
SHADOW_4H_WIDE|EVAA|240|2026-07-13T04:00:00+00:00|SHORT,9d0c447b8cdc5bb08b2f,SHADOW_4H_WIDE,SHADOW_4H_WIDE,confluence_trend,EVAA,SHORT,240,2026-07-13T08:02:22+00:00,2026-07-14T08:00:00+00:00,0.9251,1.0361120000000001,1.0361120000000001,0.6142664,0.12,0.336,23.960555555555555,STOP,10.0,83.33333333333334,-10.00000000000001,0.13333333333333336,-10.133333333333344,-1.0133333333333343,-6.25,BUONA,RANGE,RANGE,80.4,NORMAL,0.0,18.078,8.333,0.3245,10.5848,RANGE,RANGE,80.4
MAIN|EVAA|240|2026-07-13T20:00:00+00:00|SHORT,93c9e7ab6a6ff1d19348,MAIN,MAIN,confluence_trend,EVAA,SHORT,240,2026-07-14T00:01:37+00:00,2026-07-14T08:00:00+00:00,0.8428,0.9439360000000001,0.9439360000000001,0.640528,0.12,0.24,7.973055555555556,STOP,10.0,83.33333333333334,-10.00000000000001,0.13333333333333336,-10.133333333333344,-1.0133333333333343,-6.75,BUONA,RANGE,RANGE,80.4,NORMAL,0.0,24.711,16.667,0.5215,17.5089,RANGE,RANGE,80.4
SHADOW_1H_BALANCED|DOGE|60|2026-07-13T07:00:00+00:00|SHORT,b27ebb1985b5c0a6127f,SHADOW_1H_BALANCED,SHADOW_1H_BALANCED,confluence_trend,DOGE,SHORT,60,2026-07-13T08:02:22+00:00,2026-07-14T13:00:00+00:00,0.07241,0.073452704,0.073452704,0.070324592,0.0144,0.0288,28.960555555555555,STOP,10.0,694.4444444444445,-9.999999999999979,1.1111111111111112,-11.11111111111109,-1.111111111111109,-6.9441,BUONA,RANGE,RANGE,80.4,NORMAL,0.0,18.078,8.333,0.3245,10.5848,RANGE,RANGE,80.4
SHADOW_1H_FAST|HYPE|60|2026-07-13T15:00:00+00:00|SHORT,b3c726166717f7925976,SHADOW_1H_FAST,SHADOW_1H_FAST,momentum_breakout,HYPE,SHORT,60,2026-07-13T16:08:38+00:00,2026-07-14T12:00:00+00:00,63.872,64.80281751424,64.80281751424,62.47577340928,0.01457317,0.02185976,19.85611111111111,STOP,10.0,686.1925030724269,-10.000000000000016,1.0979080049158831,-11.0979080049159,-1.10979080049159,-6.3577,BUONA,RANGE,RANGE,80.4,NORMAL,0.0,20.853,8.333,-0.3759,14.816,RANGE,RANGE,80.4
SHADOW_1H_BALANCED|HYPE|60|2026-07-13T17:00:00+00:00|SHORT,3e82b45e064675753cc3,SHADOW_1H_BALANCED,SHADOW_1H_BALANCED,confluence_trend,HYPE,SHORT,60,2026-07-13T18:11:31+00:00,2026-07-14T12:00:00+00:00,63.39,64.59902289029999,64.59902289029999,60.9719542194,0.01907277,0.03814554,17.808055555555555,STOP,10.0,524.3076910170888,-9.99999999999998,0.8388923056273422,-10.838892305627322,-1.0838892305627321,-5.3932,MEDIA,RANGE_HIGH_VOL,RANGE,80.4,HIGH,0.0,20.853,0.0,-1.0717,13.5037,RANGE,RANGE,80.4
SHADOW_1H_BALANCED|SOL|60|2026-07-13T21:00:00+00:00|SHORT,fa68001581821ad731bc,SHADOW_1H_BALANCED,SHADOW_1H_BALANCED,confluence_trend,SOL,SHORT,60,2026-07-13T22:05:04+00:00,2026-07-14T12:00:00+00:00,74.508,75.62040444,75.62040444,72.28319037492,0.01493,0.02986001,13.915555555555555,STOP,10.0,669.7923643670462,-10.000000000000073,1.0716677829872738,-11.071667782987348,-1.1071667782987347,-9.6013,ALTA,RANGE_HIGH_VOL,RANGE,80.4,HIGH,0.0,22.854,8.333,-0.7036,16.0337,RANGE,RANGE,80.4
SHADOW_1H_BALANCED|ETH|60|2026-07-14T10:00:00+00:00|LONG,b46f43feca2852ed6bbb,SHADOW_1H_BALANCED,SHADOW_1H_BALANCED,confluence_trend,ETH,LONG,60,2026-07-14T11:10:11+00:00,2026-07-14T12:00:00+00:00,1795.71,1847.426448,1769.8517760000002,1847.426448,0.0144,0.0288,0.8302777777777778,TARGET,10.0,694.4444444444445,19.999999999999957,1.1111111111111112,18.888888888888847,1.8888888888888846,5.3208,MEDIA,RANGE,RANGE,80.4,NORMAL,1.0,25.709,16.667,-0.763,14.8877,RANGE,RANGE,80.4
SHADOW_1H_BALANCED|LAB|60|2026-07-14T10:00:00+00:00|SHORT,01ae4869a6167f022163,SHADOW_1H_BALANCED,SHADOW_1H_BALANCED,confluence_trend,LAB,SHORT,60,2026-07-14T11:10:11+00:00,2026-07-14T12:00:00+00:00,0.2693,0.301616,0.301616,0.204668,0.12,0.24,0.8302777777777778,STOP,10.0,83.33333333333334,-10.00000000000001,0.13333333333333336,-10.133333333333344,-1.0133333333333343,-7.75,ALTA,RANGE,RANGE,80.4,NORMAL,1.0,25.709,16.667,-0.763,14.8877,RANGE,RANGE,80.4
SHADOW_1H_FAST|ETH|60|2026-07-14T10:00:00+00:00|LONG,b46f43feca2852ed6bbb,SHADOW_1H_FAST,SHADOW_1H_FAST,momentum_breakout,ETH,LONG,60,2026-07-14T11:10:11+00:00,2026-07-14T12:00:00+00:00,1795.71,1825.8779279999999,1775.598048,1825.8779279999999,0.0112,0.0168,0.8302777777777778,TARGET,10.0,892.8571428571429,14.999999999999934,1.4285714285714286,13.571428571428505,1.3571428571428505,5.3208,MEDIA,RANGE,RANGE,80.4,NORMAL,1.0,25.709,16.667,-0.763,14.8877,RANGE,RANGE,80.4
SHADOW_1H_FAST|LAB|60|2026-07-14T10:00:00+00:00|SHORT,01ae4869a6167f022163,SHADOW_1H_FAST,SHADOW_1H_FAST,momentum_breakout,LAB,SHORT,60,2026-07-14T11:10:11+00:00,2026-07-14T12:00:00+00:00,0.2693,0.301616,0.301616,0.220826,0.12,0.18,0.8302777777777778,STOP,10.0,83.33333333333334,-10.00000000000001,0.13333333333333336,-10.133333333333344,-1.0133333333333343,-7.75,ALTA,RANGE,RANGE,80.4,NORMAL,1.0,25.709,16.667,-0.763,14.8877,RANGE,RANGE,80.4
SHADOW_RELATIVE_STRENGTH|LAB|60|2026-07-14T10:00:00+00:00|SHORT,01ae4869a6167f022163,SHADOW_RELATIVE_STRENGTH,SHADOW_RELATIVE_STRENGTH,relative_strength,LAB,SHORT,60,2026-07-14T11:10:11+00:00,2026-07-14T12:00:00+00:00,0.2693,0.301616,0.301616,0.1982048,0.12,0.264,0.8302777777777778,STOP,10.0,83.33333333333334,-10.00000000000001,0.13333333333333336,-10.133333333333344,-1.0133333333333343,-7.75,ALTA,RANGE,RANGE,80.4,NORMAL,1.0,25.709,16.667,-0.763,14.8877,RANGE,RANGE,80.4
SHADOW_EMA_TREND_1H|LAB|60|2026-07-14T10:00:00+00:00|SHORT,01ae4869a6167f022163,SHADOW_EMA_TREND_1H,SHADOW_EMA_TREND_1H,ema_trend_following,LAB,SHORT,60,2026-07-14T11:10:11+00:00,2026-07-14T12:00:00+00:00,0.2693,0.301616,0.301616,0.1982048,0.12,0.264,0.8302777777777778,STOP,10.0,83.33333333333334,-10.00000000000001,0.13333333333333336,-10.133333333333344,-1.0133333333333343,-6.4947,BUONA,RANGE,RANGE,80.4,NORMAL,1.0,25.709,16.667,-0.763,14.8877,RANGE,RANGE,80.4
SHADOW_SCANNER_BOTTOM5_SHORT|LAB|60|2026-07-14T10:00:00+00:00|SHORT,01ae4869a6167f022163,SHADOW_SCANNER_BOTTOM5_SHORT,SHADOW_SCANNER_BOTTOM5_SHORT,scanner_bottom5_short,LAB,SHORT,60,2026-07-14T11:10:11+00:00,2026-07-14T12:00:00+00:00,0.2693,0.301616,0.301616,0.204668,0.12,0.24,0.8302777777777778,STOP,10.0,83.33333333333334,-10.00000000000001,0.13333333333333336,-10.133333333333344,-1.0133333333333343,-9.5,ALTA,RANGE,RANGE,80.4,NORMAL,1.0,25.709,16.667,-0.763,14.8877,RANGE,RANGE,80.4
MAIN|DOGE|240|2026-07-13T04:00:00+00:00|SHORT,6e228ea732f52a9ef82d,MAIN,MAIN,confluence_trend,DOGE,SHORT,240,2026-07-13T08:02:22+00:00,2026-07-14T12:00:00+00:00,0.07241,0.07455400289610001,0.07455400289610001,0.0681219934837,0.02960921,0.05921843,27.960555555555555,STOP,10.0,337.73275274821583,-10.000000000000018,0.5403724043971454,-10.540372404397162,-1.0540372404397162,-7.9926,ALTA,RANGE,RANGE,80.4,NORMAL,0.0,18.078,8.333,0.3245,10.5848,TREND_UP,TREND_UP,79.6
MAIN|XRP|240|2026-07-13T20:00:00+00:00|SHORT,df23d1bb6c18abc6a79e,MAIN,MAIN,confluence_trend,XRP,SHORT,240,2026-07-14T00:01:37+00:00,2026-07-14T12:00:00+00:00,1.06721,1.0950577670678998,1.0950577670678998,1.0115144658642,0.02609399,0.05218798,11.973055555555556,STOP,10.0,383.23000813597304,-9.999999999999961,0.6131680130175569,-10.613168013017518,-1.0613168013017518,-6.5534,BUONA,RANGE,RANGE,80.4,NORMAL,0.0,24.711,16.667,0.5215,17.5089,TREND_UP,TREND_UP,79.6
SHADOW_1H_BALANCED|ZEC|60|2026-07-14T13:00:00+00:00|LONG,3b50842f8cf58558bb1f,SHADOW_1H_BALANCED,SHADOW_1H_BALANCED,confluence_trend,ZEC,LONG,60,2026-07-14T14:14:00+00:00,2026-07-14T16:00:00+00:00,528.47,556.1054138275,514.6522957286,556.1054138275,0.02614662,0.05229325,1.7666666666666666,TARGET,10.0,382.45861224127634,20.00000382458611,0.6119337795860422,19.388070045000067,1.9388070045000068,5.5367,MEDIA,RANGE,RANGE,80.4,NORMAL,1.0,25.779,83.333,0.4185,17.5758,TREND_UP,TREND_UP,79.6
SHADOW_1H_FAST|ZEC|60|2026-07-14T13:00:00+00:00|LONG,3b50842f8cf58558bb1f,SHADOW_1H_FAST,SHADOW_1H_FAST,momentum_breakout,ZEC,LONG,60,2026-07-14T14:14:00+00:00,2026-07-14T16:00:00+00:00,528.47,544.5906549832999,517.7228966778,544.5906549832999,0.02033626,0.03050439,1.7666666666666666,TARGET,10.0,491.7325014530696,14.99999999999997,0.7867720023249114,14.213227997675059,1.421322799767506,5.5367,MEDIA,RANGE,RANGE,80.4,NORMAL,1.0,25.779,83.333,0.4185,17.5758,TREND_UP,TREND_UP,79.6
SHADOW_SCANNER_TOP5_LONG|ZEC|60|2026-07-14T13:00:00+00:00|LONG,3b50842f8cf58558bb1f,SHADOW_SCANNER_TOP5_LONG,SHADOW_SCANNER_TOP5_LONG,scanner_top5_long,ZEC,LONG,60,2026-07-14T14:14:00+00:00,2026-07-14T16:00:00+00:00,528.47,556.1054138275,514.6522957286,556.1054138275,0.02614662,0.05229325,1.7666666666666666,TARGET,10.0,382.45861224127634,20.00000382458611,0.6119337795860422,19.388070045000067,1.9388070045000068,6.5157,BUONA,RANGE,RANGE,80.4,NORMAL,1.0,25.779,83.333,0.4185,17.5758,TREND_UP,TREND_UP,79.6
SHADOW_1H_FAST|PEPE|60|2026-07-14T13:00:00+00:00|LONG,bcfd3b1fbd29a93157ba,SHADOW_1H_FAST,SHADOW_1H_FAST,momentum_breakout,PEPE,LONG,60,2026-07-14T14:14:00+00:00,2026-07-14T17:00:00+00:00,2.8572e-06,2.8081003323119997e-06,2.8081003323119997e-06,2.930849501532e-06,0.01718454,0.02577681,2.7666666666666666,STOP,10.0,581.9183987467804,-10.000000000000014,0.9310694379948488,-10.931069437994863,-1.0931069437994863,6.0398,BUONA,RANGE,RANGE,80.4,NORMAL,1.0,25.779,83.333,0.4185,17.5758,ALT_ROTATION_UP,ALT_ROTATION,74.1
SHADOW_1H_BALANCED|PEPE|60|2026-07-14T13:00:00+00:00|LONG,bcfd3b1fbd29a93157ba,SHADOW_1H_BALANCED,SHADOW_1H_BALANCED,confluence_trend,PEPE,LONG,60,2026-07-14T14:14:00+00:00,2026-07-14T18:00:00+00:00,2.8572e-06,2.79407188032e-06,2.79407188032e-06,2.9834562679320003e-06,0.0220944,0.04418881,3.7666666666666666,STOP,10.0,452.6033746107611,-10.00000000000003,0.7241653993772178,-10.724165399377249,-1.0724165399377248,6.0398,BUONA,RANGE,RANGE,80.4,NORMAL,1.0,25.779,83.333,0.4185,17.5758,ALT_ROTATION_UP,ALT_ROTATION,78.9
SHADOW_RELATIVE_STRENGTH|PEPE|60|2026-07-14T13:00:00+00:00|LONG,bcfd3b1fbd29a93157ba,SHADOW_RELATIVE_STRENGTH,SHADOW_RELATIVE_STRENGTH,relative_strength,PEPE,LONG,60,2026-07-14T14:14:00+00:00,2026-07-14T18:00:00+00:00,2.8572e-06,2.79407188032e-06,2.79407188032e-06,2.996081891868e-06,0.0220944,0.04860769,3.7666666666666666,STOP,10.0,452.6033746107611,-10.00000000000003,0.7241653993772178,-10.724165399377249,-1.0724165399377248,6.0398,BUONA,RANGE,RANGE,80.4,NORMAL,1.0,25.779,83.333,0.4185,17.5758,ALT_ROTATION_UP,ALT_ROTATION,78.9
SHADOW_4H_WIDE|DOGE|240|2026-07-13T04:00:00+00:00|SHORT,6e228ea732f52a9ef82d,SHADOW_4H_WIDE,SHADOW_4H_WIDE,confluence_trend,DOGE,SHORT,240,2026-07-13T08:02:22+00:00,2026-07-14T16:00:00+00:00,0.07241,0.0751972042718,0.0751972042718,0.0646058283286,0.03849198,0.10777754,31.960555555555555,STOP,10.0,259.79437794574346,-10.000000000000023,0.4156710047131896,-10.415671004713213,-1.0415671004713212,-7.9926,ALTA,RANGE,RANGE,80.4,NORMAL,0.0,18.078,8.333,0.3245,10.5848,ALT_ROTATION_UP,ALT_ROTATION,78.7
SHADOW_4H_WIDE|XRP|240|2026-07-13T04:00:00+00:00|SHORT,c715c88e41b2017cb480,SHADOW_4H_WIDE,SHADOW_4H_WIDE,confluence_trend,XRP,SHORT,240,2026-07-13T08:02:22+00:00,2026-07-14T16:00:00+00:00,1.08001,1.1163917352648,1.1163917352648,0.9781411455785999,0.03368648,0.09432214,31.960555555555555,STOP,10.0,296.8549993944158,-10.000000000000023,0.47496799903106535,-10.474967999031088,-1.0474967999031088,-5.479,MEDIA,RANGE,RANGE,80.4,NORMAL,0.0,18.078,8.333,0.3245,10.5848,ALT_ROTATION_UP,ALT_ROTATION,78.7
SHADOW_1H_FAST|EVAA|60|2026-07-14T13:00:00+00:00|LONG,ad5512e6de29b0f781a6,SHADOW_1H_FAST,SHADOW_1H_FAST,momentum_breakout,EVAA,LONG,60,2026-07-14T14:14:00+00:00,2026-07-14T20:00:00+00:00,1.1967,1.053096,1.053096,1.412106,0.12,0.18,5.766666666666667,STOP,10.0,83.33333333333334,-10.0,0.13333333333333336,-10.133333333333333,-1.0133333333333332,4.75,MEDIA,RANGE,RANGE,80.4,NORMAL,1.0,25.779,83.333,0.4185,17.5758,ALT_ROTATION_UP,ALT_ROTATION,78.7
SHADOW_RELATIVE_STRENGTH|EVAA|60|2026-07-14T13:00:00+00:00|LONG,ad5512e6de29b0f781a6,SHADOW_RELATIVE_STRENGTH,SHADOW_RELATIVE_STRENGTH,relative_strength,EVAA,LONG,60,2026-07-14T14:14:00+00:00,2026-07-14T20:00:00+00:00,1.1967,1.053096,1.053096,1.5126288,0.12,0.264,5.766666666666667,STOP,10.0,83.33333333333334,-10.0,0.13333333333333336,-10.133333333333333,-1.0133333333333332,4.75,MEDIA,RANGE,RANGE,80.4,NORMAL,1.0,25.779,83.333,0.4185,17.5758,ALT_ROTATION_UP,ALT_ROTATION,78.7
SHADOW_1H_FAST|ZEC|60|2026-07-14T16:00:00+00:00|LONG,3123dc40b235b27faeaf,SHADOW_1H_FAST,SHADOW_1H_FAST,momentum_breakout,ZEC,LONG,60,2026-07-14T17:23:04+00:00,2026-07-14T20:00:00+00:00,548.96,536.2569173808,536.2569173808,568.014621184,0.02314027,0.0347104,2.6155555555555554,STOP,10.0,432.1470752069876,-10.00000000000003,0.6914353203311802,-10.69143532033121,-1.069143532033121,6.8339,BUONA,TREND_UP,TREND_UP,79.6,NORMAL,4.0,25.648,75.0,0.3777,15.6528,ALT_ROTATION_UP,ALT_ROTATION,78.7
SHADOW_RELATIVE_STRENGTH|HYPE|60|2026-07-13T09:00:00+00:00|SHORT,b15c985150d9c7f28990,SHADOW_RELATIVE_STRENGTH,SHADOW_RELATIVE_STRENGTH,relative_strength,HYPE,SHORT,60,2026-07-13T10:15:54+00:00,2026-07-14T22:00:00+00:00,65.014,66.14687415111999,66.14687415111999,62.52167725762,0.01742508,0.03833517,35.735,STOP,10.0,573.8854570538557,-9.99999999999999,0.9182167312861692,-10.918216731286158,-1.0918216731286159,-6.7368,BUONA,RANGE,RANGE,80.4,NORMAL,0.0,18.078,8.333,-0.1364,17.7014,ALT_ROTATION_UP,ALT_ROTATION,78.0
SHADOW_RELATIVE_STRENGTH|ZEC|60|2026-07-14T13:00:00+00:00|LONG,3b50842f8cf58558bb1f,SHADOW_RELATIVE_STRENGTH,SHADOW_RELATIVE_STRENGTH,relative_strength,ZEC,LONG,60,2026-07-14T14:14:00+00:00,2026-07-14T22:00:00+00:00,528.47,558.8689525679,514.6522957286,558.8689525679,0.02614662,0.05752257,7.766666666666667,TARGET,10.0,382.45861224127634,22.000002294751653,0.6119337795860422,21.38806851516561,2.138806851516561,5.5367,MEDIA,RANGE,RANGE,80.4,NORMAL,1.0,25.779,83.333,0.4185,17.5758,ALT_ROTATION_UP,ALT_ROTATION,78.0
SHADOW_BOLLINGER_MR_1H|ETH|60|2026-07-14T13:00:00+00:00|SHORT,d8aaee16075b2324188f,SHADOW_BOLLINGER_MR_1H,SHADOW_BOLLINGER_MR_1H,bollinger_mean_reversion,ETH,SHORT,60,2026-07-14T14:14:00+00:00,2026-07-14T22:00:00+00:00,1865.51,1891.135391564,1891.135391564,1827.071912654,0.0137364,0.0206046,7.766666666666667,STOP,10.0,727.9927783116392,-9.999999999999988,1.1647884452986228,-11.16478844529861,-1.116478844529861,-7.5,ALTA,RANGE,RANGE,80.4,NORMAL,1.0,25.779,83.333,0.4185,17.5758,ALT_ROTATION_UP,ALT_ROTATION,78.0
SHADOW_SCANNER_TOP5_BTC|ZEC|60|2026-07-14T13:00:00+00:00|LONG,3b50842f8cf58558bb1f,SHADOW_SCANNER_TOP5_BTC,SHADOW_SCANNER_TOP5_BTC,scanner_top5_btc_strength,ZEC,LONG,60,2026-07-14T14:14:00+00:00,2026-07-14T22:00:00+00:00,528.47,558.8689525679,514.6522957286,558.8689525679,0.02614662,0.05752257,7.766666666666667,TARGET,10.0,382.45861224127634,22.000002294751653,0.6119337795860422,21.38806851516561,2.138806851516561,6.5157,BUONA,RANGE,RANGE,80.4,NORMAL,1.0,25.779,83.333,0.4185,17.5758,ALT_ROTATION_UP,ALT_ROTATION,78.0
SHADOW_BOLLINGER_MR_1H|ZEC|60|2026-07-14T15:00:00+00:00|SHORT,f3d107aca663f7202d20,SHADOW_BOLLINGER_MR_1H,SHADOW_BOLLINGER_MR_1H,bollinger_mean_reversion,ZEC,SHORT,60,2026-07-14T16:00:54+00:00,2026-07-14T22:00:00+00:00,539.79,552.1207090587,552.1207090587,521.293933713,0.02284353,0.0342653,5.985,STOP,10.0,437.7607138651513,-10.000000000000023,0.7004171421842421,-10.700417142184266,-1.0700417142184266,-7.5,ALTA,TREND_UP,TREND_UP,79.6,NORMAL,4.0,25.648,75.0,0.7696,22.8849,ALT_ROTATION_UP,ALT_ROTATION,78.0
SHADOW_DONCHIAN_1H|ZEC|60|2026-07-14T13:00:00+00:00|LONG,3b50842f8cf58558bb1f,SHADOW_DONCHIAN_1H,SHADOW_DONCHIAN_1H,donchian_breakout,ZEC,LONG,60,2026-07-14T14:14:00+00:00,2026-07-14T23:00:00+00:00,528.47,566.8525171497,513.116995254,566.8525171497,0.0290518,0.07262951,8.766666666666667,TARGET,10.0,344.21275101714866,25.000003442127532,0.5507404016274379,24.449263040500096,2.4449263040500098,6.751,BUONA,RANGE,RANGE,80.4,NORMAL,1.0,25.779,83.333,0.4185,17.5758,TREND_UP,TREND_UP,84.4
RSI_EXTREME_SHORT_15M|ZEC|15|2026-07-14T22:45:00+00:00|SHORT,b233e6cc9ce928dbb3d9,RSI_EXTREME_SHORT_15M,SHADOW_RSI_SHORT_15X_10_RSI75,rsi_extreme_reversal,ZEC,SHORT,15,2026-07-14T23:13:20+00:00,2026-07-14T23:45:00+00:00,555.36,565.2679889376001,565.2679889376001,540.4980165936,0.01784066,0.02676099,0.5277777777777778,STOP,10.0,560.5173799624005,-10.000000000000036,0.8968278079398407,-10.896827807939877,-1.0896827807939877,10.0,ALTA,ALT_ROTATION_UP,ALT_ROTATION,78.0,NORMAL,4.0,25.526,91.667,1.8598,8.8496,TREND_UP,TREND_UP,84.4
SHADOW_RELATIVE_STRENGTH|ADA|60|2026-07-13T09:00:00+00:00|SHORT,f91d9ce10498ae8b0561,SHADOW_RELATIVE_STRENGTH,SHADOW_RELATIVE_STRENGTH,relative_strength,ADA,SHORT,60,2026-07-13T10:15:54+00:00,2026-07-14T12:00:00+00:00,0.15959,0.16211631448770003,0.16211631448770003,0.15403210908460002,0.01583003,0.03482606,25.735,STOP,10.0,631.7107421779997,-10.000000000000032,1.0107371874847995,-11.010737187484832,-1.1010737187484831,-4.6665,MEDIA,RANGE,RANGE,80.4,NORMAL,0.0,18.078,8.333,-0.1364,17.7014,TREND_UP,TREND_UP,82.0
SHADOW_1H_BALANCED|ADA|60|2026-07-13T17:00:00+00:00|SHORT,8cd78a1c2beea5648040,SHADOW_1H_BALANCED,SHADOW_1H_BALANCED,confluence_trend,ADA,SHORT,60,2026-07-13T18:11:31+00:00,2026-07-14T05:00:00+00:00,0.15647,0.15907575749800001,0.15907575749800001,0.15125848343929998,0.0166534,0.03330681,10.808055555555555,STOP,10.0,600.4779804724561,-10.000000000000025,0.9607647687559299,-10.960764768755954,-1.0960764768755955,-8.0926,ALTA,RANGE_HIGH_VOL,RANGE,80.4,HIGH,0.0,20.853,0.0,-1.0717,13.5037,TREND_UP,TREND_UP,82.0
SHADOW_1H_FAST|ADA|60|2026-07-13T17:00:00+00:00|SHORT,8cd78a1c2beea5648040,SHADOW_1H_FAST,SHADOW_1H_FAST,momentum_breakout,ADA,SHORT,60,2026-07-13T18:11:31+00:00,2026-07-14T05:00:00+00:00,0.15647,0.1584967011455,0.1584967011455,0.1534299490641,0.01295265,0.01942897,10.808055555555555,STOP,10.0,772.042786611234,-9.999999999999922,1.2352684585779743,-11.235268458577895,-1.1235268458577896,-8.0926,ALTA,RANGE_HIGH_VOL,RANGE,80.4,HIGH,0.0,20.853,0.0,-1.0717,13.5037,TREND_UP,TREND_UP,82.0
SHADOW_BOLLINGER_MR_1H|PEPE|60|2026-07-14T13:00:00+00:00|SHORT,54e027c8393fa5c73efd,SHADOW_BOLLINGER_MR_1H,SHADOW_BOLLINGER_MR_1H,bollinger_mean_reversion,PEPE,SHORT,60,2026-07-14T14:14:00+00:00,2026-07-15T02:00:00+00:00,2.8572e-06,2.778289821828e-06,2.9098067664e-06,2.778289821828e-06,0.018412,0.02761801,11.766666666666667,TARGET,10.0,543.1240495329133,15.00000543124048,0.8689984792526614,14.131006951987818,1.4131006951987817,-7.5,ALTA,RANGE,RANGE,80.4,NORMAL,1.0,25.779,83.333,0.4185,17.5758,TREND_UP,TREND_UP,82.0
SHADOW_1H_FAST|SUI|60|2026-07-14T15:00:00+00:00|LONG,ea262009c5d6353c9fb1,SHADOW_1H_FAST,SHADOW_1H_FAST,momentum_breakout,SUI,LONG,60,2026-07-14T16:00:54+00:00,2026-07-15T02:00:00+00:00,0.7598,0.749041391558,0.749041391558,0.775937916462,0.01415979,0.02123969,9.985,STOP,10.0,706.2251629438007,-10.000000000000082,1.1299602607100812,-11.129960260710163,-1.1129960260710163,6.4627,BUONA,TREND_UP,TREND_UP,79.6,NORMAL,4.0,25.648,75.0,0.7696,22.8849,TREND_UP,TREND_UP,82.0
SHADOW_SCANNER_TOP5_LONG|PEPE|60|2026-07-14T15:00:00+00:00|LONG,7f7ebb152fe90ed3fac1,SHADOW_SCANNER_TOP5_LONG,SHADOW_SCANNER_TOP5_LONG,scanner_top5_long,PEPE,LONG,60,2026-07-14T16:00:54+00:00,2026-07-15T01:00:00+00:00,2.8496e-06,2.7834704726400005e-06,2.7834704726400005e-06,2.98185905472e-06,0.0232066,0.0464132,8.985,STOP,10.0,430.91189575379417,-9.999999999999986,0.6894590332060707,-10.689459033206056,-1.0689459033206057,6.6115,BUONA,TREND_UP,TREND_UP,79.6,NORMAL,4.0,25.648,75.0,0.7696,22.8849,TREND_UP,TREND_UP,82.0
SHADOW_SCANNER_TOP5_BTC|PEPE|60|2026-07-14T15:00:00+00:00|LONG,7f7ebb152fe90ed3fac1,SHADOW_SCANNER_TOP5_BTC,SHADOW_SCANNER_TOP5_BTC,scanner_top5_btc_strength,PEPE,LONG,60,2026-07-14T16:00:54+00:00,2026-07-15T01:00:00+00:00,2.8496e-06,2.7834704726400005e-06,2.7834704726400005e-06,2.9950849601920003e-06,0.0232066,0.05105452,8.985,STOP,10.0,430.91189575379417,-9.999999999999986,0.6894590332060707,-10.689459033206056,-1.0689459033206057,6.6115,BUONA,TREND_UP,TREND_UP,79.6,NORMAL,4.0,25.648,75.0,0.7696,22.8849,TREND_UP,TREND_UP,82.0
SHADOW_1H_FAST|LAB|60|2026-07-14T20:00:00+00:00|SHORT,f473cc6b4d3e3a0e41e7,SHADOW_1H_FAST,SHADOW_1H_FAST,momentum_breakout,LAB,SHORT,60,2026-07-14T21:07:42+00:00,2026-07-15T02:00:00+00:00,0.28117,0.2305594,0.3149104,0.2305594,0.12,0.18,4.871666666666667,TARGET,10.0,83.33333333333334,14.999999999999996,0.13333333333333336,14.866666666666664,1.4866666666666664,-7.04,BUONA,ALT_ROTATION_UP,ALT_ROTATION,78.7,NORMAL,4.0,25.526,83.333,1.9438,8.4572,TREND_UP,TREND_UP,82.0
MAIN|HYPE|240|2026-07-13T12:00:00+00:00|SHORT,ecbc880a8fb6fc23f282,MAIN,MAIN,confluence_trend,HYPE,SHORT,240,2026-07-13T16:08:38+00:00,2026-07-15T00:00:00+00:00,63.872,66.4650722624,66.4650722624,58.685856113919996,0.04059795,0.08119589,31.85611111111111,STOP,10.0,246.31785595085466,-9.999999999999998,0.39410856952136747,-10.394108569521366,-1.0394108569521365,-6.5043,BUONA,RANGE,RANGE,80.4,NORMAL,0.0,20.853,8.333,-0.3759,14.816,TREND_UP,TREND_UP,82.0
SHADOW_4H_WIDE|HYPE|240|2026-07-13T12:00:00+00:00|SHORT,ecbc880a8fb6fc23f282,SHADOW_4H_WIDE,SHADOW_4H_WIDE,confluence_trend,HYPE,SHORT,240,2026-07-13T16:08:38+00:00,2026-07-15T00:00:00+00:00,63.872,67.24299362176001,67.24299362176001,54.433217475839996,0.05277733,0.14777653,31.85611111111111,STOP,10.0,189.47529175879114,-10.000000000000012,0.30316046681406583,-10.303160466814079,-1.0303160466814079,-6.5043,BUONA,RANGE,RANGE,80.4,NORMAL,0.0,20.853,8.333,-0.3759,14.816,TREND_UP,TREND_UP,82.0
