prediction_date,asset,day,p10,p25,p50,p75,p90,mean,current_price
2026-07-10,BTC,0,0.0,0.0,0.0,0.0,0.0,0.0,63030.66015625
2026-07-10,BTC,1,-2.213641721733033,-0.15883820646236946,2.510734243144075,6.9035249111134736,9.005346101267344,3.476522794795057,63030.66015625
2026-07-10,BTC,2,-4.138879147150264,-1.5360781307988987,1.8689666932988902,7.441634198546238,9.36709822191377,2.7358235965373288,63030.66015625
2026-07-10,BTC,3,-1.8814866405917747,-0.25716040537391294,3.624901965740124,10.711365862690464,13.712919770844826,5.525647445348489,63030.66015625
2026-07-10,BTC,4,-3.653710408651759,-0.41420373972460567,2.595030085954808,7.771253369067599,10.21582896538429,4.284789324811971,63030.66015625
2026-07-10,BTC,5,-3.375650838529747,-1.6290891335443647,2.339274315330231,6.449557682515206,13.126442736423263,3.4311221065893998,63030.66015625
2026-07-10,BTC,6,-1.8214530878597819,0.03689340480956538,3.021451111192941,9.035307153590601,15.46016659247635,5.338466961366588,63030.66015625
2026-07-10,BTC,7,-2.226839413049436,1.7838860884815566,5.042923422251078,9.116583987388488,18.96931211950215,7.009301263445378,63030.66015625
2026-07-10,BTC,8,-2.004419436601246,2.2172184697846378,6.867456088024615,11.564938602237874,26.132633275911825,8.404097503125394,63030.66015625
2026-07-10,BTC,9,0.8121708347739668,4.686639265872433,9.39160258931009,15.253394296231344,26.42813676938797,9.258329616555711,63030.66015625
2026-07-10,BTC,10,-3.182998348949842,3.9940922607685945,8.409136726238941,18.233320745062347,24.91795735901449,9.168860306233842,63030.66015625
2026-07-10,BTC,11,-4.004925104793503,2.6441998088279184,8.72458352475881,19.19759715565537,27.194511322800565,10.048877038626516,63030.66015625
2026-07-10,BTC,12,-2.129695720300627,1.057919257223322,7.931553396003155,17.066470893253282,24.562109876860177,8.208840356744371,63030.66015625
2026-07-10,BTC,13,-5.048683834053754,-0.012207455494980812,6.277516157656715,19.688205105890646,26.01056767561036,8.545831955721372,63030.66015625
2026-07-10,BTC,14,-4.468389110777078,0.5036046475928591,6.389706534642714,22.069341488080486,33.42920598608225,10.384259058213951,63030.66015625
2026-07-10,BTC,15,-4.986351635673832,0.7138651951039854,6.86852298160654,18.65857781763619,27.62711364765604,8.400789487158445,63030.66015625
2026-07-10,BTC,16,-3.946442044168191,0.6043673014442558,7.1931695985168576,21.84508426727676,30.702728548454946,9.949660445746527,63030.66015625
2026-07-10,BTC,17,-6.525193464587339,-1.4818496675366637,5.302487072074669,24.014039926467873,32.78792675677984,9.540413116989393,63030.66015625
2026-07-10,BTC,18,-6.4574096653643,-2.152748973926846,5.73189440828934,19.32711364211295,29.869752443423998,7.7454949971694065,63030.66015625
2026-07-10,BTC,19,-7.114824126603331,-2.3754126374850912,5.00584705660061,20.23773041204594,29.84286406784807,7.289639920631897,63030.66015625
2026-07-10,BTC,20,-7.941384720399334,-3.818766348666178,5.667712142386028,19.558007956521074,30.270835057152166,7.4762459003884345,63030.66015625
2026-07-10,BTC,21,-8.372376006735394,-4.069363025043354,3.5981028313622154,18.548020814084296,31.38236445428588,7.80913382877551,63030.66015625
2026-07-10,BTC,22,-7.566318467997119,-4.006029583132184,3.2432284966132374,19.870446869561036,34.575292273420416,9.144341713360154,63030.66015625
2026-07-10,BTC,23,-10.696966341216829,-4.635566153151469,4.828225524741702,23.717655117286625,48.91474291309321,11.75906958059883,63030.66015625
2026-07-10,BTC,24,-10.602354230921435,-4.302128998268359,2.4538667325543884,19.41899922880552,42.39873689107282,9.989018620818953,63030.66015625
2026-07-10,BTC,25,-14.495188523677047,-5.742934788174283,1.208491815954027,16.563863318817223,28.90593128410876,6.504063332014961,63030.66015625
2026-07-10,BTC,26,-16.58260899441328,-5.8360452245514285,0.16514244493751606,15.028264199735453,28.42524520135834,8.193945179622085,63030.66015625
2026-07-10,BTC,27,-16.070628413486688,-6.958799165944679,0.40751705724474396,19.26686130086996,36.4343060739396,7.876680802932164,63030.66015625
2026-07-10,BTC,28,-15.52741274238819,-5.924032134524854,1.9141060970620405,22.101224955400284,43.53685808293146,9.26261843446937,63030.66015625
2026-07-10,BTC,29,-23.38712243684002,-2.7984111497259043,4.402527442134163,25.252423497995558,45.612016195976224,11.54156269640248,63030.66015625
2026-07-10,BTC,30,-22.83363327588745,-1.6543707284460334,6.8896007899918015,22.557626878307314,43.74992929670614,11.749223651801824,63030.66015625
2026-07-10,DOGE,0,0.0,0.0,0.0,0.0,0.0,0.0,0.07280000299215317
2026-07-10,DOGE,1,-3.6857097978228515,-0.9524705495552815,0.2632146357101739,2.5403780872966077,4.763962228527641,0.8329301711649334,0.07280000299215317
2026-07-10,DOGE,2,-9.407441249284117,-5.82691864430413,-0.901996332616245,2.7406184660503428,6.10729855929784,-1.4245942948889994,0.07280000299215317
2026-07-10,DOGE,3,-9.373964210034826,-5.116215628387224,-0.028462167019854823,2.4905015094194183,7.948264024571314,-0.892824307529702,0.07280000299215317
2026-07-10,DOGE,4,-10.472957502685803,-7.806934874836099,-1.3905816090498402,0.7396345809043969,3.492711215998786,-3.1457639103907153,0.07280000299215317
2026-07-10,DOGE,5,-10.72571336855616,-7.037326563657222,-1.269719749694076,3.5913015679326863,11.247169257082472,-1.9720370133509995,0.07280000299215317
2026-07-10,DOGE,6,-11.310115910578551,-7.209106445731023,-2.2072668512305436,0.8294674171188621,7.1017358036726055,-2.8614915189105607,0.07280000299215317
2026-07-10,DOGE,7,-14.228873143611287,-7.009996220825604,-3.1671943317097275,2.7895486967144834,7.046439168197544,-3.7508660104727327,0.07280000299215317
2026-07-10,DOGE,8,-17.84704449205946,-11.937859895615823,-2.293358283278335,3.1876131613690406,7.1516884057506305,-4.217731720196743,0.07280000299215317
2026-07-10,DOGE,9,-23.98378207806011,-13.935628383485898,-4.246283407612877,3.3974197990009616,9.001978563255964,-5.801384645297679,0.07280000299215317
2026-07-10,DOGE,10,-27.231245984036967,-15.10310076394454,-4.105675959311994,2.5655056225175166,9.429995450589908,-6.7588807663558015,0.07280000299215317
2026-07-10,DOGE,11,-26.366137250648976,-19.372352019145143,-9.482618186426533,0.8861874374807344,7.994564389626243,-9.34052411284596,0.07280000299215317
2026-07-10,DOGE,12,-34.27608037470694,-22.14095325349852,-13.657267701083258,-2.1018795024887957,10.45566706632905,-12.222048790941425,0.07280000299215317
2026-07-10,DOGE,13,-35.753248366806204,-28.450239310967728,-16.532765893806904,-0.8412458076197948,10.798982156339438,-14.361754402643658,0.07280000299215317
2026-07-10,DOGE,14,-37.175050270141135,-32.95095729195995,-19.91061037529662,-4.869715272804117,2.6407527660365684,-17.657896915837114,0.07280000299215317
2026-07-10,DOGE,15,-36.02520645903604,-30.866816267351016,-21.890286484250524,-5.75882510468253,2.0663883796350118,-17.510248862038722,0.07280000299215317
2026-07-10,DOGE,16,-35.27936528523576,-27.78423636676641,-17.809971065567364,-2.9320700183383424,2.7839967956566007,-15.49446690310836,0.07280000299215317
2026-07-10,DOGE,17,-41.55690295957344,-34.01587714016558,-23.632130639168512,-8.257123368890024,7.042914415066255,-19.109783408438524,0.07280000299215317
2026-07-10,DOGE,18,-39.323137497467066,-31.252717578137524,-20.619170349322232,-7.057169878577341,7.586857564642996,-17.579411870832228,0.07280000299215317
2026-07-10,DOGE,19,-38.78775380353629,-33.092354630807854,-23.532700386434076,-8.998253786449093,2.828644267692225,-19.561896793616246,0.07280000299215317
2026-07-10,DOGE,20,-35.41050512437928,-30.35038109495732,-19.852944699538824,-8.503638605416757,3.463311201685306,-16.841164101989072,0.07280000299215317
2026-07-10,DOGE,21,-34.5968149662089,-31.235946927901857,-17.132734774929723,-7.08932569481811,6.725388014369825,-15.983763299014347,0.07280000299215317
2026-07-10,DOGE,22,-33.47771312610994,-26.6278377152668,-15.636929305116276,-7.286420127895052,4.123010700730511,-15.111852145529443,0.07280000299215317
2026-07-10,DOGE,23,-34.17700963983447,-28.667701138799266,-19.481638989682498,-6.552547593273825,6.2371704714340535,-16.007220830704984,0.07280000299215317
2026-07-10,DOGE,24,-31.078255928312487,-24.2001344043499,-16.28591717757972,-6.042411326424732,2.9695112734646196,-14.702870130897201,0.07280000299215317
2026-07-10,DOGE,25,-30.970299435699747,-25.333236716250507,-16.11767832465793,-6.6250586705639245,5.912635033087502,-14.074947836877698,0.07280000299215317
2026-07-10,DOGE,26,-33.13581502407081,-25.53026921634415,-16.234802264401928,-6.294261650212782,3.523880488645216,-14.490416481508111,0.07280000299215317
2026-07-10,DOGE,27,-33.06036788819929,-26.437691659604404,-17.813108308863217,-6.208164215280171,-0.06947751400921048,-15.621539512299668,0.07280000299215317
2026-07-10,DOGE,28,-33.51668010647731,-26.206538710286623,-18.098917489336202,-5.179555945346086,-1.2663323564051925,-15.59470087105035,0.07280000299215317
2026-07-10,DOGE,29,-37.99774544430017,-28.975925142459896,-20.248794092156658,-7.295658610988895,1.175209613603718,-16.724417165530518,0.07280000299215317
2026-07-10,DOGE,30,-36.38336335332817,-29.991856759759564,-20.24941917609931,-4.520124967293862,2.9882163713572014,-16.876197428901484,0.07280000299215317
2026-07-10,SOL,0,0.0,0.0,0.0,0.0,0.0,0.0,77.93000030517578
2026-07-10,SOL,1,-4.337293776815814,-1.7516670013864033,0.7797045942063541,4.229367663531386,8.115888114193002,1.5283365267847164,77.93000030517578
2026-07-10,SOL,2,-5.181624438909836,-3.175683908201127,1.973896905210315,4.910308894552534,8.210599654526513,1.3828142660488314,77.93000030517578
2026-07-10,SOL,3,-6.195376613099251,-2.215152742856061,1.224818741691025,7.622620270102742,9.32160275234006,1.8490489549739564,77.93000030517578
2026-07-10,SOL,4,-6.003568932499574,-2.982424536801462,0.1504848257987801,5.648810613682426,7.460820872626542,0.45942111327115753,77.93000030517578
2026-07-10,SOL,5,-5.573963641530631,-3.4639064518085796,0.5981622945292919,4.278765473575663,7.63301157214034,0.3769028880585642,77.93000030517578
2026-07-10,SOL,6,-7.933560537421257,-3.5013539941893517,0.8779068942624146,7.428129594559318,10.44924108662645,1.5388353535114987,77.93000030517578
2026-07-10,SOL,7,-9.486292650733066,-4.261177014695816,2.5657584066371752,7.949736251952172,10.495729219927311,1.5285182347998116,77.93000030517578
2026-07-10,SOL,8,-9.868862346753327,-5.906348644421222,1.9293256323992591,7.398367366896558,11.668777413699676,1.3246824895635712,77.93000030517578
2026-07-10,SOL,9,-13.878741057315557,-8.68332653543065,1.736604168706768,7.570204734221448,17.365484179952773,1.2749086987696987,77.93000030517578
2026-07-10,SOL,10,-20.136553306174914,-10.061490785703487,1.6809811928023444,11.28612067875493,21.34729928109883,1.3000588259081787,77.93000030517578
2026-07-10,SOL,11,-24.42241315622302,-12.60036727337959,-0.7816848345550631,9.79797719781999,23.32791970661701,-0.4894214045327871,77.93000030517578
2026-07-10,SOL,12,-22.120649145945116,-16.857008426240345,-2.651780389679115,7.863849248519878,21.781063920783065,-1.6486696434349237,77.93000030517578
2026-07-10,SOL,13,-26.721457204926352,-17.782317497786753,-2.670203960109585,14.911614241555403,22.077350715396012,-0.9690995375898275,77.93000030517578
2026-07-10,SOL,14,-30.24431179620972,-18.99481967006273,-3.437190370987425,6.634350187856364,29.96596603890772,-1.7686432848530718,77.93000030517578
2026-07-10,SOL,15,-25.50258087374746,-17.26828743131128,-2.094585032797358,9.885531591124414,21.799994854165337,-1.008750300323332,77.93000030517578
2026-07-10,SOL,16,-27.52487248447234,-12.198212536531951,-2.5847270847971004,9.571759936603764,25.336286879222936,0.7041991506524259,77.93000030517578
2026-07-10,SOL,17,-21.248356909783883,-18.105716599674142,-4.69681627069306,8.875902937353896,23.95096896600671,-0.24473794876890498,77.93000030517578
2026-07-10,SOL,18,-23.863942914504136,-15.523131288778075,-5.754060369360619,10.611947364240741,22.81873758149907,-0.48109294943540526,77.93000030517578
2026-07-10,SOL,19,-24.776988003989857,-16.39815874703063,-6.457523815260203,8.451122480027145,22.640903605256153,-1.142891048878041,77.93000030517578
2026-07-10,SOL,20,-24.7025716007059,-15.743907039081428,-5.48045240215787,8.789958751117604,30.246665714311977,-0.05960514019888876,77.93000030517578
2026-07-10,SOL,21,-23.274004859418294,-13.408519297484702,-5.337803762481374,8.575607810536745,32.98478549159681,1.4914889540435226,77.93000030517578
2026-07-10,SOL,22,-23.932433511805677,-15.773513992798039,-4.782066383278083,8.93664283063162,34.87059942066941,1.2901775401455322,77.93000030517578
2026-07-10,SOL,23,-24.337421634670935,-15.929900597623298,-4.9627678120990115,10.659377069975557,48.91474291309321,2.874789336673442,77.93000030517578
2026-07-10,SOL,24,-24.77824616221461,-15.321813055987976,-4.156046983920997,9.44680322727457,42.39873689107282,2.4168671151374883,77.93000030517578
2026-07-10,SOL,25,-25.711859151028683,-14.313778784007539,-3.4557971228957207,7.8575883758756015,38.528796037354745,1.2536213473621747,77.93000030517578
2026-07-10,SOL,26,-25.302623074959705,-15.41382637977907,-4.605661641666703,6.862905875576914,35.570269197276126,4.080845640178881,77.93000030517578
2026-07-10,SOL,27,-24.46699075625365,-15.122666724905905,-4.542875579278816,9.058778329492078,42.7185296068404,4.915353470124454,77.93000030517578
2026-07-10,SOL,28,-23.446348594236536,-13.844171592752838,-4.3578838835921,11.293995524961314,45.696585286626295,6.908675234716677,77.93000030517578
2026-07-10,SOL,29,-21.307929838730548,-13.277062593000904,-2.314866720145259,12.775276216229674,44.8275377917842,7.6655220144953775,77.93000030517578
2026-07-10,SOL,30,-19.555780052922582,-10.291210416583866,-1.5447244720740438,11.986143733942095,43.74992929670614,6.84443820531839,77.93000030517578
