Asset,Orizzonte,Controlli indipendenti,Soglia,Stato,Forza correzione,Shift p50,Scala p10-p90
BTC,1g,14,30,RACCOLTA (16 mancanti),"0,0%","0,00%","1,000"
BTC,3g,13,30,RACCOLTA (17 mancanti),"0,0%","0,00%","1,000"
BTC,7g,13,30,RACCOLTA (17 mancanti),"0,0%","0,00%","1,000"
BTC,14g,12,30,RACCOLTA (18 mancanti),"0,0%","0,00%","1,000"
BTC,30g,9,30,RACCOLTA (21 mancanti),"0,0%","0,00%","1,000"
SOL,1g,14,30,RACCOLTA (16 mancanti),"0,0%","0,00%","1,000"
SOL,3g,13,30,RACCOLTA (17 mancanti),"0,0%","0,00%","1,000"
SOL,7g,13,30,RACCOLTA (17 mancanti),"0,0%","0,00%","1,000"
SOL,14g,12,30,RACCOLTA (18 mancanti),"0,0%","0,00%","1,000"
SOL,30g,9,30,RACCOLTA (21 mancanti),"0,0%","0,00%","1,000"
DOGE,1g,14,30,RACCOLTA (16 mancanti),"0,0%","0,00%","1,000"
DOGE,3g,13,30,RACCOLTA (17 mancanti),"0,0%","0,00%","1,000"
DOGE,7g,13,30,RACCOLTA (17 mancanti),"0,0%","0,00%","1,000"
DOGE,14g,12,30,RACCOLTA (18 mancanti),"0,0%","0,00%","1,000"
DOGE,30g,9,30,RACCOLTA (21 mancanti),"0,0%","0,00%","1,000"
