snapshot_date,generated_at_utc,target_ticker,asset,current_price,horizon_day,target_date,p10_pct,p25_pct,p50_pct,p75_pct,p90_pct,mean_pct,p10_price,p25_price,p50_price,p75_price,p90_price,mean_price,cases_used
2026-07-10,2026-07-10 01:12:24,BTC-USD,BTC,63002.46875,0,2026-07-10,0.0,0.0,0.0,0.0,0.0,0.0,63002.46875,63002.46875,63002.46875,63002.46875,63002.46875,63002.46875,40.0
2026-07-10,2026-07-10 01:12:24,BTC-USD,BTC,63002.46875,1,2026-07-11,-2.213641721733033,-0.15883820646236946,2.510734243144075,6.9035249111134736,9.005346101267344,3.476522794795057,61607.81981602819,62902.39675861049,64584.29330693239,67351.85987477274,68676.05911328031,65192.763937377385,40.0
2026-07-10,2026-07-10 01:12:24,BTC-USD,BTC,63002.46875,2,2026-07-12,-4.138879147150264,-1.5360781307988987,1.8689666932988902,7.441634198546238,9.36709822191377,2.7358235965373288,60394.872708716386,62034.70160566784,64179.96390689355,67690.88201042841,68903.97188004303,64726.105156463556,40.0
2026-07-10,2026-07-10 01:12:24,BTC-USD,BTC,63002.46875,3,2026-07-13,-1.8814866405917747,-0.25716040537391294,3.624901965740124,10.711365862690464,13.712919770844826,5.525647445348489,61817.08571722574,62840.451345966925,65286.24647818356,69750.89368033972,71641.94674333908,66483.76305499085,40.0
2026-07-10,2026-07-10 01:12:24,BTC-USD,BTC,63002.46875,4,2026-07-14,-3.653710408651759,-0.41420373972460567,2.595030085954808,7.771253369067599,10.21582896538429,4.284789324811971,60700.54099157368,62741.51016831867,64637.40176895678,67898.55022533014,69438.69320146968,65701.991805368,40.0
2026-07-10,2026-07-10 01:12:24,BTC-USD,BTC,63002.46875,5,2026-07-15,-3.375650838529747,-1.6290891335443647,2.339274315330231,6.449557682515206,13.126442736423263,3.4311221065893998,60875.72538534619,61976.10237772907,64476.269319492705,67065.84931343986,71272.45173300171,65164.16038297833,40.0
2026-07-10,2026-07-10 01:12:24,BTC-USD,BTC,63002.46875,6,2026-07-16,-1.8214530878597819,0.03689340480956538,3.021451111192941,9.035307153590601,15.46016659247635,5.338466961366588,61854.90833752523,63025.71250583596,64906.05754212586,68694.93531590744,72742.75537612285,66365.83472906407,40.0
2026-07-10,2026-07-10 01:12:24,BTC-USD,BTC,63002.46875,7,2026-07-17,-2.226839413049436,1.7838860884815566,5.042923422251078,9.116583987388488,18.96931211950215,7.009301263445378,61599.50494468085,64126.36102543119,66179.63500319017,68746.14172772193,74953.6036901793,67418.50158809553,40.0
2026-07-10,2026-07-10 01:12:24,BTC-USD,BTC,63002.46875,8,2026-07-18,-2.004419436601246,2.2172184697846378,6.867456088024615,11.564938602237874,26.132633275911825,8.404097503125394,61739.63502083637,64399.3711235453,67329.13562577768,70288.66557883161,79466.67286320844,68297.2576531261,40.0
2026-07-10,2026-07-10 01:12:24,BTC-USD,BTC,63002.46875,9,2026-07-19,0.8121708347739668,4.686639265872433,9.39160258931009,15.253394296231344,26.42813676938797,9.258329616555711,63514.15642637508,65955.1671889065,68919.41023645428,72612.48372479744,79652.84735934091,68835.4449734425,40.0
2026-07-10,2026-07-10 01:12:24,BTC-USD,BTC,63002.46875,10,2026-07-20,-3.182998348949842,3.9940922607685945,8.409136726238941,18.233320745062347,24.91795735901449,9.168860306233842,60997.101209889865,65518.8454784369,68300.43248809346,74489.91095449516,78701.39704825143,68779.07709916614,40.0
2026-07-10,2026-07-10 01:12:24,BTC-USD,BTC,63002.46875,11,2026-07-21,-4.004925104793503,2.6441998088279184,8.72458352475881,19.19759715565537,27.194511322800565,10.048877038626516,60479.26706239157,64668.37990824437,68499.17175875382,75097.42889874266,80135.68224786264,69333.5093659866,40.0
2026-07-10,2026-07-10 01:12:24,BTC-USD,BTC,63002.46875,12,2026-07-22,-2.129695720300627,1.057919257223322,7.931553396003155,17.066470893253282,24.562109876860177,8.208840356744371,61660.70786934751,63668.983999432356,67999.54319970644,73754.76674124974,78477.2043495095,68174.24083049526,40.0
2026-07-10,2026-07-10 01:12:24,BTC-USD,BTC,63002.46875,13,2026-07-23,-5.048683834053754,-0.012207455494980812,6.277516157656715,19.688205105890646,26.01056767561036,8.545831955721372,59821.67329516398,62994.7777516666,66957.45890550387,75406.52401927466,79389.76852152402,68386.55385733086,40.0
2026-07-10,2026-07-10 01:12:24,BTC-USD,BTC,63002.46875,14,2026-07-24,-4.468389110777078,0.5036046475928591,6.389706534642714,22.069341488080486,33.42920598608225,10.384259058213951,60187.27329685426,63319.75211072323,67028.14161270499,76906.69872435869,84063.6938047546,69544.80831807028,40.0
2026-07-10,2026-07-10 01:12:24,BTC-USD,BTC,63002.46875,15,2026-07-25,-4.986351635673832,0.7138651951039854,6.86852298160654,18.65857781763619,27.62711364765604,8.400789487158445,59860.94411896948,63452.22144646252,67329.80779507323,74757.83340875068,80408.23239239148,68295.1735214003,40.0
2026-07-10,2026-07-10 01:12:24,BTC-USD,BTC,63002.46875,16,2026-07-26,-3.946442044168191,0.6043673014442558,7.1931695985168576,21.84508426727676,30.702728548454946,9.949660445746527,60516.11283438608,63383.23507022764,67534.34317844009,76765.4111389022,82345.94570913765,69271.00046306256,40.0
2026-07-10,2026-07-10 01:12:24,BTC-USD,BTC,63002.46875,17,2026-07-27,-6.525193464587339,-1.4818496675366637,5.302487072074669,24.014039926467873,32.78792675677984,9.540413116989393,58891.435776596314,62068.86687628824,66343.16651055664,78131.90675028545,83659.67205871311,69013.16454265214,40.0
2026-07-10,2026-07-10 01:12:24,BTC-USD,BTC,63002.46875,18,2026-07-28,-6.4574096653643,-2.152748973926846,5.73189440828934,19.32711364211295,29.869752443423998,7.7454949971694065,58934.14124351938,61646.1837504358,66613.70373336549,75179.0274826492,81821.15019887057,67882.32181512447,40.0
2026-07-10,2026-07-10 01:12:24,BTC-USD,BTC,63002.46875,19,2026-07-29,-7.114824126603331,-2.3754126374850912,5.00584705660061,20.23773041204594,29.84286406784807,7.289639920631897,58519.953903019275,61505.900145384905,66156.2759775076,75752.73852855849,81804.20985845095,67595.12186298364,40.0
2026-07-10,2026-07-10 01:12:24,BTC-USD,BTC,63002.46875,20,2026-07-30,-7.941384720399334,-3.818766348666178,5.667712142386028,19.558007956521074,30.270835057152166,7.4762459003884345,57999.20032321313,60596.55167454607,66573.26732134672,75324.4966009297,82073.84214724634,67712.68823706539,40.0
2026-07-10,2026-07-10 01:12:24,BTC-USD,BTC,63002.46875,21,2026-07-31,-8.372376006735394,-4.069363025043354,3.5981028313622154,18.548020814084296,31.38236445428588,7.80913382877551,57727.66517272404,60438.66958182301,65269.36236192184,74688.17976713694,82774.13310832257,67922.41585011997,40.0
2026-07-10,2026-07-10 01:12:24,BTC-USD,BTC,63002.46875,22,2026-08-01,-7.566318467997119,-4.006029583132184,3.2432284966132374,19.870446869561036,34.575292273420416,9.144341713360154,58235.50132167464,60478.571213771385,65045.782770069854,75521.34082948054,84785.75645978286,68763.62978035295,40.0
2026-07-10,2026-07-10 01:12:24,BTC-USD,BTC,63002.46875,23,2026-08-02,-10.696966341216829,-4.635566153151469,4.828225524741702,23.717655117286625,48.91474291309321,11.75906958059883,56263.11587367685,60081.94763297517,66044.3700274049,77945.17700350129,93819.96436796439,70410.97288780753,40.0
2026-07-10,2026-07-10 01:12:24,BTC-USD,BTC,63002.46875,24,2026-08-03,-10.602354230921435,-4.302128998268359,2.4538667325543884,19.41899922880552,42.39873689107282,9.989018620818953,56322.723838899416,60292.02127228129,64548.465371344224,75236.91767069093,89714.71971019288,69295.79708501314,40.0
2026-07-10,2026-07-10 01:12:24,BTC-USD,BTC,63002.46875,25,2026-08-04,-14.495188523677047,-5.742934788174283,1.208491815954027,16.563863318817223,28.90593128410876,6.504063332014961,53870.14213011678,59384.27805474762,63763.848428692734,73438.11156123054,81213.9190741671,67100.18921823293,40.0
2026-07-10,2026-07-10 01:12:24,BTC-USD,BTC,63002.46875,26,2026-08-05,-16.58260899441328,-5.8360452245514285,0.16514244493751606,15.028264199735453,28.42524520135834,8.193945179622085,52555.01570036008,59325.616181166115,63106.51256726474,72470.64620610577,80911.07497509666,68164.85650118353,40.0
2026-07-10,2026-07-10 01:12:24,BTC-USD,BTC,63002.46875,27,2026-08-06,-16.070628413486688,-6.958799165944679,0.40751705724474396,19.26686130086996,36.4343060739396,7.876680802932164,52877.57610586443,58618.25348010044,63259.21455664155,75141.06702018644,85956.98104851315,67964.97211140458,40.0
2026-07-10,2026-07-10 01:12:24,BTC-USD,BTC,63002.46875,28,2026-08-07,-15.52741274238819,-5.924032134524854,1.9141060970620405,22.101224955400284,43.53685808293146,9.26261843446937,53219.81538929336,59270.182255706015,64208.40284564336,76926.78609589326,90431.76415843074,68838.1470346083,40.0
2026-07-10,2026-07-10 01:12:24,BTC-USD,BTC,63002.46875,29,2026-08-08,-23.38712243684002,-2.7984111497259043,4.402527442134163,25.252423497995558,45.612016195976224,11.54156269640248,48268.00424520562,61239.40063989742,65776.16972594075,78912.11897294232,91739.16500011487,70273.93818106262,40.0
2026-07-10,2026-07-10 01:12:24,BTC-USD,BTC,63002.46875,30,2026-08-09,-22.83363327588745,-1.6543707284460334,6.8896007899918015,22.557626878307314,43.74992929670614,11.749223651801824,48616.7160808694,61960.174348801644,67343.08733471435,77214.33057474716,90566.00428330438,70404.76970959405,40.0
2026-07-10,2026-07-10 01:12:24,SOL-USD,SOL,78.05999755859375,0,2026-07-10,0.0,0.0,0.0,0.0,0.0,0.0,78.05999755859375,78.05999755859375,78.05999755859375,78.05999755859375,78.05999755859375,78.05999755859375,40.0
2026-07-10,2026-07-10 01:12:24,SOL-USD,SOL,78.05999755859375,1,2026-07-11,-4.03779168559187,-1.2722898251532833,0.9003798375270766,4.933369587480035,8.115888114193002,1.8568513127927837,74.90809746739963,77.06684815214086,78.76283403778545,81.91098573813707,84.395259622391,79.50945564802652,40.0
2026-07-10,2026-07-10 01:12:24,SOL-USD,SOL,78.05999755859375,2,2026-07-12,-4.5362369780954515,-3.0450973350074713,1.973896905210315,4.910308894552534,8.090944183000275,1.5555759711904735,74.51901108424042,75.68299465323011,79.60082143461008,81.89298456180086,84.37578839031094,79.2742801237271,40.0
2026-07-10,2026-07-10 01:12:24,SOL-USD,SOL,78.05999755859375,3,2026-07-13,-6.195376613099251,-2.215152742856061,1.224818741691025,8.123020900833389,10.150637087894673,2.041969472687959,73.2238867256628,76.33084938160118,79.01609103845496,84.40082747546835,85.98358462158605,79.65395887912119,40.0
2026-07-10,2026-07-10 01:12:24,SOL-USD,SOL,78.05999755859375,4,2026-07-14,-6.003568932499574,-2.982424536801462,0.1504848257987801,5.916013090492972,7.837498494469628,0.6942790402568868,73.37361179645609,75.73191703797963,78.17746600993833,82.67803723259864,84.17794869203156,78.60195176046811,40.0
2026-07-10,2026-07-10 01:12:24,SOL-USD,SOL,78.05999755859375,5,2026-07-15,-5.4430278659831455,-3.4639064518085796,0.5981622945292919,4.278765473575663,7.63301157214034,0.4082785163375352,73.81117013929374,75.35607226687999,78.52692303109974,81.40000178280486,84.01832620545368,78.37869975847909,40.0
2026-07-10,2026-07-10 01:12:24,SOL-USD,SOL,78.05999755859375,6,2026-07-16,-7.933560537421257,-3.5013539941893517,0.8779068942624146,6.258013220008935,10.44924108662645,1.3988101018002435,71.86706039677316,75.32684071621182,78.74529165882171,82.9450025253492,86.21667489570594,79.1519086899084,40.0
2026-07-10,2026-07-10 01:12:24,SOL-USD,SOL,78.05999755859375,7,2026-07-17,-9.486292650733066,-4.261177014695816,2.5657584066371752,7.774132430107683,10.495729219927311,1.5168816839253823,70.65499774703046,74.73372288495484,80.06282850817415,84.12848514373765,86.25296353142562,79.24407536403267,40.0
2026-07-10,2026-07-10 01:12:24,SOL-USD,SOL,78.05999755859375,8,2026-07-18,-9.868862346753327,-4.979314238272114,1.9293256323992591,7.398367366896558,11.553757317160418,1.369209149675783,70.35636385165712,74.17314498576383,79.56602910014193,83.835162944569,87.07886023829502,79.1288021874027,40.0
2026-07-10,2026-07-10 01:12:24,SOL-USD,SOL,78.05999755859375,9,2026-07-19,-13.878741057315557,-6.251122775757009,1.736604168706768,7.565183179371404,17.365484179952773,1.351060143459327,67.22625262808968,73.18037127245313,79.41559073028868,83.96537936371422,91.61549408550287,79.11463507359325,40.0
2026-07-10,2026-07-10 01:12:24,SOL-USD,SOL,78.05999755859375,10,2026-07-20,-20.136553306174914,-8.554231982049547,1.6809811928023444,11.037234313355725,21.34729928109883,1.5307671222501353,62.34140453940868,71.38256428224943,79.37217143665568,86.6756623941355,94.7236988562452,79.25491433684996,40.0
2026-07-10,2026-07-10 01:12:24,SOL-USD,SOL,78.05999755859375,11,2026-07-21,-24.42241315622302,-10.378262462710996,-0.7816848345550631,9.6490128722102,23.32791970661701,-0.21399950213519353,58.99586244509638,69.95872613357709,77.44981439582418,85.59201677106944,96.2697711120497,77.89294955245161,40.0
2026-07-10,2026-07-10 01:12:24,SOL-USD,SOL,78.05999755859375,12,2026-07-22,-22.120649145945116,-10.778078926811006,-2.651780389679115,7.863849248519878,21.781063920783065,-1.3549304092200747,60.7926193753239,69.64662941146177,75.99001785115097,84.19851808999987,95.06229552339276,77.0023389142359,40.0
2026-07-10,2026-07-10 01:12:24,SOL-USD,SOL,78.05999755859375,13,2026-07-23,-26.721457204926352,-12.076691479161031,-2.670203960109585,13.209040925664262,22.077350715396012,-0.6491924459444023,57.20122871680756,68.63293248480176,75.97563641252273,88.37097458268092,95.29357698803405,77.55323795113897,40.0
2026-07-10,2026-07-10 01:12:24,SOL-USD,SOL,78.05999755859375,14,2026-07-24,-30.24431179620972,-18.171752180447797,-3.437190370987425,6.634350187856364,29.96596603890772,-1.2146219542120513,54.45128850885896,63.87512825018249,75.37692683891675,83.23877115326299,101.45142991697416,77.11186369078968,40.0
2026-07-10,2026-07-10 01:12:24,SOL-USD,SOL,78.05999755859375,15,2026-07-25,-25.50258087374746,-15.554120804540155,-2.094585032797358,9.885531591124414,21.799994854165337,-0.6694559119411629,58.15268355116809,65.91845123830899,76.42496453312947,85.77664327727949,95.07707300952879,77.53742029007661,40.0
2026-07-10,2026-07-10 01:12:24,SOL-USD,SOL,78.05999755859375,16,2026-07-26,-27.52487248447234,-10.801136565913918,-2.5847270847971004,9.571759936603764,25.336286879222936,0.9640314956760218,56.5740827692086,69.62863061894097,76.04235965930482,85.53171313142111,97.83750247795348,78.81252052058254,40.0
2026-07-10,2026-07-10 01:12:24,SOL-USD,SOL,78.05999755859375,17,2026-07-27,-21.248356909783883,-14.317361334701916,-4.69681627069306,8.875902937353896,23.823721887085096,-0.07812773648903129,61.47353067357516,66.8838656502704,74.39366289235912,84.98852717479535,96.65679428201855,77.99901104939782,40.0
2026-07-10,2026-07-10 01:12:24,SOL-USD,SOL,78.05999755859375,18,2026-07-28,-23.863942914504136,-15.220030798322554,-5.754060369360619,10.611947364240741,22.81873758149907,-0.28837346261353003,59.43180430214762,66.17924188900595,73.56837817475085,86.34368341203933,95.87230355761385,77.83489324071799,40.0
2026-07-10,2026-07-10 01:12:24,SOL-USD,SOL,78.05999755859375,19,2026-07-29,-24.776988003989857,-14.494185852933336,-6.457523815260203,8.451122480027145,22.640903605256153,-0.7343655996116201,58.7190813275862,66.74583643565595,73.01925462605602,84.65694356017671,95.73348636010026,77.48675178946577,40.0
2026-07-10,2026-07-10 01:12:24,SOL-USD,SOL,78.05999755859375,20,2026-07-30,-24.7025716007059,-14.362289178372166,-5.48045240215787,10.276865848474959,30.246665714311977,0.2965540632907956,58.77717077017285,66.84879497659826,73.78195654726943,86.08211878901325,101.67054407674169,78.29148765315846,40.0
2026-07-10,2026-07-10 01:12:24,SOL-USD,SOL,78.05999755859375,21,2026-07-31,-23.274004859418294,-12.431705647055182,-5.337803762481374,8.581055991431247,32.98478549159681,1.7319351991014487,59.89230993354484,68.35580843401091,73.89330807191827,84.75836965600654,103.8079203080416,79.41194613272876,40.0
2026-07-10,2026-07-10 01:12:24,SOL-USD,SOL,78.05999755859375,22,2026-08-01,-23.932433511805677,-13.308051722068978,-4.782066383278083,9.98971223685946,34.87059942066941,1.6640810017758347,59.37834054356617,67.6717327092503,74.32711665655654,85.8579666867968,105.2799866150353,79.358979147953,40.0
2026-07-10,2026-07-10 01:12:24,SOL-USD,SOL,78.05999755859375,23,2026-08-02,-24.337421634670935,-15.515622452414558,-4.9627678120990115,11.011576264294455,48.91474291309321,3.3741874519885444,59.06220682474495,65.94850305103833,74.18606112563059,86.65563372166469,116.24284468234671,80.69388820123838,40.0
2026-07-10,2026-07-10 01:12:24,SOL-USD,SOL,78.05999755859375,24,2026-08-03,-24.77824616221461,-14.1263518586216,-4.156046983920997,11.844465317841907,42.39873689107282,2.8751739365052034,58.71809920930667,67.03296764263537,74.81578738441101,87.30578689652963,111.1564505406398,80.30435826323503,40.0
2026-07-10,2026-07-10 01:12:24,SOL-USD,SOL,78.05999755859375,25,2026-08-04,-25.711859151028683,-13.794209579331401,-3.4557971228957207,7.8575883758756015,38.528796037354745,1.5340125815526449,57.9893209330317,67.29223789774036,75.3624024088314,84.19363085296659,108.13557480470844,79.25744774230226,40.0
2026-07-10,2026-07-10 01:12:24,SOL-USD,SOL,78.05999755859375,26,2026-08-05,-25.302623074959705,-14.607656148606353,-4.605661641666703,5.83039637887074,35.570269197276126,4.314142448009255,58.308770604020026,66.65726152562387,74.46481819355164,82.6112048295966,105.82614882557272,81.42761704818403,40.0
2026-07-10,2026-07-10 01:12:24,SOL-USD,SOL,78.05999755859375,27,2026-08-06,-24.46699075625365,-14.013798006360439,-4.542875579278816,9.058778329492078,42.7185296068404,5.1732840984553174,58.961065171600794,67.12082717696252,74.51382899231875,85.13127970143368,111.4060807267605,82.09826299954709,40.0
2026-07-10,2026-07-10 01:12:24,SOL-USD,SOL,78.05999755859375,28,2026-08-07,-23.446348594236536,-13.696693302387924,-4.3578838835921,11.293995524961314,45.696585286626295,7.158164854186237,59.75777841835333,67.36835910114166,74.65823350545541,86.87609018964623,113.73075091769495,83.64766086901164,40.0
2026-07-10,2026-07-10 01:12:24,SOL-USD,SOL,78.05999755859375,29,2026-08-08,-21.307929838730548,-11.561566433531922,-2.314866720145259,12.795932344636597,44.8275377917842,8.03593004177168,61.42702804669382,69.03503908284354,76.25301265336365,88.04850203441637,113.05237246443819,84.33284435301103,40.0
2026-07-10,2026-07-10 01:12:24,SOL-USD,SOL,78.05999755859375,30,2026-08-09,-19.555780052922582,-9.249484761186427,-1.5447244720740438,11.030090671416204,43.74992929670614,7.020304578990334,62.794756126718426,70.83984997982913,76.85418567340575,86.67008606741192,112.21119129948904,83.54004714155946,40.0
2026-07-10,2026-07-10 01:12:24,DOGE-USD,DOGE,0.07284999638795853,0,2026-07-10,0.0,0.0,0.0,0.0,0.0,0.0,0.07284999638795853,0.07284999638795853,0.07284999638795853,0.07284999638795853,0.07284999638795853,0.07284999638795853,40.0
2026-07-10,2026-07-10 01:12:24,DOGE-USD,DOGE,0.07284999638795853,1,2026-07-11,-3.6857097978228515,-0.9524705495552815,0.2632146357101739,2.5403780872966077,4.763962228527641,0.8329301711649334,0.07016495693337395,0.07215612162701113,0.07304174824056596,0.0747006617327946,0.07632054269936463,0.07345678598756639,40.0
2026-07-10,2026-07-10 01:12:24,DOGE-USD,DOGE,0.07284999638795853,2,2026-07-12,-9.407441249284117,-5.82691864430413,-0.901996332616245,2.7406184660503428,6.10729855929784,-1.4245942948889994,0.06599667577765572,0.06860508636605368,0.07219289209222807,0.07484653684148392,0.07729916316780884,0.07181217949558882,40.0
2026-07-10,2026-07-10 01:12:24,DOGE-USD,DOGE,0.07284999638795853,3,2026-07-13,-9.373964210034826,-5.116215628387224,-0.028462167019854823,2.4905015094194183,7.948264024571314,-0.892824307529702,0.06602106379953963,0.06912283348747826,0.07282926170031262,0.07466432664761263,0.07864030644276414,0.07219957391217233,40.0
2026-07-10,2026-07-10 01:12:24,DOGE-USD,DOGE,0.07284999638795853,4,2026-07-14,-10.472957502685803,-7.806934874836099,-1.3905816090498402,0.7396345809043969,3.492711215998786,-3.1457639103907153,0.06522044722553949,0.06716264461363015,0.0718369577359941,0.07338882015343147,0.07539443638265547,0.07055830749286518,40.0
2026-07-10,2026-07-10 01:12:24,DOGE-USD,DOGE,0.07284999638795853,5,2026-07-15,-10.72571336855616,-7.037326563657222,-1.269719749694076,3.5913015679326863,11.247169257082472,-1.9720370133509995,0.06503631458638258,0.06772330424052539,0.0719250055961692,0.07546625945047818,0.08104355878549069,0.07141336749496312,40.0
2026-07-10,2026-07-10 01:12:24,DOGE-USD,DOGE,0.07284999638795853,6,2026-07-16,-11.310115910578551,-7.209106445731023,-2.2072668512305436,0.8294674171188621,7.1017358036726055,-2.8614915189105607,0.06461057735562813,0.06759816260263939,0.07124200256656447,0.07345426337136891,0.07802361066441639,0.07076539991979044,40.0
2026-07-10,2026-07-10 01:12:24,DOGE-USD,DOGE,0.07284999638795853,7,2026-07-17,-14.228873143611287,-7.009996220825604,-3.1671943317097275,2.7895486967144834,7.046439168197544,-3.7508660104727327,0.0624842628167905,0.06774321439429104,0.07054269543170835,0.07488218251275537,0.07798332706747013,0.07011749063481197,40.0
2026-07-10,2026-07-10 01:12:24,DOGE-USD,DOGE,0.07284999638795853,8,2026-07-18,-17.84704449205946,-11.937859895615823,-2.293358283278335,3.1876131613690406,7.1516884057506305,-4.217731720196743,0.059848425120135856,0.06415326588520286,0.07117928496142731,0.07517217246087797,0.0780600011332259,0.06977737898214142,40.0
2026-07-10,2026-07-10 01:12:24,DOGE-USD,DOGE,0.07284999638795853,9,2026-07-19,-23.98378207806011,-13.935628383485898,-4.246283407612877,3.3974197990009616,9.001978563255964,-5.801384645297679,0.05537781201039589,0.06269789161394973,0.06975657907889006,0.07532501658881452,0.07940793744613531,0.06862368788340759,40.0
2026-07-10,2026-07-10 01:12:24,DOGE-USD,DOGE,0.07284999638795853,10,2026-07-20,-27.231245984036967,-15.10310076394454,-4.105675959311994,2.5655056225175166,9.429995450589908,-6.7588807663558015,0.053012034672191496,0.06184738802695519,0.06985901159989846,0.07471896714129542,0.07971974773309794,0.0679261519938019,40.0
2026-07-10,2026-07-10 01:12:24,DOGE-USD,DOGE,0.07284999638795853,11,2026-07-21,-26.366137250648976,-19.372352019145143,-9.482618186426533,0.8861874374807344,7.994564389626243,-9.34052411284596,0.053642266353216554,0.05873723864174868,0.0659419093816629,0.07349558390415377,0.07867403625703427,0.06604542490913384,40.0
2026-07-10,2026-07-10 01:12:24,DOGE-USD,DOGE,0.07284999638795853,12,2026-07-22,-34.27608037470694,-22.14095325349852,-13.657267701083258,-2.1018795024887957,10.45566706632905,-12.222048790941425,0.047879873073050756,0.05672031274252527,0.06290067736102554,0.0713187772463162,0.08046694946811621,0.06394623428522317,40.0
2026-07-10,2026-07-10 01:12:24,DOGE-USD,DOGE,0.07284999638795853,13,2026-07-23,-35.753248366806204,-28.450239310967728,-16.532765893806904,-0.8412458076197948,10.798982156339438,-14.361754402643658,0.046803756244162366,0.05212399807755298,0.06080587703149056,0.07223714884749366,0.08071705449878809,0.06238745882438515,40.0
2026-07-10,2026-07-10 01:12:24,DOGE-USD,DOGE,0.07284999638795853,14,2026-07-24,-37.175050270141135,-32.95095729195995,-19.91061037529662,-4.869715272804117,2.6407527660365684,-17.657896915837114,0.04576797360893894,0.04884522519096794,0.05834511744873444,0.06930240898761686,0.07477378468263109,0.05998621912258175,40.0
2026-07-10,2026-07-10 01:12:24,DOGE-USD,DOGE,0.07284999638795853,15,2026-07-25,-36.02520645903604,-30.866816267351016,-21.890286484250524,-5.75882510468253,2.0663883796350118,-17.510248862038722,0.04660563478379617,0.05036352185211552,0.05690292347486825,0.06865469250720846,0.07435536024788383,0.060093780724440764,40.0
2026-07-10,2026-07-10 01:12:24,DOGE-USD,DOGE,0.07284999638795853,16,2026-07-26,-35.27936528523576,-27.78423636676641,-17.809971065567364,-2.9320700183383424,2.7839967956566007,-15.49446690310836,0.04714898005196958,0.052609181198347336,0.05987543310999624,0.07071398348550663,0.07487813795303523,0.06156227780871065,40.0
2026-07-10,2026-07-10 01:12:24,DOGE-USD,DOGE,0.07284999638795853,17,2026-07-27,-41.55690295957344,-34.01587714016558,-23.632130639168512,-8.257123368890024,7.042914415066255,-19.109783408438524,0.042575794082961846,0.048069431120015486,0.05563399007092663,0.06683468231197287,0.0779807592849413,0.05892851986516437,40.0
2026-07-10,2026-07-10 01:12:24,DOGE-USD,DOGE,0.07284999638795853,18,2026-07-28,-39.323137497467066,-31.252717578137524,-20.619170349322232,-7.057169878577341,7.586857564642996,-17.579411870832228,0.044203092141421804,0.05008239276114646,0.057828931533250263,0.06770884838632284,0.0783770218497605,0.060043395475032894,40.0
2026-07-10,2026-07-10 01:12:24,DOGE-USD,DOGE,0.07284999638795853,19,2026-07-29,-38.78775380353629,-33.092354630807854,-23.532700386434076,-8.998253786449093,2.828644267692225,-19.561896793616246,0.04459311914311209,0.04874221723472458,0.0557064250064522,0.06629476882955102,0.0749106636348005,0.058599155280392924,40.0
2026-07-10,2026-07-10 01:12:24,DOGE-USD,DOGE,0.07284999638795853,20,2026-07-30,-35.41050512437928,-30.35038109495732,-19.852944699538824,-8.503638605416757,3.463311201685306,-16.841164101989072,0.047053444683890354,0.05073974485655048,0.05838712689144109,0.06665509597106736,0.07537301847329003,0.06058120894796932,40.0
2026-07-10,2026-07-10 01:12:24,DOGE-USD,DOGE,0.07284999638795853,21,2026-07-31,-34.5968149662089,-31.235946927901857,-17.132734774929723,-7.08932569481811,6.725388014369825,-15.983763299014347,0.04764621793472665,0.05009461017923738,0.06036879972326371,0.06768542287535292,0.07774944131350313,0.061205825401966736,40.0
2026-07-10,2026-07-10 01:12:24,DOGE-USD,DOGE,0.07284999638795853,22,2026-08-01,-33.47771312610994,-26.6278377152668,-15.636929305116276,-7.286420127895052,4.123010700730511,-15.111852145529443,0.04846148358481631,0.053451617574195205,0.06145849395399369,0.0675418395879755,0.07585360953451585,0.06184101264578669,40.0
2026-07-10,2026-07-10 01:12:24,DOGE-USD,DOGE,0.07284999638795853,23,2026-08-02,-34.17700963983447,-28.667701138799266,-19.481638989682498,-6.552547593273825,6.2371704714340535,-16.007220830704984,0.047952046099826874,0.05196557714383252,0.05865762308765971,0.06807646570293928,0.07739377485110906,0.0611887365909774,40.0
2026-07-10,2026-07-10 01:12:24,DOGE-USD,DOGE,0.07284999638795853,24,2026-08-03,-31.078255928312487,-24.2001344043499,-16.28591717757972,-6.042411326424732,2.9695112734646196,-14.702870130897201,0.05020948806674238,0.05522019934850852,0.06098570631234578,0.06844809995491251,0.07501328524341752,0.06213895602867368,40.0
2026-07-10,2026-07-10 01:12:24,DOGE-USD,DOGE,0.07284999638795853,25,2026-08-04,-30.970299435699747,-25.333236716250507,-16.11767832465793,-6.6250586705639245,5.912635033087502,-14.074947836877698,0.05028813436771132,0.05439473435521705,0.061108268310622445,0.06802364138575258,0.07715735079599594,0.06259639739718607,40.0
2026-07-10,2026-07-10 01:12:24,DOGE-USD,DOGE,0.07284999638795853,26,2026-08-05,-33.13581502407081,-25.53026921634415,-16.234802264401928,-6.294261650212782,3.523880488645216,-14.490416481508111,0.04871055633980232,0.054251196186015725,0.06102294352474951,0.06826462700312985,0.07541714319665255,0.062293728504579725,40.0
2026-07-10,2026-07-10 01:12:24,DOGE-USD,DOGE,0.07284999638795853,27,2026-08-06,-33.06036788819929,-26.437691659604404,-17.813108308863217,-6.208164215280171,-0.06947751400921048,-15.621539512299668,0.04876551957555955,0.0535901389688771,0.059873147628368525,0.0683273489813684,0.07279938202151237,0.061469705417504704,40.0
2026-07-10,2026-07-10 01:12:24,DOGE-USD,DOGE,0.07284999638795853,28,2026-08-07,-33.51668010647731,-26.206538710286623,-18.098917489336202,-5.179555945346086,-1.2663323564051925,-15.59470087105035,0.0484330961410262,0.05375853388410577,0.0596649356507175,0.06907669006886162,0.07192747331205779,0.06148925736668541,40.0
2026-07-10,2026-07-10 01:12:24,DOGE-USD,DOGE,0.07284999638795853,29,2026-08-08,-37.99774544430017,-28.975925142459896,-20.248794092156658,-7.295658610988895,1.175209613603718,-16.724417165530518,0.04516864020428018,0.051741035968298925,0.058098750623217246,0.06753510935337532,0.07370613654901977,0.06066625908696243,40.0
2026-07-10,2026-07-10 01:12:24,DOGE-USD,DOGE,0.07284999638795853,30,2026-08-09,-36.38336335332817,-29.991856759759564,-20.24941917609931,-4.520124967293862,2.9882163713572014,-16.876197428901484,0.04634471749924113,0.05100092982179198,0.0580982952495876,0.06955708551255374,0.07502691190655664,0.06055568717057905,40.0
