snapshot_date,generated_at_utc,target_ticker,asset,current_price,horizon_day,target_date,raw_p10_price,raw_p25_price,raw_p50_price,raw_p75_price,raw_p90_price,shadow_p10_price,shadow_p25_price,shadow_p50_price,shadow_p75_price,shadow_p90_price,calibration_controls,calibration_active,calibration_strength,center_shift_pct,raw_bias_pct,wide_scale,central_scale
2026-07-16,2026-07-16 15:04:45,BTC-USD,BTC,64443.671875,0,2026-07-16,64443.671875,64443.671875,64443.671875,64443.671875,64443.671875,64443.671875,64443.671875,64443.671875,64443.671875,64443.671875,2,0,0.0,0.0,,1.0,1.0
2026-07-16,2026-07-16 15:04:45,BTC-USD,BTC,64443.671875,1,2026-07-17,60950.03487227273,62546.95641093002,64506.0906654987,65638.60831101685,66996.70388486428,60950.03487227273,62546.95641093002,64506.0906654987,65638.60831101685,66996.70388486428,2,0,0.0,0.0,,1.0,1.0
2026-07-16,2026-07-16 15:04:45,BTC-USD,BTC,64443.671875,2,2026-07-18,60642.3002364634,62815.48921845504,64016.30383357618,66434.17771360149,69113.39524038721,60642.3002364634,62815.48921845504,64016.30383357618,66434.17771360149,69113.39524038721,2,0,0.0,0.0,,1.0,1.0
2026-07-16,2026-07-16 15:04:45,BTC-USD,BTC,64443.671875,3,2026-07-19,59454.52848256096,62754.57101415108,64471.60280583478,66624.85744555725,69915.66229814895,59454.52848256096,62754.57101415108,64471.60280583478,66624.85744555725,69915.66229814895,2,0,0.0,0.0,,1.0,1.0
2026-07-16,2026-07-16 15:04:45,BTC-USD,BTC,64443.671875,4,2026-07-20,58853.098041608726,61608.83375018916,64503.73362237402,66691.79590460964,70469.4792920717,58853.098041608726,61608.83375018916,64503.73362237402,66691.79590460964,70469.4792920717,1,0,0.0,0.0,,1.0,1.0
2026-07-16,2026-07-16 15:04:45,BTC-USD,BTC,64443.671875,5,2026-07-21,55605.51791974392,62024.19659376047,65343.47849920721,67279.00419396552,69511.35987512993,55605.51791974392,62024.19659376047,65343.47849920721,67279.00419396552,69511.35987512993,1,0,0.0,0.0,,1.0,1.0
2026-07-16,2026-07-16 15:04:45,BTC-USD,BTC,64443.671875,6,2026-07-22,57222.83541383177,62236.65087533812,64510.29443846525,66949.72162681485,70354.80372026702,57222.83541383177,62236.65087533812,64510.29443846525,66949.72162681485,70354.80372026702,1,0,0.0,0.0,,1.0,1.0
2026-07-16,2026-07-16 15:04:45,BTC-USD,BTC,64443.671875,7,2026-07-23,57683.65675804716,60529.81197872818,63102.446803887135,67492.4605912293,70278.72299241056,57683.65675804716,60529.81197872818,63102.446803887135,67492.4605912293,70278.72299241056,0,0,0.0,0.0,,1.0,1.0
2026-07-16,2026-07-16 15:04:45,BTC-USD,BTC,64443.671875,8,2026-07-24,56689.36360507137,59752.79384183992,63177.999582477074,68281.94278585841,69509.6714848849,56689.36360507137,59752.79384183992,63177.999582477074,68281.94278585841,69509.6714848849,0,0,0.0,0.0,,1.0,1.0
2026-07-16,2026-07-16 15:04:45,BTC-USD,BTC,64443.671875,9,2026-07-25,56456.39876560919,58955.02606590488,62249.9282530081,64487.55567696824,69663.4911923863,56456.39876560919,58955.02606590488,62249.9282530081,64487.55567696824,69663.4911923863,0,0,0.0,0.0,,1.0,1.0
2026-07-16,2026-07-16 15:04:45,BTC-USD,BTC,64443.671875,10,2026-07-26,54204.19565212003,58893.29770139248,62292.04449550503,64415.67601578099,69329.11616117816,54204.19565212003,58893.29770139248,62292.04449550503,64415.67601578099,69329.11616117816,0,0,0.0,0.0,,1.0,1.0
2026-07-16,2026-07-16 15:04:45,BTC-USD,BTC,64443.671875,11,2026-07-27,55947.16901460006,58594.15427314333,61973.17095229343,64348.56037477671,70651.83140238767,55947.16901460006,58594.15427314333,61973.17095229343,64348.56037477671,70651.83140238767,0,0,0.0,0.0,,1.0,1.0
2026-07-16,2026-07-16 15:04:45,BTC-USD,BTC,64443.671875,12,2026-07-28,54079.88340522149,58179.93030894634,62377.636782493166,64596.633198430914,72591.89360592082,54079.88340522149,58179.93030894634,62377.636782493166,64596.633198430914,72591.89360592082,0,0,0.0,0.0,,1.0,1.0
2026-07-16,2026-07-16 15:04:45,BTC-USD,BTC,64443.671875,13,2026-07-29,55231.69471018293,58478.00485419558,62346.28412518482,64984.8007266332,72691.0589611811,55231.69471018293,58478.00485419558,62346.28412518482,64984.8007266332,72691.0589611811,0,0,0.0,0.0,,1.0,1.0
2026-07-16,2026-07-16 15:04:45,BTC-USD,BTC,64443.671875,14,2026-07-30,54389.27360716931,59130.56047651035,62235.26483609533,63939.19095324631,71228.68865866946,54389.27360716931,59130.56047651035,62235.26483609533,63939.19095324631,71228.68865866946,0,0,0.0,0.0,,1.0,1.0
2026-07-16,2026-07-16 15:04:45,BTC-USD,BTC,64443.671875,15,2026-07-31,53140.44318979461,58324.772428443146,61120.45794730997,65323.571565407125,73857.8511953867,53140.44318979461,58324.772428443146,61120.45794730997,65323.571565407125,73857.8511953867,0,0,0.0,0.0,,1.0,1.0
2026-07-16,2026-07-16 15:04:45,BTC-USD,BTC,64443.671875,16,2026-08-01,53678.07976076522,58613.67255619973,60469.679207960806,63592.580198885706,72597.5409034344,53678.07976076522,58613.67255619973,60469.679207960806,63592.580198885706,72597.5409034344,0,0,0.0,0.0,,1.0,1.0
2026-07-16,2026-07-16 15:04:45,BTC-USD,BTC,64443.671875,17,2026-08-02,54185.55632744686,57978.92706268048,60817.87963182871,65813.71463151606,75923.72898834893,54185.55632744686,57978.92706268048,60817.87963182871,65813.71463151606,75923.72898834893,0,0,0.0,0.0,,1.0,1.0
2026-07-16,2026-07-16 15:04:45,BTC-USD,BTC,64443.671875,18,2026-08-03,54150.10957086793,58060.85175678341,61540.00495204743,66442.51582226844,76954.78431896049,54150.10957086793,58060.85175678341,61540.00495204743,66442.51582226844,76954.78431896049,0,0,0.0,0.0,,1.0,1.0
2026-07-16,2026-07-16 15:04:45,BTC-USD,BTC,64443.671875,19,2026-08-04,55407.12157213367,58125.64939440101,61380.826445064034,68786.71143676268,77537.23692186624,55407.12157213367,58125.64939440101,61380.826445064034,68786.71143676268,77537.23692186624,0,0,0.0,0.0,,1.0,1.0
2026-07-16,2026-07-16 15:04:45,BTC-USD,BTC,64443.671875,20,2026-08-05,53938.22130177432,58057.59337718181,61981.1164474738,68949.52328846173,73825.64820174692,53938.22130177432,58057.59337718181,61981.1164474738,68949.52328846173,73825.64820174692,0,0,0.0,0.0,,1.0,1.0
2026-07-16,2026-07-16 15:04:45,BTC-USD,BTC,64443.671875,21,2026-08-06,53945.07562736348,59175.6578042345,61617.315146393965,68553.7582308071,74934.56391054063,53945.07562736348,59175.6578042345,61617.315146393965,68553.7582308071,74934.56391054063,0,0,0.0,0.0,,1.0,1.0
2026-07-16,2026-07-16 15:04:45,BTC-USD,BTC,64443.671875,22,2026-08-07,55126.48678040087,58510.81619058015,63949.71299488925,69384.33755265735,75197.63403873649,55126.48678040087,58510.81619058015,63949.71299488925,69384.33755265735,75197.63403873649,0,0,0.0,0.0,,1.0,1.0
2026-07-16,2026-07-16 15:04:45,BTC-USD,BTC,64443.671875,23,2026-08-08,55338.24525179703,59085.33122893497,65025.55034262121,69321.55330195373,77312.11789973636,55338.24525179703,59085.33122893497,65025.55034262121,69321.55330195373,77312.11789973636,0,0,0.0,0.0,,1.0,1.0
2026-07-16,2026-07-16 15:04:45,BTC-USD,BTC,64443.671875,24,2026-08-09,53862.27517424076,60763.242487397525,65503.211765462336,70364.0136302965,78180.84910933394,53862.27517424076,60763.242487397525,65503.211765462336,70364.0136302965,78180.84910933394,0,0,0.0,0.0,,1.0,1.0
2026-07-16,2026-07-16 15:04:45,BTC-USD,BTC,64443.671875,25,2026-08-10,50757.4615618832,59065.00284157897,65387.340125702685,69575.88033564595,76825.24354180347,50757.4615618832,59065.00284157897,65387.340125702685,69575.88033564595,76825.24354180347,0,0,0.0,0.0,,1.0,1.0
2026-07-16,2026-07-16 15:04:45,BTC-USD,BTC,64443.671875,26,2026-08-11,51282.064400979,58037.34278501485,65109.09794312596,69652.83126312753,77991.6208404741,51282.064400979,58037.34278501485,65109.09794312596,69652.83126312753,77991.6208404741,0,0,0.0,0.0,,1.0,1.0
2026-07-16,2026-07-16 15:04:45,BTC-USD,BTC,64443.671875,27,2026-08-12,50193.20563473281,59182.46650731147,66223.39447963775,70521.7772836876,78537.74258827287,50193.20563473281,59182.46650731147,66223.39447963775,70521.7772836876,78537.74258827287,0,0,0.0,0.0,,1.0,1.0
2026-07-16,2026-07-16 15:04:45,BTC-USD,BTC,64443.671875,28,2026-08-13,49099.98970283287,57932.627879602005,66589.87651800283,72005.38445672482,77997.75778954293,49099.98970283287,57932.627879602005,66589.87651800283,72005.38445672482,77997.75778954293,0,0,0.0,0.0,,1.0,1.0
2026-07-16,2026-07-16 15:04:45,BTC-USD,BTC,64443.671875,29,2026-08-14,50704.83810996354,56536.35714452825,66591.52375232335,72383.48862833792,80243.8468314261,50704.83810996354,56536.35714452825,66591.52375232335,72383.48862833792,80243.8468314261,0,0,0.0,0.0,,1.0,1.0
2026-07-16,2026-07-16 15:04:45,BTC-USD,BTC,64443.671875,30,2026-08-15,49237.09348742878,54416.70375472733,66378.43425900751,74102.92039919687,81595.44234193265,49237.09348742878,54416.70375472733,66378.43425900751,74102.92039919687,81595.44234193265,0,0,0.0,0.0,,1.0,1.0
2026-07-16,2026-07-16 15:04:45,DOGE-USD,DOGE,0.0734499990940094,0,2026-07-16,0.0734499990940094,0.0734499990940094,0.0734499990940094,0.0734499990940094,0.0734499990940094,0.0734499990940094,0.0734499990940094,0.0734499990940094,0.0734499990940094,0.0734499990940094,2,0,0.0,0.0,,1.0,1.0
2026-07-16,2026-07-16 15:04:45,DOGE-USD,DOGE,0.0734499990940094,1,2026-07-17,0.0672815979908985,0.0689264808846369,0.0713244565381959,0.0739159885252047,0.0758103723934062,0.0672815979908985,0.0689264808846369,0.0713244565381959,0.0739159885252047,0.0758103723934062,2,0,0.0,0.0,,1.0,1.0
2026-07-16,2026-07-16 15:04:45,DOGE-USD,DOGE,0.0734499990940094,2,2026-07-18,0.062738895923734,0.065274218824762,0.0698580609864819,0.0736115582663404,0.0757053609317384,0.062738895923734,0.065274218824762,0.0698580609864819,0.0736115582663404,0.0757053609317384,2,0,0.0,0.0,,1.0,1.0
2026-07-16,2026-07-16 15:04:45,DOGE-USD,DOGE,0.0734499990940094,3,2026-07-19,0.0584117144991497,0.0625370084524861,0.0699108020304061,0.0745524002809794,0.0772912408649807,0.0584117144991497,0.0625370084524861,0.0699108020304061,0.0745524002809794,0.0772912408649807,2,0,0.0,0.0,,1.0,1.0
2026-07-16,2026-07-16 15:04:45,DOGE-USD,DOGE,0.0734499990940094,4,2026-07-20,0.0526726133270679,0.0577754706068531,0.0678527975706543,0.0734202840030797,0.0782781729802572,0.0526726133270679,0.0577754706068531,0.0678527975706543,0.0734202840030797,0.0782781729802572,1,0,0.0,0.0,,1.0,1.0
2026-07-16,2026-07-16 15:04:45,DOGE-USD,DOGE,0.0734499990940094,5,2026-07-21,0.0527617175123862,0.0585348285838327,0.0667374818441017,0.0725640429025288,0.0778923560238513,0.0527617175123862,0.0585348285838327,0.0667374818441017,0.0725640429025288,0.0778923560238513,1,0,0.0,0.0,,1.0,1.0
2026-07-16,2026-07-16 15:04:45,DOGE-USD,DOGE,0.0734499990940094,6,2026-07-22,0.0540495893730704,0.0568150086973703,0.0660775721954251,0.0715527395564109,0.0764121827840338,0.0540495893730704,0.0568150086973703,0.0660775721954251,0.0715527395564109,0.0764121827840338,1,0,0.0,0.0,,1.0,1.0
2026-07-16,2026-07-16 15:04:45,DOGE-USD,DOGE,0.0734499990940094,7,2026-07-23,0.0481786556011381,0.0530353619301038,0.0628271931148575,0.0709802768326767,0.0771957533112415,0.0481786556011381,0.0530353619301038,0.0628271931148575,0.0709802768326767,0.0771957533112415,0,0,0.0,0.0,,1.0,1.0
2026-07-16,2026-07-16 15:04:45,DOGE-USD,DOGE,0.0734499990940094,8,2026-07-24,0.0471661736212353,0.0516624931546585,0.0613119687231692,0.0708822852798345,0.0798542083439827,0.0471661736212353,0.0516624931546585,0.0613119687231692,0.0708822852798345,0.0798542083439827,0,0,0.0,0.0,,1.0,1.0
2026-07-16,2026-07-16 15:04:45,DOGE-USD,DOGE,0.0734499990940094,9,2026-07-25,0.0459091767360304,0.05289316963619,0.0580623553442786,0.0680094505722866,0.0793133606292085,0.0459091767360304,0.05289316963619,0.0580623553442786,0.0680094505722866,0.0793133606292085,0,0,0.0,0.0,,1.0,1.0
2026-07-16,2026-07-16 15:04:45,DOGE-USD,DOGE,0.0734499990940094,10,2026-07-26,0.0482191948706921,0.0520065333162068,0.0602316365235183,0.0698586909993286,0.0802072512318251,0.0482191948706921,0.0520065333162068,0.0602316365235183,0.0698586909993286,0.0802072512318251,0,0,0.0,0.0,,1.0,1.0
2026-07-16,2026-07-16 15:04:45,DOGE-USD,DOGE,0.0734499990940094,11,2026-07-27,0.0486834711377046,0.0540123400860921,0.0634650220188619,0.073026787445709,0.0794452176814122,0.0486834711377046,0.0540123400860921,0.0634650220188619,0.073026787445709,0.0794452176814122,0,0,0.0,0.0,,1.0,1.0
2026-07-16,2026-07-16 15:04:45,DOGE-USD,DOGE,0.0734499990940094,12,2026-07-28,0.0462673299431737,0.0529514770735781,0.0607627851844813,0.0708200460148721,0.0803859428846646,0.0462673299431737,0.0529514770735781,0.0607627851844813,0.0708200460148721,0.0803859428846646,0,0,0.0,0.0,,1.0,1.0
2026-07-16,2026-07-16 15:04:45,DOGE-USD,DOGE,0.0734499990940094,13,2026-07-29,0.0473452542478838,0.052790143561797,0.0608269999238643,0.0705818417073417,0.0784088029527786,0.0473452542478838,0.052790143561797,0.0608269999238643,0.0705818417073417,0.0784088029527786,0,0,0.0,0.0,,1.0,1.0
2026-07-16,2026-07-16 15:04:45,DOGE-USD,DOGE,0.0734499990940094,14,2026-07-30,0.0484225070673426,0.0557098971365196,0.0619498949331412,0.0699086176640164,0.0777936300371658,0.0484225070673426,0.0557098971365196,0.0619498949331412,0.0699086176640164,0.0777936300371658,0,0,0.0,0.0,,1.0,1.0
2026-07-16,2026-07-16 15:04:45,DOGE-USD,DOGE,0.0734499990940094,15,2026-07-31,0.0501559052707169,0.057897258135409,0.0648368952447189,0.0712757311020832,0.0814780968837189,0.0501559052707169,0.057897258135409,0.0648368952447189,0.0712757311020832,0.0814780968837189,0,0,0.0,0.0,,1.0,1.0
2026-07-16,2026-07-16 15:04:45,DOGE-USD,DOGE,0.0734499990940094,16,2026-08-01,0.0507466342902423,0.0588611144365871,0.065112169291848,0.0702820211303241,0.0788186160442676,0.0507466342902423,0.0588611144365871,0.065112169291848,0.0702820211303241,0.0788186160442676,0,0,0.0,0.0,,1.0,1.0
2026-07-16,2026-07-16 15:04:45,DOGE-USD,DOGE,0.0734499990940094,17,2026-08-02,0.0510960183577598,0.0595110914125847,0.0635108564511289,0.0726476822613744,0.0787889959723672,0.0510960183577598,0.0595110914125847,0.0635108564511289,0.0726476822613744,0.0787889959723672,0,0,0.0,0.0,,1.0,1.0
2026-07-16,2026-07-16 15:04:45,DOGE-USD,DOGE,0.0734499990940094,18,2026-08-03,0.0535173952112567,0.057481411733124,0.0625959767443456,0.0718566297635896,0.0767477974698616,0.0535173952112567,0.057481411733124,0.0625959767443456,0.0718566297635896,0.0767477974698616,0,0,0.0,0.0,,1.0,1.0
2026-07-16,2026-07-16 15:04:45,DOGE-USD,DOGE,0.0734499990940094,19,2026-08-04,0.0522219843666421,0.05891558503189,0.0610808462965939,0.0721400881063666,0.0779496314250565,0.0522219843666421,0.05891558503189,0.0610808462965939,0.0721400881063666,0.0779496314250565,0,0,0.0,0.0,,1.0,1.0
2026-07-16,2026-07-16 15:04:45,DOGE-USD,DOGE,0.0734499990940094,20,2026-08-05,0.0532299542087517,0.0571344193766395,0.0630293851305884,0.0714024197178054,0.0769822980804569,0.0532299542087517,0.0571344193766395,0.0630293851305884,0.0714024197178054,0.0769822980804569,0,0,0.0,0.0,,1.0,1.0
2026-07-16,2026-07-16 15:04:45,DOGE-USD,DOGE,0.0734499990940094,21,2026-08-06,0.0526184309789461,0.0558978718550502,0.0604696682593517,0.0715788081737611,0.0769797135656492,0.0526184309789461,0.0558978718550502,0.0604696682593517,0.0715788081737611,0.0769797135656492,0,0,0.0,0.0,,1.0,1.0
2026-07-16,2026-07-16 15:04:45,DOGE-USD,DOGE,0.0734499990940094,22,2026-08-07,0.0487532496270295,0.0535247551576434,0.0607556965884054,0.0676725259347684,0.0762736881231724,0.0487532496270295,0.0535247551576434,0.0607556965884054,0.0676725259347684,0.0762736881231724,0,0,0.0,0.0,,1.0,1.0
2026-07-16,2026-07-16 15:04:45,DOGE-USD,DOGE,0.0734499990940094,23,2026-08-08,0.0491636379960486,0.0542967118128563,0.0601761725807003,0.0690487748432144,0.0784432366229877,0.0491636379960486,0.0542967118128563,0.0601761725807003,0.0690487748432144,0.0784432366229877,0,0,0.0,0.0,,1.0,1.0
2026-07-16,2026-07-16 15:04:45,DOGE-USD,DOGE,0.0734499990940094,24,2026-08-09,0.048722160208436,0.0541854476171563,0.0598637193949256,0.0692629661352331,0.0810656084472297,0.048722160208436,0.0541854476171563,0.0598637193949256,0.0692629661352331,0.0810656084472297,0,0,0.0,0.0,,1.0,1.0
2026-07-16,2026-07-16 15:04:45,DOGE-USD,DOGE,0.0734499990940094,25,2026-08-10,0.0478822475515849,0.0547346765392551,0.0601732200120873,0.0710670018371311,0.0842885596132293,0.0478822475515849,0.0547346765392551,0.0601732200120873,0.0710670018371311,0.0842885596132293,0,0,0.0,0.0,,1.0,1.0
2026-07-16,2026-07-16 15:04:45,DOGE-USD,DOGE,0.0734499990940094,26,2026-08-11,0.0468299634321423,0.053301025663892,0.0616254506684395,0.0707624387662992,0.0835612719256618,0.0468299634321423,0.053301025663892,0.0616254506684395,0.0707624387662992,0.0835612719256618,0,0,0.0,0.0,,1.0,1.0
2026-07-16,2026-07-16 15:04:45,DOGE-USD,DOGE,0.0734499990940094,27,2026-08-12,0.0484293630358422,0.0535247449654333,0.0604535619504283,0.0689290027058149,0.0848205572208469,0.0484293630358422,0.0535247449654333,0.0604535619504283,0.0689290027058149,0.0848205572208469,0,0,0.0,0.0,,1.0,1.0
2026-07-16,2026-07-16 15:04:45,DOGE-USD,DOGE,0.0734499990940094,28,2026-08-13,0.0504714376210311,0.0550000136743304,0.0613049853401634,0.0692168035526826,0.0876485615898016,0.0504714376210311,0.0550000136743304,0.0613049853401634,0.0692168035526826,0.0876485615898016,0,0,0.0,0.0,,1.0,1.0
2026-07-16,2026-07-16 15:04:45,DOGE-USD,DOGE,0.0734499990940094,29,2026-08-14,0.0500306146150403,0.0550908451854671,0.0614212550410105,0.0712514779998516,0.0844876581013439,0.0500306146150403,0.0550908451854671,0.0614212550410105,0.0712514779998516,0.0844876581013439,0,0,0.0,0.0,,1.0,1.0
2026-07-16,2026-07-16 15:04:45,DOGE-USD,DOGE,0.0734499990940094,30,2026-08-15,0.0516906784501253,0.0555380313844348,0.0599394434768104,0.0704787600427952,0.0872073595871692,0.0516906784501253,0.0555380313844348,0.0599394434768104,0.0704787600427952,0.0872073595871692,0,0,0.0,0.0,,1.0,1.0
2026-07-16,2026-07-16 15:04:45,SOL-USD,SOL,76.30000305175781,0,2026-07-16,76.30000305175781,76.30000305175781,76.30000305175781,76.30000305175781,76.30000305175781,76.30000305175781,76.30000305175781,76.30000305175781,76.30000305175781,76.30000305175781,2,0,0.0,0.0,,1.0,1.0
2026-07-16,2026-07-16 15:04:45,SOL-USD,SOL,76.30000305175781,1,2026-07-17,73.7612489813648,74.79529828092572,76.69263122351008,77.76724837152203,79.48890089632512,73.7612489813648,74.79529828092572,76.69263122351008,77.76724837152203,79.48890089632512,2,0,0.0,0.0,,1.0,1.0
2026-07-16,2026-07-16 15:04:45,SOL-USD,SOL,76.30000305175781,2,2026-07-18,72.14254448450671,73.39216221160312,75.5115940303126,78.16795561191333,80.60918376614714,72.14254448450671,73.39216221160312,75.5115940303126,78.16795561191333,80.60918376614714,2,0,0.0,0.0,,1.0,1.0
2026-07-16,2026-07-16 15:04:45,SOL-USD,SOL,76.30000305175781,3,2026-07-19,69.79508566657549,72.98269003646524,75.79904106708099,78.4557175959387,82.8281255794732,69.79508566657549,72.98269003646524,75.79904106708099,78.4557175959387,82.8281255794732,2,0,0.0,0.0,,1.0,1.0
2026-07-16,2026-07-16 15:04:45,SOL-USD,SOL,76.30000305175781,4,2026-07-20,68.29047780109087,71.69734527872102,75.0943654877272,79.25004551722934,83.56705692926911,68.29047780109087,71.69734527872102,75.0943654877272,79.25004551722934,83.56705692926911,1,0,0.0,0.0,,1.0,1.0
2026-07-16,2026-07-16 15:04:45,SOL-USD,SOL,76.30000305175781,5,2026-07-21,64.33116191545271,72.28615494419796,75.60066851398408,78.89215216644013,85.80786542576928,64.33116191545271,72.28615494419796,75.60066851398408,78.89215216644013,85.80786542576928,1,0,0.0,0.0,,1.0,1.0
2026-07-16,2026-07-16 15:04:45,SOL-USD,SOL,76.30000305175781,6,2026-07-22,62.78723583679757,70.20101968403863,74.61181514172355,78.7715676521711,85.93413469632755,62.78723583679757,70.20101968403863,74.61181514172355,78.7715676521711,85.93413469632755,1,0,0.0,0.0,,1.0,1.0
2026-07-16,2026-07-16 15:04:45,SOL-USD,SOL,76.30000305175781,7,2026-07-23,62.02135545666902,69.41137879254353,74.84508520451399,79.32684497266683,83.82689985191955,62.02135545666902,69.41137879254353,74.84508520451399,79.32684497266683,83.82689985191955,0,0,0.0,0.0,,1.0,1.0
2026-07-16,2026-07-16 15:04:45,SOL-USD,SOL,76.30000305175781,8,2026-07-24,58.79983951438211,67.73564368754533,74.20918863446869,77.35446531928851,86.03357538998645,58.79983951438211,67.73564368754533,74.20918863446869,77.35446531928851,86.03357538998645,0,0,0.0,0.0,,1.0,1.0
2026-07-16,2026-07-16 15:04:45,SOL-USD,SOL,76.30000305175781,9,2026-07-25,60.097119440403006,66.73784645412539,73.17386002576806,77.75046558606212,87.52604104181381,60.097119440403006,66.73784645412539,73.17386002576806,77.75046558606212,87.52604104181381,0,0,0.0,0.0,,1.0,1.0
2026-07-16,2026-07-16 15:04:45,SOL-USD,SOL,76.30000305175781,10,2026-07-26,60.92083296484096,65.12274438854999,72.54077199730885,76.79017738614893,88.48375328065026,60.92083296484096,65.12274438854999,72.54077199730885,76.79017738614893,88.48375328065026,0,0,0.0,0.0,,1.0,1.0
2026-07-16,2026-07-16 15:04:45,SOL-USD,SOL,76.30000305175781,11,2026-07-27,63.84270589663296,68.14211856165821,73.47114483353359,75.99480783148614,85.39542801128782,63.84270589663296,68.14211856165821,73.47114483353359,75.99480783148614,85.39542801128782,0,0,0.0,0.0,,1.0,1.0
2026-07-16,2026-07-16 15:04:45,SOL-USD,SOL,76.30000305175781,12,2026-07-28,61.81092071556353,67.98751471379924,71.60808933299163,75.83516811950234,87.69312964678646,61.81092071556353,67.98751471379924,71.60808933299163,75.83516811950234,87.69312964678646,0,0,0.0,0.0,,1.0,1.0
2026-07-16,2026-07-16 15:04:45,SOL-USD,SOL,76.30000305175781,13,2026-07-29,63.17651204910968,66.57414118262989,72.07791699518467,78.92807371373456,95.8889319093397,63.17651204910968,66.57414118262989,72.07791699518467,78.92807371373456,95.8889319093397,0,0,0.0,0.0,,1.0,1.0
2026-07-16,2026-07-16 15:04:45,SOL-USD,SOL,76.30000305175781,14,2026-07-30,60.99360899856004,65.70619656584415,71.82215745599521,76.48150473773616,91.52469607798034,60.99360899856004,65.70619656584415,71.82215745599521,76.48150473773616,91.52469607798034,0,0,0.0,0.0,,1.0,1.0
2026-07-16,2026-07-16 15:04:45,SOL-USD,SOL,76.30000305175781,15,2026-07-31,61.61528101854058,65.80394572580641,72.02107840496117,76.24339946916535,89.27859519489459,61.61528101854058,65.80394572580641,72.02107840496117,76.24339946916535,89.27859519489459,0,0,0.0,0.0,,1.0,1.0
2026-07-16,2026-07-16 15:04:45,SOL-USD,SOL,76.30000305175781,16,2026-08-01,62.4797463348115,67.12538663740855,71.91366151217399,76.02846654260273,89.94639725758782,62.4797463348115,67.12538663740855,71.91366151217399,76.02846654260273,89.94639725758782,0,0,0.0,0.0,,1.0,1.0
2026-07-16,2026-07-16 15:04:45,SOL-USD,SOL,76.30000305175781,17,2026-08-02,61.30483950581521,67.31438285163219,72.23007896903034,77.06115240388293,89.99980539455788,61.30483950581521,67.31438285163219,72.23007896903034,77.06115240388293,89.99980539455788,0,0,0.0,0.0,,1.0,1.0
2026-07-16,2026-07-16 15:04:45,SOL-USD,SOL,76.30000305175781,18,2026-08-03,60.58779553472624,65.93551441182538,72.82427415448873,78.24463148942854,91.53561881910372,60.58779553472624,65.93551441182538,72.82427415448873,78.24463148942854,91.53561881910372,0,0,0.0,0.0,,1.0,1.0
2026-07-16,2026-07-16 15:04:45,SOL-USD,SOL,76.30000305175781,19,2026-08-04,60.10114263527992,66.98092787017076,72.508730785631,79.18327373104634,91.70270737623888,60.10114263527992,66.98092787017076,72.508730785631,79.18327373104634,91.70270737623888,0,0,0.0,0.0,,1.0,1.0
2026-07-16,2026-07-16 15:04:45,SOL-USD,SOL,76.30000305175781,20,2026-08-05,59.9431829963911,67.43958109067573,73.80686664540399,79.15752685890149,91.2613033974489,59.9431829963911,67.43958109067573,73.80686664540399,79.15752685890149,91.2613033974489,0,0,0.0,0.0,,1.0,1.0
2026-07-16,2026-07-16 15:04:45,SOL-USD,SOL,76.30000305175781,21,2026-08-06,59.678577581200976,66.29084521718683,73.06191710365383,79.5285449787981,90.4257017058148,59.678577581200976,66.29084521718683,73.06191710365383,79.5285449787981,90.4257017058148,0,0,0.0,0.0,,1.0,1.0
2026-07-16,2026-07-16 15:04:45,SOL-USD,SOL,76.30000305175781,22,2026-08-07,60.6763287195658,66.44794669728465,72.36288621582601,82.69081642430503,91.9132310853802,60.6763287195658,66.44794669728465,72.36288621582601,82.69081642430503,91.9132310853802,0,0,0.0,0.0,,1.0,1.0
2026-07-16,2026-07-16 15:04:45,SOL-USD,SOL,76.30000305175781,23,2026-08-08,63.9783123872613,66.39313567122058,73.17279655240786,84.60915429505377,92.81894703552736,63.9783123872613,66.39313567122058,73.17279655240786,84.60915429505377,92.81894703552736,0,0,0.0,0.0,,1.0,1.0
2026-07-16,2026-07-16 15:04:45,SOL-USD,SOL,76.30000305175781,24,2026-08-09,64.78454136704715,68.84724373745628,73.66705541075385,84.77574568599833,93.08912640494135,64.78454136704715,68.84724373745628,73.66705541075385,84.77574568599833,93.08912640494135,0,0,0.0,0.0,,1.0,1.0
2026-07-16,2026-07-16 15:04:45,SOL-USD,SOL,76.30000305175781,25,2026-08-10,62.36638691856993,69.64102172658205,74.19788973886996,82.66208031037458,91.93609322257122,62.36638691856993,69.64102172658205,74.19788973886996,82.66208031037458,91.93609322257122,0,0,0.0,0.0,,1.0,1.0
2026-07-16,2026-07-16 15:04:45,SOL-USD,SOL,76.30000305175781,26,2026-08-11,65.0070055934978,69.73289145429494,75.81482144508463,81.15887023782226,88.63375743412072,65.0070055934978,69.73289145429494,75.81482144508463,81.15887023782226,88.63375743412072,0,0,0.0,0.0,,1.0,1.0
2026-07-16,2026-07-16 15:04:45,SOL-USD,SOL,76.30000305175781,27,2026-08-12,62.577218369826205,70.88653959669855,75.74143349561662,82.72449503933906,92.05287964809584,62.577218369826205,70.88653959669855,75.74143349561662,82.72449503933906,92.05287964809584,0,0,0.0,0.0,,1.0,1.0
2026-07-16,2026-07-16 15:04:45,SOL-USD,SOL,76.30000305175781,28,2026-08-13,64.15326042632371,70.32689659416481,75.43300239106273,83.21588739890694,92.26596318120625,64.15326042632371,70.32689659416481,75.43300239106273,83.21588739890694,92.26596318120625,0,0,0.0,0.0,,1.0,1.0
2026-07-16,2026-07-16 15:04:45,SOL-USD,SOL,76.30000305175781,29,2026-08-14,60.7919107573519,67.85114070506091,75.83930013475626,83.42118457059242,88.16190099241501,60.7919107573519,67.85114070506091,75.83930013475626,83.42118457059242,88.16190099241501,0,0,0.0,0.0,,1.0,1.0
2026-07-16,2026-07-16 15:04:45,SOL-USD,SOL,76.30000305175781,30,2026-08-15,58.54249072108734,65.99065139083105,73.94386847366191,83.98960319301668,89.64275904478589,58.54249072108734,65.99065139083105,73.94386847366191,83.98960319301668,89.64275904478589,0,0,0.0,0.0,,1.0,1.0
2026-07-17,2026-07-17 07:31:42,BTC-USD,BTC,62870.640625,0,2026-07-17,62870.640625,62870.640625,62870.640625,62870.640625,62870.640625,62870.640625,62870.640625,62870.640625,62870.640625,62870.640625,2,0,0.0,0.0,,1.0,1.0
2026-07-17,2026-07-17 07:31:42,BTC-USD,BTC,62870.640625,1,2026-07-18,59307.21754707245,61504.13544363113,62931.53581038457,64003.27158195784,65036.64312935424,59307.21754707245,61504.13544363113,62931.53581038457,64003.27158195784,65036.64312935424,2,0,0.0,0.0,,1.0,1.0
2026-07-17,2026-07-17 07:31:42,BTC-USD,BTC,62870.640625,2,2026-07-19,58826.34441633883,60062.80306133612,62276.92615574031,63501.63663854859,65600.84922565088,58826.34441633883,60062.80306133612,62276.92615574031,63501.63663854859,65600.84922565088,2,0,0.0,0.0,,1.0,1.0
2026-07-17,2026-07-17 07:31:42,BTC-USD,BTC,62870.640625,3,2026-07-20,57487.74836588804,60059.988389554805,62732.36287899422,64600.52263488026,68586.50217710565,57487.74836588804,60059.988389554805,62732.36287899422,64600.52263488026,68586.50217710565,2,0,0.0,0.0,,1.0,1.0
2026-07-17,2026-07-17 07:31:42,BTC-USD,BTC,62870.640625,4,2026-07-21,56652.56377543766,59198.66598787228,62820.29534283641,65138.00343524693,69132.63372927782,56652.56377543766,59198.66598787228,62820.29534283641,65138.00343524693,69132.63372927782,2,0,0.0,0.0,,1.0,1.0
2026-07-17,2026-07-17 07:31:42,BTC-USD,BTC,62870.640625,5,2026-07-22,52943.62926569567,58585.25812414309,63034.24035807424,66207.27663810326,67935.68413675835,52943.62926569567,58585.25812414309,63034.24035807424,66207.27663810326,67935.68413675835,1,0,0.0,0.0,,1.0,1.0
2026-07-17,2026-07-17 07:31:42,BTC-USD,BTC,62870.640625,6,2026-07-23,50361.54823966851,58564.56995153205,62935.63697178273,65408.70179295352,70115.19721804242,50361.54823966851,58564.56995153205,62935.63697178273,65408.70179295352,70115.19721804242,1,0,0.0,0.0,,1.0,1.0
2026-07-17,2026-07-17 07:31:42,BTC-USD,BTC,62870.640625,7,2026-07-24,54640.45292967691,58901.54968522989,61562.15405075982,65663.47866375736,68728.60207238844,54640.45292967691,58901.54968522989,61562.15405075982,65663.47866375736,68728.60207238844,1,0,0.0,0.0,,1.0,1.0
2026-07-17,2026-07-17 07:31:42,BTC-USD,BTC,62870.640625,8,2026-07-25,54296.841583304784,58123.81711450493,61953.38899241007,64321.4627477905,68788.06595403673,54296.841583304784,58123.81711450493,61953.38899241007,64321.4627477905,68788.06595403673,0,0,0.0,0.0,,1.0,1.0
2026-07-17,2026-07-17 07:31:42,BTC-USD,BTC,62870.640625,9,2026-07-26,54512.36211145742,57861.65383991484,60864.46619832836,63346.59219332541,67427.51966554867,54512.36211145742,57861.65383991484,60864.46619832836,63346.59219332541,67427.51966554867,0,0,0.0,0.0,,1.0,1.0
2026-07-17,2026-07-17 07:31:42,BTC-USD,BTC,62870.640625,10,2026-07-27,52067.71477633058,55931.38156315844,60673.63103449157,62843.32812785737,68700.40991926871,52067.71477633058,55931.38156315844,60673.63103449157,62843.32812785737,68700.40991926871,0,0,0.0,0.0,,1.0,1.0
2026-07-17,2026-07-17 07:31:42,BTC-USD,BTC,62870.640625,11,2026-07-28,51069.67801943634,56470.20535266903,60415.19226353518,63160.211970987046,69797.07573868637,51069.67801943634,56470.20535266903,60415.19226353518,63160.211970987046,69797.07573868637,0,0,0.0,0.0,,1.0,1.0
2026-07-17,2026-07-17 07:31:42,BTC-USD,BTC,62870.640625,12,2026-07-29,53337.97898158144,56627.42261905038,59438.44858704116,63444.36958785838,70819.96916684975,53337.97898158144,56627.42261905038,59438.44858704116,63444.36958785838,70819.96916684975,0,0,0.0,0.0,,1.0,1.0
2026-07-17,2026-07-17 07:31:42,BTC-USD,BTC,62870.640625,13,2026-07-30,48885.241418642894,57029.92982806294,60832.08772541963,63283.263084407256,72348.2538619498,48885.241418642894,57029.92982806294,60832.08772541963,63283.263084407256,72348.2538619498,0,0,0.0,0.0,,1.0,1.0
2026-07-17,2026-07-17 07:31:42,BTC-USD,BTC,62870.640625,14,2026-07-31,50630.82305854326,57115.9022944224,60151.47174145866,61956.95716360172,71579.97116412102,50630.82305854326,57115.9022944224,60151.47174145866,61956.95716360172,71579.97116412102,0,0,0.0,0.0,,1.0,1.0
2026-07-17,2026-07-17 07:31:42,BTC-USD,BTC,62870.640625,15,2026-08-01,51483.91735057116,56376.34713775735,59523.03768752142,63175.41428704037,72006.05261103874,51483.91735057116,56376.34713775735,59523.03768752142,63175.41428704037,72006.05261103874,0,0,0.0,0.0,,1.0,1.0
2026-07-17,2026-07-17 07:31:42,BTC-USD,BTC,62870.640625,16,2026-08-02,51688.83650725988,56719.473333222064,58905.086943435366,62762.658996737584,70758.85627164564,51688.83650725988,56719.473333222064,58905.086943435366,62762.658996737584,70758.85627164564,0,0,0.0,0.0,,1.0,1.0
2026-07-17,2026-07-17 07:31:42,BTC-USD,BTC,62870.640625,17,2026-08-03,48057.04003569599,56116.49672611218,59434.77511749853,66213.80660558137,73000.72222905605,48057.04003569599,56116.49672611218,59434.77511749853,66213.80660558137,73000.72222905605,0,0,0.0,0.0,,1.0,1.0
2026-07-17,2026-07-17 07:31:42,BTC-USD,BTC,62870.640625,18,2026-08-04,48637.195048595706,54962.92149060276,60021.292027737,66266.02558621475,73852.80708355513,48637.195048595706,54962.92149060276,60021.292027737,66266.02558621475,73852.80708355513,0,0,0.0,0.0,,1.0,1.0
2026-07-17,2026-07-17 07:31:42,BTC-USD,BTC,62870.640625,19,2026-08-05,49021.003579983226,56694.30878030115,59939.41369023189,67935.34431113866,73060.10740257101,49021.003579983226,56694.30878030115,59939.41369023189,67935.34431113866,73060.10740257101,0,0,0.0,0.0,,1.0,1.0
2026-07-17,2026-07-17 07:31:42,BTC-USD,BTC,62870.640625,20,2026-08-06,50468.777899980174,56774.98090171206,60816.31458615766,68016.24003958715,74606.88727831397,50468.777899980174,56774.98090171206,60816.31458615766,68016.24003958715,74606.88727831397,0,0,0.0,0.0,,1.0,1.0
2026-07-17,2026-07-17 07:31:42,BTC-USD,BTC,62870.640625,21,2026-08-07,47644.79740825403,57036.47084985153,61993.49545480593,67839.252266123,73882.65607255045,47644.79740825403,57036.47084985153,61993.49545480593,67839.252266123,73882.65607255045,0,0,0.0,0.0,,1.0,1.0
2026-07-17,2026-07-17 07:31:42,BTC-USD,BTC,62870.640625,22,2026-08-08,46157.83271608036,56589.2034340516,63276.17409011936,69549.45945112147,74516.47931563121,46157.83271608036,56589.2034340516,63276.17409011936,69549.45945112147,74516.47931563121,0,0,0.0,0.0,,1.0,1.0
2026-07-17,2026-07-17 07:31:42,BTC-USD,BTC,62870.640625,23,2026-08-09,46534.1551355072,56944.39744691838,63770.68277309154,69800.47350165203,75612.0117617779,46534.1551355072,56944.39744691838,63770.68277309154,69800.47350165203,75612.0117617779,0,0,0.0,0.0,,1.0,1.0
2026-07-17,2026-07-17 07:31:42,BTC-USD,BTC,62870.640625,24,2026-08-10,48741.08740517477,57048.503190717776,64587.28007621242,69240.00767856416,76524.18425917887,48741.08740517477,57048.503190717776,64587.28007621242,69240.00767856416,76524.18425917887,0,0,0.0,0.0,,1.0,1.0
2026-07-17,2026-07-17 07:31:42,BTC-USD,BTC,62870.640625,25,2026-08-11,47269.16112162785,55816.96522896952,64482.00367826949,67555.047490789,75888.39743203242,47269.16112162785,55816.96522896952,64482.00367826949,67555.047490789,75888.39743203242,0,0,0.0,0.0,,1.0,1.0
2026-07-17,2026-07-17 07:31:42,BTC-USD,BTC,62870.640625,26,2026-08-12,47548.546377617975,55259.486381287046,63437.078890277146,67431.37790343566,76737.15859460208,47548.546377617975,55259.486381287046,63437.078890277146,67431.37790343566,76737.15859460208,0,0,0.0,0.0,,1.0,1.0
2026-07-17,2026-07-17 07:31:42,BTC-USD,BTC,62870.640625,27,2026-08-13,46833.56258756847,56111.35879110579,64262.4549158403,67866.99869448102,77682.2077873332,46833.56258756847,56111.35879110579,64262.4549158403,67866.99869448102,77682.2077873332,0,0,0.0,0.0,,1.0,1.0
2026-07-17,2026-07-17 07:31:42,BTC-USD,BTC,62870.640625,28,2026-08-14,46378.529910343954,55114.23956578617,64189.02411402829,69164.05720442029,76608.52703260587,46378.529910343954,55114.23956578617,64189.02411402829,69164.05720442029,76608.52703260587,0,0,0.0,0.0,,1.0,1.0
2026-07-17,2026-07-17 07:31:42,BTC-USD,BTC,62870.640625,29,2026-08-15,46381.87161094793,54962.78038255452,64966.06473051739,69907.11902153333,81845.40203325405,46381.87161094793,54962.78038255452,64966.06473051739,69907.11902153333,81845.40203325405,0,0,0.0,0.0,,1.0,1.0
2026-07-17,2026-07-17 07:31:42,BTC-USD,BTC,62870.640625,30,2026-08-16,45618.9643889896,52925.83886021253,64404.65858577475,70148.26525874886,79671.18743924133,45618.9643889896,52925.83886021253,64404.65858577475,70148.26525874886,79671.18743924133,0,0,0.0,0.0,,1.0,1.0
2026-07-17,2026-07-17 07:31:42,DOGE-USD,DOGE,0.0716499984264373,0,2026-07-17,0.0716499984264373,0.0716499984264373,0.0716499984264373,0.0716499984264373,0.0716499984264373,0.0716499984264373,0.0716499984264373,0.0716499984264373,0.0716499984264373,0.0716499984264373,2,0,0.0,0.0,,1.0,1.0
2026-07-17,2026-07-17 07:31:42,DOGE-USD,DOGE,0.0716499984264373,1,2026-07-18,0.065632763099234,0.0669650357151535,0.0698438054589703,0.0718149878293604,0.0740095450031975,0.065632763099234,0.0669650357151535,0.0698438054589703,0.0718149878293604,0.0740095450031975,2,0,0.0,0.0,,1.0,1.0
2026-07-17,2026-07-17 07:31:42,DOGE-USD,DOGE,0.0716499984264373,2,2026-07-19,0.0608954065396735,0.0621264121087722,0.0686689536704365,0.0723503662929244,0.0744603949171136,0.0608954065396735,0.0621264121087722,0.0686689536704365,0.0723503662929244,0.0744603949171136,2,0,0.0,0.0,,1.0,1.0
2026-07-17,2026-07-17 07:31:42,DOGE-USD,DOGE,0.0716499984264373,3,2026-07-20,0.0564076090127422,0.059482757924022,0.0696683972130101,0.0725243360705402,0.0754687008106303,0.0564076090127422,0.059482757924022,0.0696683972130101,0.0725243360705402,0.0754687008106303,2,0,0.0,0.0,,1.0,1.0
2026-07-17,2026-07-17 07:31:42,DOGE-USD,DOGE,0.0716499984264373,4,2026-07-21,0.0513817931729364,0.0542252778590793,0.0688786868820732,0.0722492752735576,0.0764683242155667,0.0513817931729364,0.0542252778590793,0.0688786868820732,0.0722492752735576,0.0764683242155667,2,0,0.0,0.0,,1.0,1.0
2026-07-17,2026-07-17 07:31:42,DOGE-USD,DOGE,0.0716499984264373,5,2026-07-22,0.0522357638994867,0.0566711325286954,0.0669877427926857,0.0727436507529808,0.0768108918140161,0.0522357638994867,0.0566711325286954,0.0669877427926857,0.0727436507529808,0.0768108918140161,1,0,0.0,0.0,,1.0,1.0
2026-07-17,2026-07-17 07:31:42,DOGE-USD,DOGE,0.0716499984264373,6,2026-07-23,0.053095962550299,0.056425490333929,0.0658737444275808,0.0739011950929887,0.0812761526271227,0.053095962550299,0.056425490333929,0.0658737444275808,0.0739011950929887,0.0812761526271227,1,0,0.0,0.0,,1.0,1.0
2026-07-17,2026-07-17 07:31:42,DOGE-USD,DOGE,0.0716499984264373,7,2026-07-24,0.0473265060421053,0.0533213573662034,0.0619105790926392,0.0742647161268419,0.0826678965867376,0.0473265060421053,0.0533213573662034,0.0619105790926392,0.0742647161268419,0.0826678965867376,1,0,0.0,0.0,,1.0,1.0
2026-07-17,2026-07-17 07:31:42,DOGE-USD,DOGE,0.0716499984264373,8,2026-07-25,0.048549438805302,0.0533517478265272,0.0618376118804769,0.0767065617007828,0.0824459598899425,0.048549438805302,0.0533517478265272,0.0618376118804769,0.0767065617007828,0.0824459598899425,0,0,0.0,0.0,,1.0,1.0
2026-07-17,2026-07-17 07:31:42,DOGE-USD,DOGE,0.0716499984264373,9,2026-07-26,0.0475369746549634,0.0516387793606337,0.0616548023024351,0.0747751656051083,0.0818740603766434,0.0475369746549634,0.0516387793606337,0.0616548023024351,0.0747751656051083,0.0818740603766434,0,0,0.0,0.0,,1.0,1.0
2026-07-17,2026-07-17 07:31:42,DOGE-USD,DOGE,0.0716499984264373,10,2026-07-27,0.0477509509398335,0.0518456448257628,0.0617096259504099,0.0748420195229461,0.0796397639906836,0.0477509509398335,0.0518456448257628,0.0617096259504099,0.0748420195229461,0.0796397639906836,0,0,0.0,0.0,,1.0,1.0
2026-07-17,2026-07-17 07:31:42,DOGE-USD,DOGE,0.0716499984264373,11,2026-07-28,0.0485204290902241,0.055401812503883,0.0645649253810949,0.0751691349082321,0.0859140626053067,0.0485204290902241,0.055401812503883,0.0645649253810949,0.0751691349082321,0.0859140626053067,0,0,0.0,0.0,,1.0,1.0
2026-07-17,2026-07-17 07:31:42,DOGE-USD,DOGE,0.0716499984264373,12,2026-07-29,0.0479246224106561,0.0521008014206712,0.0644805859467321,0.0762790718911207,0.0850701045825853,0.0479246224106561,0.0521008014206712,0.0644805859467321,0.0762790718911207,0.0850701045825853,0,0,0.0,0.0,,1.0,1.0
2026-07-17,2026-07-17 07:31:42,DOGE-USD,DOGE,0.0716499984264373,13,2026-07-30,0.0473227762741185,0.0535689251788885,0.066266553886738,0.0743333401892033,0.0830697148572938,0.0473227762741185,0.0535689251788885,0.066266553886738,0.0743333401892033,0.0830697148572938,0,0,0.0,0.0,,1.0,1.0
2026-07-17,2026-07-17 07:31:42,DOGE-USD,DOGE,0.0716499984264373,14,2026-07-31,0.0500644756467269,0.0547919634461636,0.0676240676852619,0.0760700820896525,0.0841188565063486,0.0500644756467269,0.0547919634461636,0.0676240676852619,0.0760700820896525,0.0841188565063486,0,0,0.0,0.0,,1.0,1.0
2026-07-17,2026-07-17 07:31:42,DOGE-USD,DOGE,0.0716499984264373,15,2026-08-01,0.052647410853729,0.0582235564474198,0.0653312382165892,0.0767882135604813,0.0845842467883665,0.052647410853729,0.0582235564474198,0.0653312382165892,0.0767882135604813,0.0845842467883665,0,0,0.0,0.0,,1.0,1.0
2026-07-17,2026-07-17 07:31:42,DOGE-USD,DOGE,0.0716499984264373,16,2026-08-02,0.0533066940865662,0.0585844345895827,0.0642062866465713,0.0753554285900118,0.0817996860136343,0.0533066940865662,0.0585844345895827,0.0642062866465713,0.0753554285900118,0.0817996860136343,0,0,0.0,0.0,,1.0,1.0
2026-07-17,2026-07-17 07:31:42,DOGE-USD,DOGE,0.0716499984264373,17,2026-08-03,0.0538069681835614,0.0583220136222826,0.0629926255349754,0.0739339791024606,0.07975291508776,0.0538069681835614,0.0583220136222826,0.0629926255349754,0.0739339791024606,0.07975291508776,0,0,0.0,0.0,,1.0,1.0
2026-07-17,2026-07-17 07:31:42,DOGE-USD,DOGE,0.0716499984264373,18,2026-08-04,0.0522058724298379,0.0580100524334511,0.0636673971927424,0.0733359790910712,0.0792388846738861,0.0522058724298379,0.0580100524334511,0.0636673971927424,0.0733359790910712,0.0792388846738861,0,0,0.0,0.0,,1.0,1.0
2026-07-17,2026-07-17 07:31:42,DOGE-USD,DOGE,0.0716499984264373,19,2026-08-05,0.0509422075404834,0.05793533822283,0.0626520302108243,0.0720787186592181,0.0785051339531301,0.0509422075404834,0.05793533822283,0.0626520302108243,0.0720787186592181,0.0785051339531301,0,0,0.0,0.0,,1.0,1.0
2026-07-17,2026-07-17 07:31:42,DOGE-USD,DOGE,0.0716499984264373,20,2026-08-06,0.050673089388653,0.0562247246293883,0.0630780070077002,0.0723525763544177,0.0785215327206195,0.050673089388653,0.0562247246293883,0.0630780070077002,0.0723525763544177,0.0785215327206195,0,0,0.0,0.0,,1.0,1.0
2026-07-17,2026-07-17 07:31:42,DOGE-USD,DOGE,0.0716499984264373,21,2026-08-07,0.0490716651691316,0.0548868041394062,0.0635076798690259,0.0730416577771642,0.0777493287377609,0.0490716651691316,0.0548868041394062,0.0635076798690259,0.0730416577771642,0.0777493287377609,0,0,0.0,0.0,,1.0,1.0
2026-07-17,2026-07-17 07:31:42,DOGE-USD,DOGE,0.0716499984264373,22,2026-08-08,0.0475584792668197,0.0543954853202875,0.0604590312174086,0.071740878232776,0.0782450360252811,0.0475584792668197,0.0543954853202875,0.0604590312174086,0.071740878232776,0.0782450360252811,0,0,0.0,0.0,,1.0,1.0
2026-07-17,2026-07-17 07:31:42,DOGE-USD,DOGE,0.0716499984264373,23,2026-08-09,0.0479588104629687,0.0547089480062305,0.0604929930042863,0.0725268183932458,0.0768739223159405,0.0479588104629687,0.0547089480062305,0.0604929930042863,0.0725268183932458,0.0768739223159405,0,0,0.0,0.0,,1.0,1.0
2026-07-17,2026-07-17 07:31:42,DOGE-USD,DOGE,0.0716499984264373,24,2026-08-10,0.0475281517403285,0.0566095346714643,0.0592345058139584,0.072770408154686,0.0796436442626231,0.0475281517403285,0.0566095346714643,0.0592345058139584,0.072770408154686,0.0796436442626231,0,0,0.0,0.0,,1.0,1.0
2026-07-17,2026-07-17 07:31:42,DOGE-USD,DOGE,0.0716499984264373,25,2026-08-11,0.0490269113672586,0.0553914143468261,0.0607691094945231,0.07329059527096,0.0811815870934859,0.0490269113672586,0.0553914143468261,0.0607691094945231,0.07329059527096,0.0811815870934859,0,0,0.0,0.0,,1.0,1.0
2026-07-17,2026-07-17 07:31:42,DOGE-USD,DOGE,0.0716499984264373,26,2026-08-12,0.0475075942204407,0.0535030741525708,0.062351970695552,0.0768040972960902,0.080674338354717,0.0475075942204407,0.0535030741525708,0.062351970695552,0.0768040972960902,0.080674338354717,0,0,0.0,0.0,,1.0,1.0
2026-07-17,2026-07-17 07:31:42,DOGE-USD,DOGE,0.0716499984264373,27,2026-08-13,0.0482651071660575,0.0535303549667731,0.0628322755864022,0.0740766521881532,0.0813765079117537,0.0482651071660575,0.0535303549667731,0.0628322755864022,0.0740766521881532,0.0813765079117537,0,0,0.0,0.0,,1.0,1.0
2026-07-17,2026-07-17 07:31:42,DOGE-USD,DOGE,0.0716499984264373,28,2026-08-14,0.0503967209480031,0.0560454730561053,0.0632109947164908,0.0738446618854696,0.084068160611649,0.0503967209480031,0.0560454730561053,0.0632109947164908,0.0738446618854696,0.084068160611649,0,0,0.0,0.0,,1.0,1.0
2026-07-17,2026-07-17 07:31:42,DOGE-USD,DOGE,0.0716499984264373,29,2026-08-15,0.0498794813253018,0.054664895496024,0.0618579662370903,0.0723543671496159,0.0863693484023684,0.0498794813253018,0.054664895496024,0.0618579662370903,0.0723543671496159,0.0863693484023684,0,0,0.0,0.0,,1.0,1.0
2026-07-17,2026-07-17 07:31:42,DOGE-USD,DOGE,0.0716499984264373,30,2026-08-16,0.0507101601441492,0.0554192904372614,0.0611826411009793,0.0734765017607573,0.0851005508096467,0.0507101601441492,0.0554192904372614,0.0611826411009793,0.0734765017607573,0.0851005508096467,0,0,0.0,0.0,,1.0,1.0
2026-07-17,2026-07-17 07:31:42,SOL-USD,SOL,74.45999908447266,0,2026-07-17,74.45999908447266,74.45999908447266,74.45999908447266,74.45999908447266,74.45999908447266,74.45999908447266,74.45999908447266,74.45999908447266,74.45999908447266,74.45999908447266,2,0,0.0,0.0,,1.0,1.0
2026-07-17,2026-07-17 07:31:42,SOL-USD,SOL,74.45999908447266,1,2026-07-18,70.11831789841621,72.13883829810017,73.73605142638841,75.09415081325034,76.57126450327483,70.11831789841621,72.13883829810017,73.73605142638841,75.09415081325034,76.57126450327483,2,0,0.0,0.0,,1.0,1.0
2026-07-17,2026-07-17 07:31:42,SOL-USD,SOL,74.45999908447266,2,2026-07-19,69.20377742840618,70.89965966097105,73.39401310812238,75.85466249037702,76.73636974327404,69.20377742840618,70.89965966097105,73.39401310812238,75.85466249037702,76.73636974327404,2,0,0.0,0.0,,1.0,1.0
2026-07-17,2026-07-17 07:31:42,SOL-USD,SOL,74.45999908447266,3,2026-07-20,65.73896870923637,70.7176019964528,74.44926704950548,76.53214705352404,80.83069342254862,65.73896870923637,70.7176019964528,74.44926704950548,76.53214705352404,80.83069342254862,2,0,0.0,0.0,,1.0,1.0
2026-07-17,2026-07-17 07:31:42,SOL-USD,SOL,74.45999908447266,4,2026-07-21,64.47493346587981,68.15540185693133,72.89343489014702,78.27724054006727,83.50099306057422,64.47493346587981,68.15540185693133,72.89343489014702,78.27724054006727,83.50099306057422,2,0,0.0,0.0,,1.0,1.0
2026-07-17,2026-07-17 07:31:42,SOL-USD,SOL,74.45999908447266,5,2026-07-22,62.35013978563188,68.41689189668611,73.60027371178913,76.622966498743,83.57660069602665,62.35013978563188,68.41689189668611,73.60027371178913,76.622966498743,83.57660069602665,1,0,0.0,0.0,,1.0,1.0
2026-07-17,2026-07-17 07:31:42,SOL-USD,SOL,74.45999908447266,6,2026-07-23,61.27309745653816,69.66407775813734,72.67972509367715,76.29078373453257,83.34964085407425,61.27309745653816,69.66407775813734,72.67972509367715,76.29078373453257,83.34964085407425,1,0,0.0,0.0,,1.0,1.0
2026-07-17,2026-07-17 07:31:42,SOL-USD,SOL,74.45999908447266,7,2026-07-24,58.15872628517841,68.04725257879495,72.26928516347533,76.77288676943076,81.90520315941454,58.15872628517841,68.04725257879495,72.26928516347533,76.77288676943076,81.90520315941454,1,0,0.0,0.0,,1.0,1.0
2026-07-17,2026-07-17 07:31:42,SOL-USD,SOL,74.45999908447266,8,2026-07-25,61.78273071939192,67.7216051776818,71.33143283883433,74.7595301658126,83.95884257601897,61.78273071939192,67.7216051776818,71.33143283883433,74.7595301658126,83.95884257601897,0,0,0.0,0.0,,1.0,1.0
2026-07-17,2026-07-17 07:31:42,SOL-USD,SOL,74.45999908447266,9,2026-07-26,60.7781461611505,66.28341618850808,70.48631694437906,75.87548315598833,85.40819125822408,60.7781461611505,66.28341618850808,70.48631694437906,75.87548315598833,85.40819125822408,0,0,0.0,0.0,,1.0,1.0
2026-07-17,2026-07-17 07:31:42,SOL-USD,SOL,74.45999908447266,10,2026-07-27,62.46706756958008,65.90331909354242,71.46238460274701,74.45779282798496,86.34993348294677,62.46706756958008,65.90331909354242,71.46238460274701,74.45779282798496,86.34993348294677,0,0,0.0,0.0,,1.0,1.0
2026-07-17,2026-07-17 07:31:42,SOL-USD,SOL,74.45999908447266,11,2026-07-28,63.37068700072675,67.28002661443415,72.17116047276164,74.16216376451077,89.01889619727245,63.37068700072675,67.28002661443415,72.17116047276164,74.16216376451077,89.01889619727245,0,0,0.0,0.0,,1.0,1.0
2026-07-17,2026-07-17 07:31:42,SOL-USD,SOL,74.45999908447266,12,2026-07-29,60.55806512223828,67.25322416899095,71.33475005543723,74.63961492998867,87.35248367933762,60.55806512223828,67.25322416899095,71.33475005543723,74.63961492998867,87.35248367933762,0,0,0.0,0.0,,1.0,1.0
2026-07-17,2026-07-17 07:31:42,SOL-USD,SOL,74.45999908447266,13,2026-07-30,61.67269321057879,67.23093898273335,70.35356503788609,75.84631580114365,96.90548779256434,61.67269321057879,67.23093898273335,70.35356503788609,75.84631580114365,96.90548779256434,0,0,0.0,0.0,,1.0,1.0
2026-07-17,2026-07-17 07:31:42,SOL-USD,SOL,74.45999908447266,14,2026-07-31,59.64748425388556,66.20375647275206,70.70502175778891,76.1344090182484,93.57003759058256,59.64748425388556,66.20375647275206,70.70502175778891,76.1344090182484,93.57003759058256,0,0,0.0,0.0,,1.0,1.0
2026-07-17,2026-07-17 07:31:42,SOL-USD,SOL,74.45999908447266,15,2026-08-01,62.546317262634645,65.7932387594926,71.0365537211411,73.40382126907129,86.30166181717438,62.546317262634645,65.7932387594926,71.0365537211411,73.40382126907129,86.30166181717438,0,0,0.0,0.0,,1.0,1.0
2026-07-17,2026-07-17 07:31:42,SOL-USD,SOL,74.45999908447266,16,2026-08-02,64.38412879236705,66.42726922557782,70.50775077216048,74.09053326549778,87.77730523691385,64.38412879236705,66.42726922557782,70.50775077216048,74.09053326549778,87.77730523691385,0,0,0.0,0.0,,1.0,1.0
2026-07-17,2026-07-17 07:31:42,SOL-USD,SOL,74.45999908447266,17,2026-08-03,60.45435604688959,66.29548957101687,70.72085001075943,75.41878436207212,87.82942541608601,60.45435604688959,66.29548957101687,70.72085001075943,75.41878436207212,87.82942541608601,0,0,0.0,0.0,,1.0,1.0
2026-07-17,2026-07-17 07:31:42,SOL-USD,SOL,74.45999908447266,18,2026-08-04,62.41145237868493,65.5750438849227,71.63415389878892,76.49475656782397,90.50742682063844,62.41145237868493,65.5750438849227,71.63415389878892,76.49475656782397,90.50742682063844,0,0,0.0,0.0,,1.0,1.0
2026-07-17,2026-07-17 07:31:42,SOL-USD,SOL,74.45999908447266,19,2026-08-05,60.78224572193951,66.14174034502261,71.09462490106213,76.952602884646,89.4912612604555,60.78224572193951,66.14174034502261,71.09462490106213,76.952602884646,89.4912612604555,0,0,0.0,0.0,,1.0,1.0
2026-07-17,2026-07-17 07:31:42,SOL-USD,SOL,74.45999908447266,20,2026-08-06,60.36834791578254,68.18902589468232,73.0269637115977,78.08318661281999,88.65731350627902,60.36834791578254,68.18902589468232,73.0269637115977,78.08318661281999,88.65731350627902,0,0,0.0,0.0,,1.0,1.0
2026-07-17,2026-07-17 07:31:42,SOL-USD,SOL,74.45999908447266,21,2026-08-07,63.14236478038537,67.35890749954426,73.39384178061455,79.78045295691308,88.26993768684734,63.14236478038537,67.35890749954426,73.39384178061455,79.78045295691308,88.26993768684734,0,0,0.0,0.0,,1.0,1.0
2026-07-17,2026-07-17 07:31:42,SOL-USD,SOL,74.45999908447266,22,2026-08-08,59.61617792503687,68.07217409266283,73.59058918256319,82.21094351587968,89.96237316520788,59.61617792503687,68.07217409266283,73.59058918256319,82.21094351587968,89.96237316520788,0,0,0.0,0.0,,1.0,1.0
2026-07-17,2026-07-17 07:31:42,SOL-USD,SOL,74.45999908447266,23,2026-08-09,60.876896463297946,69.0116908361217,75.44766833930566,82.5687719445323,90.611524209345,60.876896463297946,69.0116908361217,75.44766833930566,82.5687719445323,90.611524209345,0,0,0.0,0.0,,1.0,1.0
2026-07-17,2026-07-17 07:31:42,SOL-USD,SOL,74.45999908447266,24,2026-08-10,59.81123344008232,70.03900645817035,74.7532746997808,82.73134591990683,90.82255043084612,59.81123344008232,70.03900645817035,74.7532746997808,82.73134591990683,90.82255043084612,0,0,0.0,0.0,,1.0,1.0
2026-07-17,2026-07-17 07:31:42,SOL-USD,SOL,74.45999908447266,25,2026-08-11,58.77968219087189,69.3732404119656,73.52596774211393,80.66865239908134,89.33108059386198,58.77968219087189,69.3732404119656,73.52596774211393,80.66865239908134,89.33108059386198,0,0,0.0,0.0,,1.0,1.0
2026-07-17,2026-07-17 07:31:42,SOL-USD,SOL,74.45999908447266,26,2026-08-12,63.50994568823972,69.04245686762042,75.17947848804661,79.7800552965809,86.03871065926234,63.50994568823972,69.04245686762042,75.17947848804661,79.7800552965809,86.03871065926234,0,0,0.0,0.0,,1.0,1.0
2026-07-17,2026-07-17 07:31:42,SOL-USD,SOL,74.45999908447266,27,2026-08-13,64.09647167893647,69.310695029396,74.55542567389007,81.27565456837159,90.42190191990764,64.09647167893647,69.310695029396,74.55542567389007,81.27565456837159,90.42190191990764,0,0,0.0,0.0,,1.0,1.0
2026-07-17,2026-07-17 07:31:42,SOL-USD,SOL,74.45999908447266,28,2026-08-14,59.349499446859625,69.46812992876335,74.43237680519327,81.46715426134084,90.04443711789291,59.349499446859625,69.46812992876335,74.43237680519327,81.46715426134084,90.04443711789291,0,0,0.0,0.0,,1.0,1.0
2026-07-17,2026-07-17 07:31:42,SOL-USD,SOL,74.45999908447266,29,2026-08-15,58.052294778740055,67.9509891029241,74.01040619579504,80.81025473710412,85.60094673571687,58.052294778740055,67.9509891029241,74.01040619579504,80.81025473710412,85.60094673571687,0,0,0.0,0.0,,1.0,1.0
2026-07-17,2026-07-17 07:31:42,SOL-USD,SOL,74.45999908447266,30,2026-08-16,57.21993445417584,64.9832300749312,73.79362212226226,81.96416155599572,87.72672776274439,57.21993445417584,64.9832300749312,73.79362212226226,81.96416155599572,87.72672776274439,0,0,0.0,0.0,,1.0,1.0
2026-07-18,2026-07-18 05:13:52,BTC-USD,BTC,63889.05859375,0,2026-07-18,63889.05859375,63889.05859375,63889.05859375,63889.05859375,63889.05859375,63889.05859375,63889.05859375,63889.05859375,63889.05859375,63889.05859375,2,0,0.0,0.0,,1.0,1.0
2026-07-18,2026-07-18 05:13:52,BTC-USD,BTC,63889.05859375,1,2026-07-19,60429.18608463544,62131.78562162782,63811.39137511154,65040.036615523175,66090.14736172208,60429.18608463544,62131.78562162782,63811.39137511154,65040.036615523175,66090.14736172208,2,0,0.0,0.0,,1.0,1.0
2026-07-18,2026-07-18 05:13:52,BTC-USD,BTC,63889.05859375,2,2026-07-20,59986.619397711554,61090.74831938123,63268.092450497,64530.27587547749,66981.85595885602,59986.619397711554,61090.74831938123,63268.092450497,64530.27587547749,66981.85595885602,2,0,0.0,0.0,,1.0,1.0
2026-07-18,2026-07-18 05:13:52,BTC-USD,BTC,63889.05859375,3,2026-07-21,58942.852624133084,61297.715391537255,63748.540938307786,65646.96231464141,69860.20747435988,58942.852624133084,61297.715391537255,63748.540938307786,65646.96231464141,69860.20747435988,2,0,0.0,0.0,,1.0,1.0
2026-07-18,2026-07-18 05:13:52,BTC-USD,BTC,63889.05859375,4,2026-07-22,58465.62560365823,60498.26207056353,63948.60343943578,66352.5211487699,70252.48737983714,58465.62560365823,60498.26207056353,63948.60343943578,66352.5211487699,70252.48737983714,2,0,0.0,0.0,,1.0,1.0
2026-07-18,2026-07-18 05:13:52,BTC-USD,BTC,63889.05859375,5,2026-07-23,55126.9673056682,59559.7231703089,64463.59097390887,66955.61609200315,68996.02576833565,55126.9673056682,59559.7231703089,64463.59097390887,66955.61609200315,68996.02576833565,2,0,0.0,0.0,,1.0,1.0
2026-07-18,2026-07-18 05:13:52,BTC-USD,BTC,63889.05859375,6,2026-07-24,57427.427443787965,60771.85661499863,63955.10779201967,66206.56851999753,71250.967046685,57427.427443787965,60771.85661499863,63955.10779201967,66206.56851999753,71250.967046685,1,0,0.0,0.0,,1.0,1.0
2026-07-18,2026-07-18 05:13:52,BTC-USD,BTC,63889.05859375,7,2026-07-25,57704.823049190825,59869.26304290093,62559.37633539038,66441.21287411723,69887.08242394628,57704.823049190825,59869.26304290093,62559.37633539038,66441.21287411723,69887.08242394628,1,0,0.0,0.0,,1.0,1.0
2026-07-18,2026-07-18 05:13:52,BTC-USD,BTC,63889.05859375,8,2026-07-26,56201.48522933313,59249.83501540215,62634.278893823364,65208.83286817763,69902.33808021092,56201.48522933313,59249.83501540215,62634.278893823364,65208.83286817763,69902.33808021092,1,0,0.0,0.0,,1.0,1.0
2026-07-18,2026-07-18 05:13:52,BTC-USD,BTC,63889.05859375,9,2026-07-27,55970.52532519308,58955.6052777225,61850.38689865134,64372.7199233347,68519.75281178343,55970.52532519308,58955.6052777225,61850.38689865134,64372.7199233347,68519.75281178343,0,0,0.0,0.0,,1.0,1.0
2026-07-18,2026-07-18 05:13:52,BTC-USD,BTC,63889.05859375,10,2026-07-28,53737.70505756716,58049.38867491679,61656.46046744414,63861.303671691945,69813.26213815405,53737.70505756716,58049.38867491679,61656.46046744414,63861.303671691945,69813.26213815405,0,0,0.0,0.0,,1.0,1.0
2026-07-18,2026-07-18 05:13:52,BTC-USD,BTC,63889.05859375,11,2026-07-29,53877.64519187909,57629.90117916473,61758.01506208031,64183.320597555336,70927.69243658935,53877.64519187909,57629.90117916473,61758.01506208031,64183.320597555336,70927.69243658935,0,0,0.0,0.0,,1.0,1.0
2026-07-18,2026-07-18 05:13:52,BTC-USD,BTC,63889.05859375,12,2026-07-30,54201.98093339315,58298.66841963237,61117.18376753356,64472.0811772739,71967.15533242481,54201.98093339315,58298.66841963237,61117.18376753356,64472.0811772739,71967.15533242481,0,0,0.0,0.0,,1.0,1.0
2026-07-18,2026-07-18 05:13:52,BTC-USD,BTC,63889.05859375,13,2026-07-31,49840.84375222265,58609.31479518603,61817.48393898245,64308.36496989157,73439.42087892296,49840.84375222265,58609.31479518603,61817.48393898245,64308.36496989157,73439.42087892296,0,0,0.0,0.0,,1.0,1.0
2026-07-18,2026-07-18 05:13:52,BTC-USD,BTC,63889.05859375,14,2026-08-01,51898.07124443418,58565.97530279988,61291.853077938125,62960.57471604313,72739.46831750551,51898.07124443418,58565.97530279988,61291.853077938125,62960.57471604313,72739.46831750551,0,0,0.0,0.0,,1.0,1.0
2026-07-18,2026-07-18 05:13:52,BTC-USD,BTC,63889.05859375,15,2026-08-02,52317.88605218182,57822.8194441774,60487.22908962796,64198.769170234664,71686.00657271623,52317.88605218182,57822.8194441774,60487.22908962796,64198.769170234664,71686.00657271623,0,0,0.0,0.0,,1.0,1.0
2026-07-18,2026-07-18 05:13:52,BTC-USD,BTC,63889.05859375,16,2026-08-03,53054.23865914568,58109.23324793744,59859.268392798884,63779.32781151962,72099.16506058398,53054.23865914568,58109.23324793744,59859.268392798884,63779.32781151962,72099.16506058398,0,0,0.0,0.0,,1.0,1.0
2026-07-18,2026-07-18 05:13:52,BTC-USD,BTC,63889.05859375,17,2026-08-04,53403.18178633038,57347.15368133115,60405.11280828881,67286.37926837125,74612.83285095773,53403.18178633038,57347.15368133115,60405.11280828881,67286.37926837125,74612.83285095773,0,0,0.0,0.0,,1.0,1.0
2026-07-18,2026-07-18 05:13:52,BTC-USD,BTC,63889.05859375,18,2026-08-05,51490.95746298617,56327.09852320297,60993.55446535454,67339.44412472115,73849.27915170671,51490.95746298617,56327.09852320297,60993.55446535454,67339.44412472115,73849.27915170671,0,0,0.0,0.0,,1.0,1.0
2026-07-18,2026-07-18 05:13:52,BTC-USD,BTC,63889.05859375,19,2026-08-06,51892.504298505744,57732.26343324015,61291.04010077886,68478.50260127246,73794.36325055649,51892.504298505744,57732.26343324015,61291.04010077886,68478.50260127246,73794.36325055649,0,0,0.0,0.0,,1.0,1.0
2026-07-18,2026-07-18 05:13:52,BTC-USD,BTC,63889.05859375,20,2026-08-07,52513.40979122953,58265.67686527605,61977.15280941473,69118.00964674437,75815.4163125565,52513.40979122953,58265.67686527605,61977.15280941473,69118.00964674437,75815.4163125565,0,0,0.0,0.0,,1.0,1.0
2026-07-18,2026-07-18 05:13:52,BTC-USD,BTC,63889.05859375,21,2026-08-08,51875.00603159155,58069.52781433225,63136.36730571954,68938.154914602,75079.4535566426,51875.00603159155,58069.52781433225,63136.36730571954,68938.154914602,75079.4535566426,0,0,0.0,0.0,,1.0,1.0
2026-07-18,2026-07-18 05:13:52,BTC-USD,BTC,63889.05859375,22,2026-08-09,53751.46465171129,58007.26208182269,64685.13721771037,70676.06510548959,75723.54386513494,53751.46465171129,58007.26208182269,64685.13721771037,70676.06510548959,75723.54386513494,0,0,0.0,0.0,,1.0,1.0
2026-07-18,2026-07-18 05:13:52,BTC-USD,BTC,63889.05859375,23,2026-08-10,53944.9340501645,58214.70780590709,65044.629855743784,70931.14523864517,76836.82243121,53944.9340501645,58214.70780590709,65044.629855743784,70931.14523864517,76836.82243121,0,0,0.0,0.0,,1.0,1.0
2026-07-18,2026-07-18 05:13:52,BTC-USD,BTC,63889.05859375,24,2026-08-11,51077.66977438047,58598.57678410426,65841.87351257504,70634.90397592427,77763.77086937947,51077.66977438047,58598.57678410426,65841.87351257504,70634.90397592427,77763.77086937947,0,0,0.0,0.0,,1.0,1.0
2026-07-18,2026-07-18 05:13:52,BTC-USD,BTC,63889.05859375,25,2026-08-12,49110.20533940022,57891.12675983584,65728.60678099442,69014.82726378598,77117.68516945832,49110.20533940022,57891.12675983584,65728.60678099442,69014.82726378598,77117.68516945832,0,0,0.0,0.0,,1.0,1.0
2026-07-18,2026-07-18 05:13:52,BTC-USD,BTC,63889.05859375,26,2026-08-13,48705.865809204945,56520.56514219871,64677.93542295971,68807.02266128272,77980.19509632472,48705.865809204945,56520.56514219871,64677.93542295971,68807.02266128272,77980.19509632472,0,0,0.0,0.0,,1.0,1.0
2026-07-18,2026-07-18 05:13:52,BTC-USD,BTC,63889.05859375,27,2026-08-14,48006.299315706405,57020.28568410006,65368.22614526728,69848.90679851509,78940.55278710298,48006.299315706405,57020.28568410006,65368.22614526728,69848.90679851509,78940.55278710298,0,0,0.0,0.0,,1.0,1.0
2026-07-18,2026-07-18 05:13:52,BTC-USD,BTC,63889.05859375,28,2026-08-15,47696.22337586114,56431.683867730164,65589.75423744642,70660.89945879155,77849.47987981532,47696.22337586114,56431.683867730164,65589.75423744642,70660.89945879155,77849.47987981532,0,0,0.0,0.0,,1.0,1.0
2026-07-18,2026-07-18 05:13:52,BTC-USD,BTC,63889.05859375,29,2026-08-16,50111.73596248247,56007.39705745939,66180.03629486373,70260.84986583379,83171.18505791579,50111.73596248247,56007.39705745939,66180.03629486373,70260.84986583379,83171.18505791579,0,0,0.0,0.0,,1.0,1.0
2026-07-18,2026-07-18 05:13:52,BTC-USD,BTC,63889.05859375,30,2026-08-17,49270.97581947021,54170.66035911946,65807.17008119912,71284.57074420217,80961.75117571944,49270.97581947021,54170.66035911946,65807.17008119912,71284.57074420217,80961.75117571944,0,0,0.0,0.0,,1.0,1.0
2026-07-18,2026-07-18 05:13:52,DOGE-USD,DOGE,0.0723700001835823,0,2026-07-18,0.0723700001835823,0.0723700001835823,0.0723700001835823,0.0723700001835823,0.0723700001835823,0.0723700001835823,0.0723700001835823,0.0723700001835823,0.0723700001835823,0.0723700001835823,2,0,0.0,0.0,,1.0,1.0
2026-07-18,2026-07-18 05:13:52,DOGE-USD,DOGE,0.0723700001835823,1,2026-07-19,0.06629229842087457,0.06763795887553137,0.07054565701180433,0.07253664754411353,0.0738533893671409,0.06629229842087457,0.06763795887553137,0.07054565701180433,0.07253664754411353,0.0738533893671409,2,0,0.0,0.0,,1.0,1.0
2026-07-18,2026-07-18 05:13:52,DOGE-USD,DOGE,0.0723700001835823,2,2026-07-20,0.06150733676540325,0.06275071255351476,0.06935899928648463,0.07257046553119803,0.07520863799255588,0.06150733676540325,0.06275071255351476,0.06935899928648463,0.07257046553119803,0.07520863799255588,2,0,0.0,0.0,,1.0,1.0
2026-07-18,2026-07-18 05:13:52,DOGE-USD,DOGE,0.0723700001835823,3,2026-07-21,0.05697444192966429,0.0600804926227756,0.07029517877682609,0.07325312393590448,0.07622707622425835,0.05697444192966429,0.0600804926227756,0.07029517877682609,0.07325312393590448,0.07622707622425835,2,0,0.0,0.0,,1.0,1.0
2026-07-18,2026-07-18 05:13:52,DOGE-USD,DOGE,0.0723700001835823,4,2026-07-22,0.05189812230318418,0.0547701808067088,0.06915367878085545,0.07289853319214688,0.07723674471815287,0.05189812230318418,0.0547701808067088,0.06915367878085545,0.07289853319214688,0.07723674471815287,2,0,0.0,0.0,,1.0,1.0
2026-07-18,2026-07-18 05:13:52,DOGE-USD,DOGE,0.0723700001835823,5,2026-07-23,0.05276067447337952,0.05724061356004465,0.06681541157774844,0.07347464248380493,0.07819344237219232,0.05276067447337952,0.05724061356004465,0.06681541157774844,0.07347464248380493,0.07819344237219232,2,0,0.0,0.0,,1.0,1.0
2026-07-18,2026-07-18 05:13:52,DOGE-USD,DOGE,0.0723700001835823,6,2026-07-24,0.053629517151458805,0.05699250293798243,0.06653570134006101,0.07464381884024104,0.08343278843879319,0.053629517151458805,0.05699250293798243,0.06653570134006101,0.07464381884024104,0.08343278843879319,1,0,0.0,0.0,,1.0,1.0
2026-07-18,2026-07-18 05:13:52,DOGE-USD,DOGE,0.0723700001835823,7,2026-07-25,0.047802084105722925,0.053857176931313866,0.0625327106587456,0.07501099285091051,0.08087762683095295,0.047802084105722925,0.053857176931313866,0.0625327106587456,0.07501099285091051,0.08087762683095295,1,0,0.0,0.0,,1.0,1.0
2026-07-18,2026-07-18 05:13:52,DOGE-USD,DOGE,0.0723700001835823,8,2026-07-26,0.04903730596532869,0.05119860363173707,0.06245901020831219,0.07747737622167654,0.08327444889613848,0.04903730596532869,0.05119860363173707,0.06245901020831219,0.07747737622167654,0.08327444889613848,1,0,0.0,0.0,,1.0,1.0
2026-07-18,2026-07-18 05:13:52,DOGE-USD,DOGE,0.0723700001835823,9,2026-07-27,0.048014667691008206,0.05265452652583054,0.062274363599980086,0.07552657177131716,0.08137421801362718,0.048014667691008206,0.05265452652583054,0.062274363599980086,0.07552657177131716,0.08137421801362718,0,0,0.0,0.0,,1.0,1.0
2026-07-18,2026-07-18 05:13:52,DOGE-USD,DOGE,0.0723700001835823,10,2026-07-28,0.048230794196457163,0.05343674125904168,0.062329738163848035,0.07559409749570589,0.08044005388979332,0.048230794196457163,0.05343674125904168,0.062329738163848035,0.07559409749570589,0.08044005388979332,0,0,0.0,0.0,,1.0,1.0
2026-07-18,2026-07-18 05:13:52,DOGE-USD,DOGE,0.0723700001835823,11,2026-07-29,0.049008004735299045,0.05482881086288391,0.06521373013678586,0.07579414595393587,0.08677740213632974,0.049008004735299045,0.05482881086288391,0.06521373013678586,0.07579414595393587,0.08677740213632974,0,0,0.0,0.0,,1.0,1.0
2026-07-18,2026-07-18 05:13:52,DOGE-USD,DOGE,0.0723700001835823,12,2026-07-30,0.048406210869888326,0.05400839576844369,0.0651285431861318,0.07595416882751267,0.0859249632863556,0.048406210869888326,0.05400839576844369,0.0651285431861318,0.07595416882751267,0.0859249632863556,0,0,0.0,0.0,,1.0,1.0
2026-07-18,2026-07-18 05:13:52,DOGE-USD,DOGE,0.0723700001835823,13,2026-07-31,0.047798316857770154,0.05407796069693841,0.06693245809170985,0.07508030650778086,0.08390447189813571,0.047798316857770154,0.05407796069693841,0.06693245809170985,0.07508030650778086,0.08390447189813571,0,0,0.0,0.0,,1.0,1.0
2026-07-18,2026-07-18 05:13:52,DOGE-USD,DOGE,0.0723700001835823,14,2026-08-01,0.050567567220039314,0.05636337548291834,0.06830361337441733,0.07683450070756696,0.08447347396223469,0.050567567220039314,0.05636337548291834,0.06830361337441733,0.07683450070756696,0.08447347396223469,0,0,0.0,0.0,,1.0,1.0
2026-07-18,2026-07-18 05:13:52,DOGE-USD,DOGE,0.0723700001835823,15,2026-08-02,0.05317645801571518,0.058808637590058145,0.06598774355288305,0.07732307376910524,0.08543422316871396,0.05317645801571518,0.058808637590058145,0.06598774355288305,0.07732307376910524,0.08543422316871396,0,0,0.0,0.0,,1.0,1.0
2026-07-18,2026-07-18 05:13:52,DOGE-USD,DOGE,0.0723700001835823,16,2026-08-03,0.05384236630223722,0.05917314215095341,0.0648514874870535,0.07611266574544491,0.08262168069552105,0.05384236630223722,0.05917314215095341,0.0648514874870535,0.07611266574544491,0.08262168069552105,0,0,0.0,0.0,,1.0,1.0
2026-07-18,2026-07-18 05:13:52,DOGE-USD,DOGE,0.0723700001835823,17,2026-08-04,0.0543476675902555,0.058908084148597994,0.06362563044870083,0.0746769322920709,0.08055434202790958,0.0543476675902555,0.058908084148597994,0.06362563044870083,0.0746769322920709,0.08055434202790958,0,0,0.0,0.0,,1.0,1.0
2026-07-18,2026-07-18 05:13:52,DOGE-USD,DOGE,0.0723700001835823,18,2026-08-05,0.052730482628139085,0.05861642096919099,0.06438178271992565,0.07407292305432515,0.08003514618752701,0.052730482628139085,0.05861642096919099,0.06438178271992565,0.07407292305432515,0.08003514618752701,0,0,0.0,0.0,,1.0,1.0
2026-07-18,2026-07-18 05:13:52,DOGE-USD,DOGE,0.0723700001835823,19,2026-08-06,0.05145411933039986,0.058517523097042584,0.06331589019918354,0.07280302857166952,0.07827596981088386,0.05145411933039986,0.058517523097042584,0.06331589019918354,0.07280302857166952,0.07827596981088386,0,0,0.0,0.0,,1.0,1.0
2026-07-18,2026-07-18 05:13:52,DOGE-USD,DOGE,0.0723700001835823,20,2026-08-07,0.0511822968443552,0.05678971976431098,0.06436724563402924,0.07256060532427532,0.07906063706576624,0.0511822968443552,0.05678971976431098,0.06436724563402924,0.07256060532427532,0.07906063706576624,0,0,0.0,0.0,,1.0,1.0
2026-07-18,2026-07-18 05:13:52,DOGE-USD,DOGE,0.0723700001835823,21,2026-08-08,0.049564780115729686,0.055438354680820624,0.06414586049850413,0.07277094924278768,0.07853062189250538,0.049564780115729686,0.055438354680820624,0.06414586049850413,0.07277094924278768,0.07853062189250538,0,0,0.0,0.0,,1.0,1.0
2026-07-18,2026-07-18 05:13:52,DOGE-USD,DOGE,0.0723700001835823,22,2026-08-09,0.048036388399984704,0.05494209866113178,0.061066576362807434,0.07130586909352826,0.07903131047975875,0.048036388399984704,0.05494209866113178,0.061066576362807434,0.07130586909352826,0.07903131047975875,0,0,0.0,0.0,,1.0,1.0
2026-07-18,2026-07-18 05:13:52,DOGE-USD,DOGE,0.0723700001835823,23,2026-08-10,0.04844074247360753,0.05525871129389453,0.06080691165222361,0.07325563120315651,0.0776464186224538,0.04844074247360753,0.05525871129389453,0.06080691165222361,0.07325563120315651,0.0776464186224538,0,0,0.0,0.0,,1.0,1.0
2026-07-18,2026-07-18 05:13:52,DOGE-USD,DOGE,0.0723700001835823,24,2026-08-11,0.04800575611602187,0.05717839671374982,0.059829745858708004,0.07342193985297564,0.08044397315409393,0.04800575611602187,0.05717839671374982,0.059829745858708004,0.07342193985297564,0.08044397315409393,0,0,0.0,0.0,,1.0,1.0
2026-07-18,2026-07-18 05:13:52,DOGE-USD,DOGE,0.0723700001835823,25,2026-08-12,0.04951957658857131,0.05594803565228796,0.061748613330322416,0.07402708317795517,0.0819973705776284,0.04951957658857131,0.05594803565228796,0.061748613330322416,0.07402708317795517,0.0819973705776284,0,0,0.0,0.0,,1.0,1.0
2026-07-18,2026-07-18 05:13:52,DOGE-USD,DOGE,0.0723700001835823,26,2026-08-13,0.04798499201622111,0.05404071976664657,0.062978537749958,0.07757589193982477,0.08148502456054495,0.04798499201622111,0.05404071976664657,0.062978537749958,0.07757589193982477,0.08148502456054495,0,0,0.0,0.0,,1.0,1.0
2026-07-18,2026-07-18 05:13:52,DOGE-USD,DOGE,0.0723700001835823,27,2026-08-14,0.04875011711346219,0.05406827472229471,0.06276807472122634,0.07482103908152692,0.08219425013050528,0.04875011711346219,0.05406827472229471,0.06276807472122634,0.07482103908152692,0.08219425013050528,0,0,0.0,0.0,,1.0,1.0
2026-07-18,2026-07-18 05:13:52,DOGE-USD,DOGE,0.0723700001835823,28,2026-08-15,0.05090315121225718,0.05660866691467671,0.06320810141448557,0.07458671753768154,0.08491295090738753,0.05090315121225718,0.05660866691467671,0.06320810141448557,0.07458671753768154,0.08491295090738753,0,0,0.0,0.0,,1.0,1.0
2026-07-18,2026-07-18 05:13:52,DOGE-USD,DOGE,0.0723700001835823,29,2026-08-16,0.05038071391411438,0.05521421610559381,0.06247956910327669,0.07308144701882656,0.08723726304268782,0.05038071391411438,0.05521421610559381,0.06247956910327669,0.07308144701882656,0.08723726304268782,0,0,0.0,0.0,,1.0,1.0
2026-07-18,2026-07-18 05:13:52,DOGE-USD,DOGE,0.0723700001835823,30,2026-08-17,0.051219740119177036,0.055023777793338995,0.061797457710427,0.07421485781851667,0.08595571546369557,0.051219740119177036,0.055023777793338995,0.061797457710427,0.07421485781851667,0.08595571546369557,0,0,0.0,0.0,,1.0,1.0
2026-07-18,2026-07-18 05:13:52,SOL-USD,SOL,74.93000030517578,0,2026-07-18,74.93000030517578,74.93000030517578,74.93000030517578,74.93000030517578,74.93000030517578,74.93000030517578,74.93000030517578,74.93000030517578,74.93000030517578,74.93000030517578,2,0,0.0,0.0,,1.0,1.0
2026-07-18,2026-07-18 05:13:52,SOL-USD,SOL,74.93000030517578,1,2026-07-19,70.56091386149859,72.59418804933703,74.2066108989222,75.56815488233248,77.4667934580159,70.56091386149859,72.59418804933703,74.2066108989222,75.56815488233248,77.4667934580159,2,0,0.0,0.0,,1.0,1.0
2026-07-18,2026-07-18 05:13:52,SOL-USD,SOL,74.93000030517578,2,2026-07-20,69.6406006928239,71.3471875551131,74.07376004649429,76.7644128910778,77.85915958012404,69.6406006928239,71.3471875551131,74.07376004649429,76.7644128910778,77.85915958012404,2,0,0.0,0.0,,1.0,1.0
2026-07-18,2026-07-18 05:13:52,SOL-USD,SOL,74.93000030517578,3,2026-07-21,66.15392164935196,71.16398071888366,74.91920052820488,77.17930030629407,81.64319699119972,66.15392164935196,71.16398071888366,74.91920052820488,77.17930030629407,81.64319699119972,2,0,0.0,0.0,,1.0,1.0
2026-07-18,2026-07-18 05:13:52,SOL-USD,SOL,74.93000030517578,4,2026-07-22,64.88190765076179,68.58560763807738,73.35354775344085,78.77133668644737,82.5837649849886,64.88190765076179,68.58560763807738,73.35354775344085,78.77133668644737,82.5837649849886,2,0,0.0,0.0,,1.0,1.0
2026-07-18,2026-07-18 05:13:52,SOL-USD,SOL,74.93000030517578,5,2026-07-23,62.743701995819556,68.8487482370505,74.06484823386751,77.10662065172583,83.66629503674133,62.743701995819556,68.8487482370505,74.06484823386751,77.10662065172583,83.66629503674133,2,0,0.0,0.0,,1.0,1.0
2026-07-18,2026-07-18 05:13:52,SOL-USD,SOL,74.93000030517578,6,2026-07-24,61.65986123514315,70.10380649824029,73.13848899287682,76.77234110660493,83.59086511358808,61.65986123514315,70.10380649824029,73.13848899287682,76.77234110660493,83.59086511358808,1,0,0.0,0.0,,1.0,1.0
2026-07-18,2026-07-18 05:13:52,SOL-USD,SOL,74.93000030517578,7,2026-07-25,58.525831746965515,68.47677570759924,72.72545831233128,77.25748723870554,82.02721617676995,58.525831746965515,68.47677570759924,72.72545831233128,77.25748723870554,82.02721617676995,1,0,0.0,0.0,,1.0,1.0
2026-07-18,2026-07-18 05:13:52,SOL-USD,SOL,74.93000030517578,8,2026-07-26,62.17271136958698,68.1490727776394,71.92039186567831,75.23142206574752,84.48880173509421,62.17271136958698,68.1490727776394,71.92039186567831,75.23142206574752,84.48880173509421,1,0,0.0,0.0,,1.0,1.0
2026-07-18,2026-07-18 05:13:52,SOL-USD,SOL,74.93000030517578,9,2026-07-27,61.161785742657976,66.7018057520861,71.37227120935297,76.35441909667102,86.412643498173,61.161785742657976,66.7018057520861,71.37227120935297,76.35441909667102,86.412643498173,0,0,0.0,0.0,,1.0,1.0
2026-07-18,2026-07-18 05:13:52,SOL-USD,SOL,74.93000030517578,10,2026-07-28,62.86136784318255,66.31930943470819,72.23141339196815,74.92778012250953,86.89498551952519,62.86136784318255,66.31930943470819,72.23141339196815,74.92778012250953,86.89498551952519,0,0,0.0,0.0,,1.0,1.0
2026-07-18,2026-07-18 05:13:52,SOL-USD,SOL,74.93000030517578,11,2026-07-29,63.77069103797294,67.7047069129371,72.85256067275063,74.63028500984896,89.58079507442524,63.77069103797294,67.7047069129371,72.85256067275063,74.63028500984896,89.58079507442524,0,0,0.0,0.0,,1.0,1.0
2026-07-18,2026-07-18 05:13:52,SOL-USD,SOL,74.93000030517578,12,2026-07-30,60.94031552353873,67.67773528696434,71.78502429686681,75.11074990932312,87.90386394344644,60.94031552353873,67.67773528696434,71.78502429686681,75.11074990932312,87.90386394344644,0,0,0.0,0.0,,1.0,1.0
2026-07-18,2026-07-18 05:13:52,SOL-USD,SOL,74.93000030517578,13,2026-07-31,62.06197928967392,67.65530943370601,70.79764591157922,76.32506763368035,97.19023393969779,62.06197928967392,67.65530943370601,70.79764591157922,76.32506763368035,97.19023393969779,0,0,0.0,0.0,,1.0,1.0
2026-07-18,2026-07-18 05:13:52,SOL-USD,SOL,74.93000030517578,14,2026-08-01,60.02398695004316,66.62164321381991,71.23379399703141,76.61497933272683,94.43265011121281,60.02398695004316,66.62164321381991,71.23379399703141,76.61497933272683,94.43265011121281,0,0,0.0,0.0,,1.0,1.0
2026-07-18,2026-07-18 05:13:52,SOL-USD,SOL,74.93000030517578,15,2026-08-02,62.941117770630534,66.20853425923995,71.51818642615973,74.48094753722071,89.20077965771418,62.941117770630534,66.20853425923995,71.51818642615973,74.48094753722071,89.20077965771418,0,0,0.0,0.0,,1.0,1.0
2026-07-18,2026-07-18 05:13:52,SOL-USD,SOL,74.93000030517578,16,2026-08-03,64.79052980631266,66.84656680827825,70.95280488630776,75.20226103700948,92.82788532480927,64.79052980631266,66.84656680827825,70.95280488630776,75.20226103700948,92.82788532480927,0,0,0.0,0.0,,1.0,1.0
2026-07-18,2026-07-18 05:13:52,SOL-USD,SOL,74.93000030517578,17,2026-08-04,60.8359518229871,66.71395534335915,71.16724923508002,77.46376541164726,89.95750335239796,60.8359518229871,66.71395534335915,71.16724923508002,77.46376541164726,89.95750335239796,0,0,0.0,0.0,,1.0,1.0
2026-07-18,2026-07-18 05:13:52,SOL-USD,SOL,74.93000030517578,18,2026-08-05,62.80540160195256,65.98896211017826,72.08631801630753,77.82012556682744,91.31392073772746,62.80540160195256,65.98896211017826,72.08631801630753,77.82012556682744,91.31392073772746,0,0,0.0,0.0,,1.0,1.0
2026-07-18,2026-07-18 05:13:52,SOL-USD,SOL,74.93000030517578,19,2026-08-06,61.1659111804091,66.55923563220793,71.54338344121498,78.63109474559509,90.05614176746383,61.1659111804091,66.55923563220793,71.54338344121498,78.63109474559509,90.05614176746383,0,0,0.0,0.0,,1.0,1.0
2026-07-18,2026-07-18 05:13:52,SOL-USD,SOL,74.93000030517578,20,2026-08-07,60.74940079734463,68.61944391513782,73.48791942621912,79.91959956271464,89.35130443623561,60.74940079734463,68.61944391513782,73.48791942621912,79.91959956271464,89.35130443623561,0,0,0.0,0.0,,1.0,1.0
2026-07-18,2026-07-18 05:13:52,SOL-USD,SOL,74.93000030517578,21,2026-08-08,63.54092761801307,67.7840857044768,73.85711327743323,80.28403757602459,88.95612159580716,63.54092761801307,67.7840857044768,73.85711327743323,80.28403757602459,88.95612159580716,0,0,0.0,0.0,,1.0,1.0
2026-07-18,2026-07-18 05:13:52,SOL-USD,SOL,74.93000030517578,22,2026-08-09,59.99248301156574,68.50185452931139,74.05510257463064,82.7298697082341,90.9700967783982,59.99248301156574,68.50185452931139,74.05510257463064,82.7298697082341,90.9700967783982,0,0,0.0,0.0,,1.0,1.0
2026-07-18,2026-07-18 05:13:52,SOL-USD,SOL,74.93000030517578,23,2026-08-10,61.26115936958549,69.44730162492881,76.6896885833088,83.0899567965743,91.61452829260296,61.26115936958549,69.44730162492881,76.6896885833088,83.0899567965743,91.61452829260296,0,0,0.0,0.0,,1.0,1.0
2026-07-18,2026-07-18 05:13:52,SOL-USD,SOL,74.93000030517578,24,2026-08-11,60.18876974244927,70.481101797103,75.22512711439867,83.25355696007426,91.76453296866332,60.18876974244927,70.481101797103,75.22512711439867,83.25355696007426,91.76453296866332,0,0,0.0,0.0,,1.0,1.0
2026-07-18,2026-07-18 05:13:52,SOL-USD,SOL,74.93000030517578,25,2026-08-12,59.150707207282515,69.81113334882643,73.99007323522531,81.31424981600719,89.89495001962189,59.150707207282515,69.81113334882643,73.99007323522531,81.31424981600719,89.89495001962189,0,0,0.0,0.0,,1.0,1.0
2026-07-18,2026-07-18 05:13:52,SOL-USD,SOL,74.93000030517578,26,2026-08-13,63.91082874447503,69.47826185562896,75.65402115653524,80.63951925513494,87.3109710344611,63.91082874447503,69.47826185562896,75.65402115653524,80.63951925513494,87.3109710344611,0,0,0.0,0.0,,1.0,1.0
2026-07-18,2026-07-18 05:13:52,SOL-USD,SOL,74.93000030517578,27,2026-08-14,64.50105696368361,69.74819317164875,75.02602923966525,82.25940948641778,92.29494371668788,64.50105696368361,69.74819317164875,75.02602923966525,82.25940948641778,92.29494371668788,0,0,0.0,0.0,,1.0,1.0
2026-07-18,2026-07-18 05:13:52,SOL-USD,SOL,74.93000030517578,28,2026-08-15,59.72412122407047,69.90662182062385,74.90220367046878,82.20821094815585,90.98871292106118,59.72412122407047,69.90662182062385,74.90220367046878,82.20821094815585,90.98871292106118,0,0,0.0,0.0,,1.0,1.0
2026-07-18,2026-07-18 05:13:52,SOL-USD,SOL,74.93000030517578,29,2026-08-16,58.41872843098429,68.37990460411994,74.47756952757666,81.32033959929544,86.71876505886941,58.41872843098429,68.37990460411994,74.47756952757666,81.32033959929544,86.71876505886941,0,0,0.0,0.0,,1.0,1.0
2026-07-18,2026-07-18 05:13:52,SOL-USD,SOL,74.93000030517578,30,2026-08-17,57.58111413954631,65.39341269427021,74.25941708471211,82.75901312973339,89.46416322816377,57.58111413954631,65.39341269427021,74.25941708471211,82.75901312973339,89.46416322816377,0,0,0.0,0.0,,1.0,1.0
