actual_30d_price,actual_30d_return_pct,actual_drawdown_pct,actual_max_gain_pct,actual_max_price_30d,actual_min_price_30d,asset,central_error_pct,code_version,cohort_id,cohort_manifest_sha256,current_price,directional_correct,drawdown_30d_avg,drawdown_avg_30d,drawdown_p10_pct,drawdown_p10_price,drawdown_p25_pct,drawdown_p25_price,drawdown_p50_pct,drawdown_p50_price,drawdown_p75_pct,drawdown_p75_price,drawdown_p90_pct,drawdown_p90_price,drawdown_within_p10_p90,evaluated,evaluation_date,forecast_date,forecast_id,generated_at_utc,max_gain_30d_avg,max_gain_avg_30d,max_gain_p10_pct,max_gain_p10_price,max_gain_p25_pct,max_gain_p25_price,max_gain_p50_pct,max_gain_p50_price,max_gain_p75_pct,max_gain_p75_price,max_gain_p90_pct,max_gain_p90_price,max_gain_within_p10_p90,official_daily_candidate,official_daily_version,positive_cases_30d,prediction_date,price_market_snapshot_id,raw_market_snapshot_id,return_30d_avg,return_30d_median,return_p10_pct,return_p10_price,return_p25_pct,return_p25_price,return_p50_pct,return_p50_price,return_p75_pct,return_p75_price,return_p90_pct,return_p90_price,return_within_p10_p90,risk_zone_touched,run_id,scenario_avg_30d,scenario_median_30d,schema_version,similarity_avg,upside_zone_touched,verdict,source_worktree_dirty,official_daily
,,,,,,BTC-USD,,894b093fa2388faf50cf3ad145c83c42c33a02c8-dirty:0123b57081a13a6407c1a54f1d98fd7594258877e2071362707c4ec31fcb8eb7,sha256:a07f123d5637a8d3e9c89f0da8c95a2a38d0527a40eace464f7a342d59297c8c,a07f123d5637a8d3e9c89f0da8c95a2a38d0527a40eace464f7a342d59297c8c,78947.109375,,-15.770229509231479,66496.96903565849,-33.24998486168899,52697.20745907145,-18.065808746565867,64684.67558437033,-12.624348435129367,68980.55120803732,-8.55869499504198,72190.26707619155,-3.8136864408581768,75936.31416931615,,False,,2026-09-01,run-2026-09-01T053024Z-2dbbee6990f3:BTC-USD,2026-09-01 05:30:24,22.858964788977406,96993.60130894673,1.4776583714501994,80113.67794569764,5.141904749830384,83006.49454180691,14.781637857294362,90616.78518161458,25.562709809689643,99128.12984766954,54.79143959876707,122203.3671231757,,True,2026-09-01 05:30:24,67.5,2026-09-01,sha256:48ae0e8f7846611e8ddd984ef832aeb36a4d3448e96c503f48060c7bb97c41f9,sha256:4d57db4f4f8ad50a5cfe31bf3bb5a4f8d1ee238c16ea675386b32b9b8af2f012,6.9236206449806605,3.9164004484428805,-32.483605220570034,53302.24203257337,-6.8228177320487,73560.69199762262,3.9164004484428805,82038.99432059519,20.281626301756752,94958.86707447667,40.679277762056074,111062.22328277046,,,run-2026-09-01T053024Z-2dbbee6990f3,84413.10773830296,82038.99432059519,1,82.23886015572697,,RIALZISTA,,True
,,,,,,DOGE-USD,,894b093fa2388faf50cf3ad145c83c42c33a02c8-dirty:0123b57081a13a6407c1a54f1d98fd7594258877e2071362707c4ec31fcb8eb7,sha256:9536b36d6bc0f06d013d82bbca592bbb27028689d4b430dd6de816a050f11a5e,9536b36d6bc0f06d013d82bbca592bbb27028689d4b430dd6de816a050f11a5e,0.08337999880313873,,-13.978036185696732,0.0717251123988025,-36.20284125149021,0.05319407020094398,-22.543813798598265,0.06458296712768567,-11.663402205014982,0.07365505418419198,-2.6050206133222313,0.08120793264692915,0.0,0.08337999880313873,,False,,2026-09-01,run-2026-09-01T053024Z-2dbbee6990f3:DOGE-USD,2026-09-01 05:30:24,35.41742088594475,0.11291104391394208,0.0,0.08337999880313873,5.351230855111178,0.08784185502608362,20.002009089877617,0.1000576737428824,43.032129848705196,0.11926018815595422,73.50377233452971,0.14466744329593142,,True,2026-09-01 05:30:24,35.0,2026-09-01,sha256:b1b0c114c66cf87f21ab69b77b28f53a8769388695208b80fced2dd76b84896a,sha256:883b4e8f63bf057355246f52b6fe2d9a75f9b4bfcab02b54cf3ebda2e57c51e5,7.430718926569076,-4.843704232957691,-29.619920566536184,0.05868290938927022,-18.507322237487642,0.0679485937430285,-4.843704232957691,0.07934131827167103,21.033700924910082,0.10091789838258454,48.12032745521331,0.12350272725936202,,,run-2026-09-01T053024Z-2dbbee6990f3,0.08957573215517664,0.07934131827167103,1,82.5697938491691,,NEUTRALE / INCERTO,,True
,,,,,,SOL-USD,,894b093fa2388faf50cf3ad145c83c42c33a02c8-dirty:0123b57081a13a6407c1a54f1d98fd7594258877e2071362707c4ec31fcb8eb7,sha256:b77b482cecad617719c5cdad1172f5d2b9ff9c66aec48fb4e0cd35b480653d57,b77b482cecad617719c5cdad1172f5d2b9ff9c66aec48fb4e0cd35b480653d57,103.93000030517578,,-18.18988814893537,85.02524949647612,-35.03306996669557,67.52013058187663,-21.921669461121922,81.14680916733214,-13.204291448880895,90.20678016205757,-9.063759499342472,94.51003502984875,-2.633475915753359,101.19302877789659,,False,,2026-09-01,run-2026-09-01T053024Z-2dbbee6990f3:SOL-USD,2026-09-01 05:30:24,69.07615414627813,175.72084752020632,0.5842502256295459,104.53721156645557,10.476780295567982,114.81851809833218,26.553052463924722,131.52658781196624,58.747746755569224,164.98653368752278,113.78983941520328,222.19178075665556,,True,2026-09-01 05:30:24,67.5,2026-09-01,sha256:eeb3d5aeca3ea6e95572b3aebab3f0a7122185408c833153d3229b0588850368,sha256:8b7365e10feac759d73cd38e3027fd5e615a231fa425d4b75a2abeae99ba2442,45.63036893485224,5.2653497040960895,-32.77001373011859,69.87212493545739,-8.562301975766323,95.03119983563177,5.2653497040960895,109.40227826871141,41.412893181458145,146.97042031504733,100.23827848955749,208.10764344527584,,,run-2026-09-01T053024Z-2dbbee6990f3,151.35364287842054,109.40227826871141,1,79.72768338023788,,RIALZISTA,,True
,,,,,,BTC-USD,,3003fa190fe5e93a6d92bed7b28555dce567909e,sha256:ebf47f57fa5f68856a83303bbae911a718a927c20e92be47746608d0cd675f4b,ebf47f57fa5f68856a83303bbae911a718a927c20e92be47746608d0cd675f4b,77666.9921875,,-16.618726155890123,64759.727442342795,-33.714429539269226,51482.00883117558,-19.277800819226265,62694.504131309724,-12.915032211063217,67636.27512912042,-7.910856870896888,71522.8675996162,-3.5285333019248943,74926.48650356065,,False,,2026-09-02,run-2026-09-02T053023Z-40fb6e0da484:BTC-USD,2026-09-02 05:30:23,23.89773389695141,96227.64330623478,1.7052664340563544,78991.4213356146,8.332528422470725,84138.61638640155,15.479585623407976,89689.52074428964,26.121555713582154,97954.81882282131,52.57211992523097,118498.17646263227,,True,2026-09-02 05:30:23,72.5,2026-09-02,sha256:daf347bbf60fe5e3eee178ae8ce92f6c5d961f786b2f6dcadd09452039f063bc,sha256:4619167b27a12cf3ed3415a686ebeb076c7a21dd1ab02246f9bd52232b742dc0,7.4210144128138085,7.18922029780521,-32.483605220570034,52437.95305862153,-5.369042262010373,73497.01855332083,7.18922029780521,83250.64335453855,20.281626301756752,93419.12130278337,39.29125874745092,108183.33104925312,,,run-2026-09-02T053023Z-40fb6e0da484,83430.67087173335,83250.64335453855,1,82.74170768687304,,RIALZISTA,False,True
,,,,,,DOGE-USD,,3003fa190fe5e93a6d92bed7b28555dce567909e,sha256:7cd80506870755af4de2ef119b68cac71eeadf2801159682dd9132c64a205d63,7cd80506870755af4de2ef119b68cac71eeadf2801159682dd9132c64a205d63,0.08188000321388245,,-14.022821074651683,0.07039811686728066,-29.857283035727562,0.05743285890465074,-23.001947294667858,0.06304600802975285,-10.59145021507274,0.07320772343738413,-4.750668688478942,0.07799015553907498,0.0,0.08188000321388245,,False,,2026-09-02,run-2026-09-02T053023Z-40fb6e0da484:DOGE-USD,2026-09-02 05:30:23,31.233233372003962,0.1074537757026787,0.23200406475915045,0.08206996814956359,4.802455752007695,0.08581225413797164,17.42988040584589,0.09615158985036491,33.165076927528624,0.10903556926802947,58.40174565689257,0.12969935443470954,,True,2026-09-02 05:30:23,27.500000000000004,2026-09-02,sha256:7dceed4011801da6c6732ae761670052401666ca443d93d168af6cbb39b6217a,sha256:fa0d1b92b4467040d457464645ba005ec250db3d7ac8a89c504a80d25a53d670,5.0649493792374125,-7.542550667524368,-26.817534108827598,0.0599218054236904,-18.507322237487642,0.06672620717102398,-7.542550667524368,0.07570416248490479,2.2661577749856887,0.08373553327287238,42.815706757576315,0.11693750528303241,,,run-2026-09-02T053023Z-40fb6e0da484,0.08602718392838356,0.07570416248490479,1,82.30391709500842,,NEUTRALE / INCERTO,False,True
,,,,,,SOL-USD,,3003fa190fe5e93a6d92bed7b28555dce567909e,sha256:3dae5bb184e199aa366b8f91631594e4eefa0addaa38268d466acb47479e2294,3dae5bb184e199aa366b8f91631594e4eefa0addaa38268d466acb47479e2294,100.23999786376953,,-16.684864596059008,83.51508994910715,-38.269294547135,61.878857827241745,-20.820462855681946,79.36956634200702,-12.59416192153287,87.61561022266531,-6.83048301723834,93.39312183320467,-0.5205489006361422,99.71819965689198,,False,,2026-09-02,run-2026-09-02T053023Z-40fb6e0da484:SOL-USD,2026-09-02 05:30:23,67.9177716951187,168.32077076007639,0.6116059483696447,100.85307165334994,10.46815931542574,110.7332805379283,25.7402515823563,126.04202550005238,52.07321539271113,152.43818786101926,113.78983941520328,214.30293046275605,,True,2026-09-02 05:30:23,67.5,2026-09-02,sha256:17707dd69256d3b361ddf07ec27b25377fec67801705bfcebe59d81429784a29,sha256:e87fd104434f281c6f6aa552f6b03197d3c73b71dee9ce520518cbc8d41a01fe,46.782120799267844,6.71393186042013,-30.396566171237833,69.77048058306144,-7.462562538562953,92.75952533453156,6.71393186042013,106.97004301722961,41.412893181458145,141.7522811041883,102.19741881258439,202.68268829833173,,,run-2026-09-02T053023Z-40fb6e0da484,147.1343947535817,106.97004301722961,1,80.32835799641603,,RIALZISTA,False,True
,,,,,,BTC-USD,,5326722eafd7cfc6acdc7949a0a88ab981d47cb1,sha256:081fc7a5625b3887eb45f261b196bb9c40e081e4a9be27f7b71dbfbdb4e8403d,081fc7a5625b3887eb45f261b196bb9c40e081e4a9be27f7b71dbfbdb4e8403d,77185.6796875,,-15.69437130669952,65071.872521744,-33.32302480746239,51465.07649742592,-16.050125746777518,64797.281039151334,-12.588610685455414,67469.07496671799,-7.910856870896888,71079.63104259294,-5.837920450120149,72679.64110845921,,False,,2026-09-03,run-2026-09-03T053023Z-61a82f531799:BTC-USD,2026-09-03 05:30:23,23.428610640125097,95269.2120514185,2.9950919487402716,79497.46176540077,10.685984079130485,85433.7291302749,16.03258284983996,89560.53773161052,27.749536864303625,98604.34832634612,49.06291853331649,115055.22683196474,,True,2026-09-03 05:30:23,77.5,2026-09-03,sha256:4b72d5d7ef36031d92d3c26eaa848b85ffee11c67e3a2919f22ab7ae58d4ae2b,sha256:ed6ecfb9fd7570c4da58e4f1a766d54c9b54e1688e3db9029b875be0081b60c4,7.6454325538507195,8.918374641930637,-25.70135407649056,57347.91485466977,0.5929062303548283,77643.3183913089,8.918374641930637,84069.3877719518,18.7413458487507,91651.31486344329,37.72524038869616,106304.1628952584,,,run-2026-09-03T053023Z-61a82f531799,83086.85876923907,84069.3877719518,1,83.22167346779673,,RIALZISTA,False,True
,,,,,,DOGE-USD,,5326722eafd7cfc6acdc7949a0a88ab981d47cb1,sha256:d6a1d0976c937c66aab9cdb014a3bd1a4ab58de514b0991a7daff248a9244726,d6a1d0976c937c66aab9cdb014a3bd1a4ab58de514b0991a7daff248a9244726,0.0822099968791008,,-14.7241567106913,0.07010526810676758,-31.85011557285832,0.05602601786066397,-24.65107817444124,0.06194434628122796,-11.983814478471995,0.07235810337035174,-4.412105347093346,0.07858280521095272,0.0,0.0822099968791008,,False,,2026-09-03,run-2026-09-03T053023Z-61a82f531799:DOGE-USD,2026-09-03 05:30:23,29.355882718842555,0.10634346714609376,0.0,0.0822099968791008,4.188482628649703,0.0856533483173954,15.743239399211152,0.09515251349786165,31.64187283310949,0.10822277954768915,50.84354021873113,0.12400846970614403,,True,2026-09-03 05:30:23,27.500000000000004,2026-09-03,sha256:9aa4eba5b1ddd13d90c62b2797249ef4ae46287c297cf86c5bf6286f052fd0b2,sha256:7cff1d96303dea1e7b5eb00db5c96d7d4504988f627b52a9024a83839951f5f5,2.383969215480555,-9.01049325859961,-27.31155683085304,0.05975716686082267,-21.090987472941165,0.06487109673582432,-9.01049325859961,0.07480247065241448,1.7974631816948416,0.08368769130467511,36.071418824370916,0.11186430916886352,,,run-2026-09-03T053023Z-61a82f531799,0.0841698578967461,0.07480247065241448,1,81.57851867043507,,NEUTRALE / INCERTO,False,True
,,,,,,SOL-USD,,5326722eafd7cfc6acdc7949a0a88ab981d47cb1,sha256:60d4fc2609b1bcc6c514254bd0b5158adc089e8ad62a6bd4a3c112c71824fb07,60d4fc2609b1bcc6c514254bd0b5158adc089e8ad62a6bd4a3c112c71824fb07,99.93000030517578,,-17.30118171017917,82.64092936939473,-38.269294547135,61.68749414743517,-25.915809705406563,74.03233158747422,-11.452179625548087,88.4858371704163,-7.157196070433122,92.77781425014993,-1.7522689810880072,98.17895790702703,,False,,2026-09-03,run-2026-09-03T053023Z-61a82f531799:SOL-USD,2026-09-03 05:30:23,48.17365844057961,148.06993733186133,0.8513025464099224,100.7807069424012,10.46815931542574,110.39083194102702,24.66119906753145,124.57393660861996,66.95683510606824,166.8399658310058,126.49125249781777,226.33270931226573,,True,2026-09-03 05:30:23,70.0,2026-09-03,sha256:b7b87b8c0e3b13c9a7408e5299cfe080f057e4cc8319d462e52b607152016c22,sha256:896401522112232b0d767aaae1ba4af7b0d13358bbb214248ed8d924752d8a09,23.903862919424668,12.24360012678739,-36.134320459825666,63.820973759398804,-5.118848125867833,94.81473535737457,12.24360012678739,112.16502994923891,48.725764180895375,148.62165659984376,102.19741881258439,202.05588123647314,,,run-2026-09-03T053023Z-61a82f531799,123.81713059350567,112.16502994923891,1,80.95049124270493,,RIALZISTA,False,True
,,,,,,BTC-USD,,1403a238155dc84fe2f13986c8b00f12e10f327f,sha256:58b9795e3f4dd77d0637beb6c0e86e2118a5bccf214fd049c42af1988df395af,58b9795e3f4dd77d0637beb6c0e86e2118a5bccf214fd049c42af1988df395af,80955.8828125,,-14.492895286458833,69223.03148825605,-28.51173531949602,57873.95577943863,-15.128122180722661,68708.77794814235,-12.442416313752318,70883.0148424953,-7.108776279477028,75200.91021828378,-5.014685796960045,76896.19965529794,,False,,2026-09-04,run-2026-09-04T053023Z-2ecf2558cc5e:BTC-USD,2026-09-04 05:30:23,41.79746229938789,114793.38741019132,6.917473333478355,86555.98441793668,12.29832248474797,90912.09835115592,21.088597058241277,98028.34273377014,43.27438278542114,115989.04142809821,104.37091378529566,165450.27746685935,,True,2026-09-04 05:30:23,82.5,2026-09-04,sha256:8fa8bc6c1f33f00df86a42db8ab4fc8be3ecfac73ae4af36e9532b9a8ccca164,sha256:97b759d3721a43e20735e4d6c0692f3698c02d9a34d4a6d35b2fbeed2d71c511,27.412398590213883,12.858727749371536,-14.012265189944525,69612.12982595178,2.004429623209697,82578.58650932468,12.858727749371536,91365.77938045964,31.221507228005763,106231.52961630057,68.00204897418061,136007.54189013652,,,run-2026-09-04T053023Z-2ecf2558cc5e,103147.83209128896,91365.77938045964,1,83.72469863492579,,RIALZISTA,False,True
,,,,,,DOGE-USD,,1403a238155dc84fe2f13986c8b00f12e10f327f,sha256:9de7c951488d43136df6730c9477e15cda16d152de2207ae9e90ede61d9a913b,9de7c951488d43136df6730c9477e15cda16d152de2207ae9e90ede61d9a913b,0.08694999665021896,,-16.011475984405507,0.07302801881812776,-31.85011557285832,0.059256322226527776,-26.6259998412666,0.06379869068015034,-15.136776776825094,0.07378856974981841,-6.037770974643697,0.08170015499001837,-0.725030881905645,0.08631958232268895,,False,,2026-09-04,run-2026-09-04T053023Z-2ecf2558cc5e:DOGE-USD,2026-09-04 05:30:23,22.60858003852593,0.10660815623637933,0.0,0.08694999665021896,4.712212394411547,0.09104726516931101,11.287080355478485,0.09676411264121504,27.601680221674957,0.11094965667836948,45.122782281704616,0.1261842543326467,,True,2026-09-04 05:30:23,30.0,2026-09-04,sha256:b1208d1d08d8ea81f73e2beec51765faf6aa000eb44cc26a88aef61341b8c128,sha256:0cee9e8c2b63ef9fc84c3e33a398c2b8c6c523cb632d58fdd8f738a5475927eb,-2.347811679168194,-8.814159581633596,-27.31155683085304,0.0632025989006696,-19.036271194261115,0.07039795948448233,-8.814159581633596,0.0792860851892436,1.7855051941326583,0.08850249335670679,24.691539251621244,0.10841928920239113,,,run-2026-09-04T053023Z-2ecf2558cc5e,0.08490857447382877,0.0792860851892436,1,81.13393308520988,,RIBASSISTA,False,True
,,,,,,SOL-USD,,1403a238155dc84fe2f13986c8b00f12e10f327f,sha256:c9d460b1fbed0fa5ce95316fea06f70b76b3c57a59e260a844dd29bf52c8a69e,c9d460b1fbed0fa5ce95316fea06f70b76b3c57a59e260a844dd29bf52c8a69e,103.66999816894531,,-17.023948578529616,86.02127098930147,-38.269294547135,63.99622121266218,-25.077007830232507,77.672664610517,-11.452179625548087,91.79752376083529,-5.704168413344485,97.75648687927752,0.0,103.66999816894531,,False,,2026-09-04,run-2026-09-04T053023Z-2ecf2558cc5e:SOL-USD,2026-09-04 05:30:23,51.24681785768024,156.79757330364515,0.2462015046608902,103.92523526431917,10.980040036719279,115.05300547396166,30.767335510308612,135.5664943291155,62.09690309040876,168.0458564657438,126.49125249781777,234.803477317309,,True,2026-09-04 05:30:23,67.5,2026-09-04,sha256:2082c4a75f0b3d63ada06e2f580de385c0c8cb88c9960be0702b64585996abe0,sha256:fdb40ab6b70e38ebb252cec200f36b0e609ab0bf674a5787fc45eb371d9be665,27.456329344694375,13.970617431553977,-36.134320459825666,66.20954880988322,-19.174501677377236,83.79179263110393,13.970617431553977,118.15333700442767,54.49962385458558,160.16975722107625,95.84046237255907,203.02780375568602,,,run-2026-09-04T053023Z-2ecf2558cc5e,132.13397429784956,118.15333700442767,1,81.84477972231633,,RIALZISTA,False,True
,,,,,,BTC-USD,,4281b1fa237c4467b40a59b2222e74095fa5fff8,sha256:7175d998e10df2183187e84cabc5f962d1f0f5bb04907cd64232c038f75d9fdb,7175d998e10df2183187e84cabc5f962d1f0f5bb04907cd64232c038f75d9fdb,79667.1484375,,-14.793518079958764,67881.57442961085,-28.628264679914615,56859.82631987204,-17.89446976039768,65411.13465138043,-11.70577934723871,70341.48782916911,-7.89820431895317,73374.87427882254,-2.118735581009825,77979.21221717878,,False,,2026-09-05,run-2026-09-05T082007Z-90f71904d77a:BTC-USD,2026-09-05 08:20:07,41.28478226402716,112557.5572058812,6.7270168363142675,85026.37092590211,12.29832248474797,89464.87126674662,20.997471385239876,96395.23513410064,46.094217815492975,116389.09736567335,82.03145121576227,145019.26644299674,,True,2026-09-05 08:20:07,82.5,2026-09-05,sha256:e592b6d7ba6613d12e123eaec19b1761171b40333f45e225b4b1397c6c24f877,sha256:6cacc15d2bb9408cbf3eeddef04ae7916f991b778200506ebaf1bcd45ad12220,26.452604949162502,13.032907492753697,-17.479159866337262,65742.00020115718,2.7086011421366516,81825.01372998582,13.032907492753697,90050.09419547414,35.71867241169192,108123.19620762697,62.68174167646703,129603.90462210128,,,run-2026-09-05T082007Z-90f71904d77a,100741.18448793476,90050.09419547414,1,84.60542868161744,,RIALZISTA,False,True
,,,,,,DOGE-USD,,4281b1fa237c4467b40a59b2222e74095fa5fff8,sha256:4afde4a14e01608c76f68bc4d381ce1bf4314117aa8638e408143b4c66eac9fa,4afde4a14e01608c76f68bc4d381ce1bf4314117aa8638e408143b4c66eac9fa,0.08574999868869781,,-19.696605494460265,0.06886015973548015,-33.160225636324824,0.05731510564038004,-30.046954839464235,0.05998473530786361,-20.029773113065282,0.06857446850689518,-10.019381503369074,0.0771583791809432,-1.2997473054172795,0.08463546539134612,,False,,2026-09-05,run-2026-09-05T082007Z-90f71904d77a:DOGE-USD,2026-09-05 08:20:07,19.792713442197535,0.10272225020583992,0.0,0.08574999868869781,4.695960919586817,0.08977678511566527,10.616993479099213,0.09485407045780453,18.446767134445754,0.10156810126459219,44.27654039886434,0.12371713150012476,,True,2026-09-05 08:20:07,30.0,2026-09-05,sha256:29c3265480807b9eeb20405501145401c7793e987487f3490992fb4738b6f684,sha256:c687007935ef8d5e3476a0be1d39359137fed3fefe25aadbea1bcaa81d9f8559,-8.067206685190365,-14.40595758460304,-30.010850436344445,0.060015694833065396,-24.631353036070532,0.0646286137832588,-14.40595758460304,0.07339689024880634,0.9291716151543616,0.08654676333650843,10.882716282432483,0.09508192775817838,,,run-2026-09-05T082007Z-90f71904d77a,0.07883236906193254,0.07339689024880634,1,80.75713753863658,,RIBASSISTA,False,True
,,,,,,SOL-USD,,4281b1fa237c4467b40a59b2222e74095fa5fff8,sha256:45827496c3c22c37d9051e7e4ddba88dd3401bd95a3200ad1b15abcc2d2e36ef,45827496c3c22c37d9051e7e4ddba88dd3401bd95a3200ad1b15abcc2d2e36ef,102.30999755859375,,-17.77078830143369,84.12870448125408,-40.329761591094936,61.04861945935784,-25.077007830232507,76.65371145971451,-12.840366773760348,89.17301862584506,-5.286429975960802,96.90145117925148,-1.3558892345617468,100.9227873158164,,False,,2026-09-05,run-2026-09-05T082007Z-90f71904d77a:SOL-USD,2026-09-05 08:20:07,52.76328592975765,156.29211410516265,0.2462015046608902,102.56188631200152,10.46815931542574,113.01997109863554,26.017176570291543,128.92817027247406,58.47383765838226,162.1345794393007,112.75119251959286,217.66573987267458,,True,2026-09-05 08:20:07,65.0,2026-09-05,sha256:2867a51c225167606d45cebcf6b7f38983d3fefd222f343c8fe084fd876def80,sha256:307e0d6831bf5a2e6f687be2c43aaa7f1b8d981459b8fb73bba07dc7125d2c24,28.771895914303382,15.912356722037812,-32.410760106431184,69.15054968498234,-19.174501677377236,82.69256536059657,15.912356722037812,118.58992933242537,47.654020403328786,151.0648246698112,100.44361482652441,205.07385743537418,,,run-2026-09-05T082007Z-90f71904d77a,131.74652356607868,118.58992933242537,1,83.05819502464162,,RIALZISTA,False,True
,,,,,,BTC-USD,,e68424599a508ec56e1bba6b8f37c03c00688dc4,sha256:faaa85297d2995e0e26bbe01f3b5f7f2128cb260ef77ddb8cfa0db25bb5bf00b,faaa85297d2995e0e26bbe01f3b5f7f2128cb260ef77ddb8cfa0db25bb5bf00b,79859.0078125,,-14.35354084639701,68396.41250660544,-28.628264679914615,56996.75968518381,-16.26430932012648,66870.49176189103,-11.010100930922595,71066.4504499104,-7.6523828543415,73747.890791009,-1.974381888550684,78282.28602587372,,False,,2026-09-06,run-2026-09-06T053023Z-dbe64f79a5cd:BTC-USD,2026-09-06 05:30:23,43.09505937153075,114274.29464281225,9.67860871036274,87588.24869864988,14.151593971380617,91160.33034769812,24.916521189653295,99757.09441594844,47.43634208346592,117741.19994289927,82.03145121576227,145368.5108476027,,True,2026-09-06 05:30:23,87.5,2026-09-06,sha256:3029c71f0f8c110eb3daf497806e8ba4f361810237a9b4da34dbb03248d280f3,sha256:0d7151d08d7fb1c6a17b879683bf224cc251b34f2a02f4836159ad8fd9568aea,28.526699040536677,13.970617431553977,-14.012265189944525,68668.95185975399,6.365795414092201,84942.66886956764,13.970617431553977,91015.80427861917,38.32254357020286,110463.01087617702,62.68174167646703,129916.02479492087,,,run-2026-09-06T053023Z-dbe64f79a5cd,102640.14662793056,91015.80427861917,1,84.65223846731135,,RIALZISTA,False,True
,,,,,,DOGE-USD,,e68424599a508ec56e1bba6b8f37c03c00688dc4,sha256:d4840fb8e7bb56b49aa7ef14b7e55004ce54e97fce45e40115b196d1a6a251a0,d4840fb8e7bb56b49aa7ef14b7e55004ce54e97fce45e40115b196d1a6a251a0,0.09083999693393707,,-18.832535780231996,0.07373252200859172,-32.864975927792166,0.060985453808791515,-30.046954839464235,0.0635453440790263,-18.501493119903834,0.07403324115108385,-8.447473310256827,0.08316631243790462,-2.762923832230996,0.08833015700945142,,False,,2026-09-06,run-2026-09-06T053023Z-dbe64f79a5cd:DOGE-USD,2026-09-06 05:30:23,22.3479877711344,0.1111409083400322,0.0,0.09083999693393707,5.896071393299701,0.09619598800683327,11.287080355478485,0.10109318038278475,25.008473220061454,0.11355769324026538,47.431279651903715,0.13392656991545354,,True,2026-09-06 05:30:23,35.0,2026-09-06,sha256:ef01b484ede1b5be99a9b24b8dde484f2887082ae0c82382c4eece34fb8cd1dd,sha256:3489fd4b66a59de07a5ac55d35a8b652e62c9444e7d373da943a4dedfb7c6b05,-4.950155731338972,-11.979361609056166,-28.740577038688784,0.06473205763319635,-23.463102199422963,0.06952611561537474,-11.979361609056166,0.07995794521556521,2.1043855838767724,0.09275162073380895,33.17438501624425,0.12097560726554583,,,run-2026-09-06T053023Z-dbe64f79a5cd,0.08634327561936364,0.07995794521556521,1,80.78310418743416,,RIBASSISTA,False,True
,,,,,,SOL-USD,,e68424599a508ec56e1bba6b8f37c03c00688dc4,sha256:33d76491b1b8513e04a59299ce007e7287bd113d7469afc9744c5e3320bc084f,33d76491b1b8513e04a59299ce007e7287bd113d7469afc9744c5e3320bc084f,106.08999633789062,,-17.89084732403997,87.10959706699902,-42.0738338975559,61.45386749676339,-25.077007830232507,79.48579964914443,-12.840366773760348,92.46765169783654,-5.286429975960802,100.48162296998865,-0.7098356270829664,105.33693174711327,,False,,2026-09-06,run-2026-09-06T053023Z-dbe64f79a5cd:SOL-USD,2026-09-06 05:30:23,51.51438834452701,160.7416090460861,0.0,106.08999633789062,10.46815931542574,117.19566617227036,26.017176570291543,133.69161800853547,56.44824005623048,165.97593214634924,112.75119251959286,225.70773235285472,,True,2026-09-06 05:30:23,65.0,2026-09-06,sha256:7baf016c4983d31d06bce519425071374cb2672118066d11950a1bcfebd8a9ae,sha256:e23ab882c0f46232907951a4807317fffbd4e9866ab1b6574304b2d4367f5ca8,27.4787752589435,15.912356722037812,-36.20261140641171,67.68264722260767,-19.174501677377236,85.74776821055234,15.912356722037812,122.97141500157264,43.5148223550832,152.254869780838,100.44361482652441,212.65062362899533,,,run-2026-09-06T053023Z-dbe64f79a5cd,135.242228003801,122.97141500157264,1,83.10168840668346,,RIALZISTA,False,True
,,,,,,BTC-USD,,1bd800e5331b20a62c559d279607231f1273a7d7,sha256:b4cfafb47a19f1275cb1f356c96893f17cf3fa651e22b057f08f547dc081ebb0,b4cfafb47a19f1275cb1f356c96893f17cf3fa651e22b057f08f547dc081ebb0,79817.8125,,-12.62868160003015,69737.87509926593,-36.52007798713347,50668.28512737603,-15.128122180722661,67742.87630301988,-10.000591423345117,71835.55918882332,0.0,79817.8125,0.0,79817.8125,,False,,2026-09-07,run-2026-09-07T053023Z-6c0e54b2ddb8:BTC-USD,2026-09-07 05:30:23,45.19427694243035,115890.89573063978,7.0845296052655975,85472.52905683788,15.569962884799777,92245.41628170907,24.81077333801992,99621.22904274074,53.085784729984475,122189.72461993263,87.92986953008412,150001.51089301717,,True,2026-09-07 05:30:23,85.0,2026-09-07,sha256:78a77a56e57e10a442a40b8d4c973b349e2331e1e68aaa7ff13302ffa7543bbe,sha256:9cbe379e0bf11e726367609a77472df436b4e4c0c1f148772a8b27877ca6636e,29.538325107030044,18.094398899305574,-31.96300825206215,54305.638504009505,7.637153661227591,85913.62148965552,18.094398899305574,94260.36588644978,38.07104426282424,110205.28722649306,71.20732100694931,136653.93846759992,,,run-2026-09-07T053023Z-6c0e54b2ddb8,103394.65744956967,94260.36588644978,1,84.88516947794696,,RIALZISTA,False,True
,,,,,,DOGE-USD,,1bd800e5331b20a62c559d279607231f1273a7d7,sha256:a79ee1a677642b31a3e246887894089039df28bcd50e2f008746cc374ae7b265,a79ee1a677642b31a3e246887894089039df28bcd50e2f008746cc374ae7b265,0.09019999951124191,,-21.468057879666347,0.07083581140870973,-33.160225636324824,0.06028947614935021,-30.748125066388596,0.06246519085164334,-24.259581043169,0.06831785752887413,-11.483173830355792,0.07984217677238592,-4.690501978872067,0.08596916674922452,,False,,2026-09-07,run-2026-09-07T053023Z-6c0e54b2ddb8:DOGE-USD,2026-09-07 05:30:23,17.0102495506765,0.10554324452281313,0.0,0.09019999951124191,5.896071393299701,0.09551825587918072,10.616993479099213,0.09977652757749798,18.049245850574746,0.10648041918024319,35.5219112466675,0.12224076328211979,,True,2026-09-07 05:30:23,30.0,2026-09-07,sha256:09369d598e77585e4fe35a311175b7870f6699dfc63b135e96fcb55f514d844d,sha256:a0e9b6b0b1ce7341d963bfb0c884f6099a90142d23091c13359f4926a033c8a2,-8.240322453056828,-15.20459514469446,-28.83824377119248,0.06418790377057554,-23.896318565416507,0.06864552028203141,-15.20459514469446,0.0764854547650412,0.9959946808841158,0.09109838670853138,10.882716282432483,0.10001620954480586,,,run-2026-09-07T053023Z-6c0e54b2ddb8,0.0827672286988599,0.0764854547650412,1,80.86387375582217,,RIBASSISTA,False,True
,,,,,,SOL-USD,,1bd800e5331b20a62c559d279607231f1273a7d7,sha256:d905eab70955ddb235b1d2743f2ea334167772e74371bc9a2df8b52a39e375f0,d905eab70955ddb235b1d2743f2ea334167772e74371bc9a2df8b52a39e375f0,105.54000091552734,,-17.625818839575306,86.93771155087038,-42.28109624650999,60.916531549865695,-23.010078600503206,81.2551637498927,-12.840366773760348,91.9882777049436,-5.286429975960802,99.9607026704996,-1.3558892345617468,104.10899540495734,,False,,2026-09-07,run-2026-09-07T053023Z-6c0e54b2ddb8:SOL-USD,2026-09-07 05:30:23,54.721683072578415,163.2932657313186,0.5152741955448861,106.0838213062229,10.419748681734319,116.5370037696254,26.017176570291543,132.9985293060074,58.22382870183284,166.9894302604968,127.77798570482307,240.39688819823996,,True,2026-09-07 05:30:23,65.0,2026-09-07,sha256:fa48f30f23a404dc3e7b2222737abfc31f756b44a82074663deb1ab100fe4a5c,sha256:08d18d40914d572c08e22593ac2c92e0f17d0a4a33e7d6ec5ce11ab9afa58a81,30.584376432709973,19.89986790707817,-32.767670435096456,70.95700123832957,-19.174501677377236,85.3032316696756,19.89986790707817,126.54232168684639,47.654020403328786,155.83405448548612,103.56813338991559,214.84580984343881,,,run-2026-09-07T053023Z-6c0e54b2ddb8,137.81875208261778,126.54232168684639,1,83.5289357167783,,RIALZISTA,False,True
,,,,,,BTC-USD,,8a4e8f8b889beef4351862080fa4ee4c0c46e87e,sha256:932b4fd2609fac19ad1a60c4d0bfe17295fe42228e2489d770827588638c2447,932b4fd2609fac19ad1a60c4d0bfe17295fe42228e2489d770827588638c2447,78780.0625,,-12.87869300550201,68634.22010108239,-36.52007798713347,50009.52223668751,-16.98199151421349,65401.63897135792,-9.83734428436512,71030.19652443698,0.0,78780.0625,0.0,78780.0625,,False,,2026-09-08,run-2026-09-08T053023Z-1dbbf6295f20:BTC-USD,2026-09-08 05:30:23,45.38497068223158,114534.37076906872,7.0845296052655975,84361.25935085924,16.88102236112699,92078.94246673482,26.22059570291053,99436.66418262523,56.426808288208846,123233.13733620611,91.25260149493647,150668.91899058688,,True,2026-09-08 05:30:23,82.5,2026-09-08,sha256:921aac3991c3ab38c55527fe637cc63be51bf88c711960de1156a3dd73b3ee70,sha256:691eb11f5294fa6725489dcbe07334ae69b17443bddb192ac148b82929f12c0e,22.03697835471443,19.65428933101836,-31.96300825206215,53599.58462214528,6.385112608887317,83810.25820397682,19.65428933101836,94263.7239189071,40.502090859328646,110687.6349927859,71.20732100694931,134877.2344938503,,,run-2026-09-08T053023Z-1dbbf6295f20,96140.8078209555,94263.7239189071,1,85.40563453915644,,RIALZISTA,False,True
,,,,,,DOGE-USD,,8a4e8f8b889beef4351862080fa4ee4c0c46e87e,sha256:6bb60ef773adfa562cf68b09d8e1bc2565ea9658d990b5fc0bc2515917b15559,6bb60ef773adfa562cf68b09d8e1bc2565ea9658d990b5fc0bc2515917b15559,0.09000000357627869,,-20.74011214148613,0.07133390190721696,-32.72684702493525,0.06054584008343371,-27.82955348294082,0.06495340444636956,-18.226311493678526,0.07359632258014431,-12.462450678842824,0.07878379751962818,-7.29736461881187,0.0834323751583739,,False,,2026-09-08,run-2026-09-08T053023Z-1dbbf6295f20:DOGE-USD,2026-09-08 05:30:23,16.021044365910043,0.10441894407855491,0.0,0.09000000357627869,5.896071393299701,0.09530646804110837,11.147248482966921,0.1000325276096056,21.44718730614642,0.10930247291882164,31.93407460483418,0.11874067186268095,,True,2026-09-08 05:30:23,32.5,2026-09-08,sha256:4581a09da8933f21c241b7c8ec139bea09e74a089d1029dd0bea443a70caa2c1,sha256:81f38f564ba78b6ce2b0fb3a5d8a33c50c8217d583a425ad224e142cbd34aa2e,-6.433492414778646,-10.334839135480228,-26.663010223752494,0.0660032934213579,-22.320049444780334,0.06991195827774922,-10.334839135480228,0.08069864798474383,4.507242594278338,0.09405652207232075,21.547007649250293,0.10939231123118498,,,run-2026-09-08T053023Z-1dbbf6295f20,0.08420986017289829,0.08069864798474383,1,79.99044570388767,,RIBASSISTA,False,True
,,,,,,SOL-USD,,8a4e8f8b889beef4351862080fa4ee4c0c46e87e,sha256:0574d14d2e7bd44827088dcdd7e96cfd68c71230cb2939feeafe6046e4bd549e,0574d14d2e7bd44827088dcdd7e96cfd68c71230cb2939feeafe6046e4bd549e,103.29000091552734,,-16.5867734378052,86.15752247976191,-42.28109624650999,59.61785621541217,-23.609851237760427,78.90338535588995,-11.70577934723871,91.19910132059486,-3.0435421824322573,100.1463261674286,0.0,103.29000091552734,,False,,2026-09-08,run-2026-09-08T053023Z-1dbbf6295f20:SOL-USD,2026-09-08 05:30:23,63.44412160955562,168.82143470688564,4.92986716709067,108.38206075754958,10.427929674942494,114.06100957224601,29.65455217279259,133.92018812630033,74.26710973812494,180.00049924397229,188.56510150030095,298.0588959815533,,True,2026-09-08 05:30:23,65.0,2026-09-08,sha256:836d411a2de155e5249c536f7f0db016e5a30eb2c412d32268f78ba23aad43ab,sha256:0e80d2586c9a04268733dda5627cc1dda7a9322a9b347c1efd0433f70d51f92d,37.516005522017736,21.617657918629774,-32.05066799931889,70.18486564559824,-16.023808528062837,86.7390089401889,21.617657918629774,125.61887997759561,54.75075500377619,159.8420562601859,132.38892025709964,240.03451786114235,,,run-2026-09-08T053023Z-1dbbf6295f20,142.04028336268877,125.61887997759561,1,83.70363466372889,,RIALZISTA,False,True
