snapshot_date,generated_at_utc,target_ticker,asset,current_price,horizon_day,target_date,raw_p10_price,raw_p25_price,raw_p50_price,raw_p75_price,raw_p90_price,shadow_p10_price,shadow_p25_price,shadow_p50_price,shadow_p75_price,shadow_p90_price,calibration_controls,calibration_active,calibration_strength,center_shift_pct,raw_bias_pct,wide_scale,central_scale,forecast_id,run_id,raw_market_snapshot_id
2026-09-01,2026-09-01 05:32:08,BTC-USD,BTC,78947.109375,0,2026-09-01,78947.109375,78947.109375,78947.109375,78947.109375,78947.109375,78947.109375,78947.109375,78947.109375,78947.109375,78947.109375,9,0,0.0,0.0,,1.0,1.0,run-2026-09-01T053208Z-bd2e6f0eba4a:shadow:BTC-USD:0,run-2026-09-01T053208Z-bd2e6f0eba4a,sha256:a1659e61cc79dbd1fd8f2d55a94310500b6f920a2a628bbbef6ef97c62a2ce68
2026-09-01,2026-09-01 05:32:08,BTC-USD,BTC,78947.109375,1,2026-09-02,75035.00866516921,76925.86828320779,79033.09734664176,80099.1674483001,81153.79926397873,75035.00866516921,76925.86828320779,79033.09734664176,80099.1674483001,81153.79926397873,9,0,0.0,0.0,,1.0,1.0,run-2026-09-01T053208Z-bd2e6f0eba4a:shadow:BTC-USD:1,run-2026-09-01T053208Z-bd2e6f0eba4a,sha256:a1659e61cc79dbd1fd8f2d55a94310500b6f920a2a628bbbef6ef97c62a2ce68
2026-09-01,2026-09-01 05:32:08,BTC-USD,BTC,78947.109375,2,2026-09-03,73086.74990649462,76006.79656005195,78821.81567649356,81166.97840674724,82339.07974406805,73086.74990649462,76006.79656005195,78821.81567649356,81166.97840674724,82339.07974406805,8,0,0.0,0.0,,1.0,1.0,run-2026-09-01T053208Z-bd2e6f0eba4a:shadow:BTC-USD:2,run-2026-09-01T053208Z-bd2e6f0eba4a,sha256:a1659e61cc79dbd1fd8f2d55a94310500b6f920a2a628bbbef6ef97c62a2ce68
2026-09-01,2026-09-01 05:32:08,BTC-USD,BTC,78947.109375,3,2026-09-04,71646.78481886059,74223.21686637872,76560.65452954045,80376.77053253511,84052.63793815559,71646.78481886059,74223.21686637872,76560.65452954045,80376.77053253511,84052.63793815559,8,0,0.0,0.0,,1.0,1.0,run-2026-09-01T053208Z-bd2e6f0eba4a:shadow:BTC-USD:3,run-2026-09-01T053208Z-bd2e6f0eba4a,sha256:a1659e61cc79dbd1fd8f2d55a94310500b6f920a2a628bbbef6ef97c62a2ce68
2026-09-01,2026-09-01 05:32:08,BTC-USD,BTC,78947.109375,4,2026-09-05,73749.12983717163,75583.08868872438,78307.85756390996,81447.19350371404,86973.58255950474,73749.12983717163,75583.08868872438,78307.85756390996,81447.19350371404,86973.58255950474,8,0,0.0,0.0,,1.0,1.0,run-2026-09-01T053208Z-bd2e6f0eba4a:shadow:BTC-USD:4,run-2026-09-01T053208Z-bd2e6f0eba4a,sha256:a1659e61cc79dbd1fd8f2d55a94310500b6f920a2a628bbbef6ef97c62a2ce68
2026-09-01,2026-09-01 05:32:08,BTC-USD,BTC,78947.109375,5,2026-09-06,69829.94570942325,73107.3877847622,76804.91750428497,79930.03079731046,85518.58364451966,69829.94570942325,73107.3877847622,76804.91750428497,79930.03079731046,85518.58364451966,8,0,0.0,0.0,,1.0,1.0,run-2026-09-01T053208Z-bd2e6f0eba4a:shadow:BTC-USD:5,run-2026-09-01T053208Z-bd2e6f0eba4a,sha256:a1659e61cc79dbd1fd8f2d55a94310500b6f920a2a628bbbef6ef97c62a2ce68
2026-09-01,2026-09-01 05:32:08,BTC-USD,BTC,78947.109375,6,2026-09-07,67298.94048047028,72003.30081918136,76902.21030909129,80428.70917399628,89411.82388483973,67298.94048047028,72003.30081918136,76902.21030909129,80428.70917399628,89411.82388483973,8,0,0.0,0.0,,1.0,1.0,run-2026-09-01T053208Z-bd2e6f0eba4a:shadow:BTC-USD:6,run-2026-09-01T053208Z-bd2e6f0eba4a,sha256:a1659e61cc79dbd1fd8f2d55a94310500b6f920a2a628bbbef6ef97c62a2ce68
2026-09-01,2026-09-01 05:32:08,BTC-USD,BTC,78947.109375,7,2026-09-08,69605.18261714901,72069.42680967077,75584.00059006963,79553.66342973041,87913.5770754157,69605.18261714901,72069.42680967077,75584.00059006963,79553.66342973041,87913.5770754157,8,0,0.0,0.0,,1.0,1.0,run-2026-09-01T053208Z-bd2e6f0eba4a:shadow:BTC-USD:7,run-2026-09-01T053208Z-bd2e6f0eba4a,sha256:a1659e61cc79dbd1fd8f2d55a94310500b6f920a2a628bbbef6ef97c62a2ce68
2026-09-01,2026-09-01 05:32:08,BTC-USD,BTC,78947.109375,8,2026-09-09,70733.39668777255,72423.72627115661,76128.52685085479,78974.26765500777,87166.70742076743,70733.39668777255,72423.72627115661,76128.52685085479,78974.26765500777,87166.70742076743,8,0,0.0,0.0,,1.0,1.0,run-2026-09-01T053208Z-bd2e6f0eba4a:shadow:BTC-USD:8,run-2026-09-01T053208Z-bd2e6f0eba4a,sha256:a1659e61cc79dbd1fd8f2d55a94310500b6f920a2a628bbbef6ef97c62a2ce68
2026-09-01,2026-09-01 05:32:08,BTC-USD,BTC,78947.109375,9,2026-09-10,70113.83580205461,72922.71598780909,76437.81465969663,80101.16114620873,84962.99367128128,70113.83580205461,72922.71598780909,76437.81465969663,80101.16114620873,84962.99367128128,7,0,0.0,0.0,,1.0,1.0,run-2026-09-01T053208Z-bd2e6f0eba4a:shadow:BTC-USD:9,run-2026-09-01T053208Z-bd2e6f0eba4a,sha256:a1659e61cc79dbd1fd8f2d55a94310500b6f920a2a628bbbef6ef97c62a2ce68
2026-09-01,2026-09-01 05:32:08,BTC-USD,BTC,78947.109375,10,2026-09-11,67301.10690258205,71039.71189073559,74827.39635506304,78558.78046346322,83008.26043153413,67301.10690258205,71039.71189073559,74827.39635506304,78558.78046346322,83008.26043153413,7,0,0.0,0.0,,1.0,1.0,run-2026-09-01T053208Z-bd2e6f0eba4a:shadow:BTC-USD:10,run-2026-09-01T053208Z-bd2e6f0eba4a,sha256:a1659e61cc79dbd1fd8f2d55a94310500b6f920a2a628bbbef6ef97c62a2ce68
2026-09-01,2026-09-01 05:32:08,BTC-USD,BTC,78947.109375,11,2026-09-12,65093.41659372937,71170.14663969584,75253.10951030534,78191.51626545883,81205.13918503506,65093.41659372937,71170.14663969584,75253.10951030534,78191.51626545883,81205.13918503506,7,0,0.0,0.0,,1.0,1.0,run-2026-09-01T053208Z-bd2e6f0eba4a:shadow:BTC-USD:11,run-2026-09-01T053208Z-bd2e6f0eba4a,sha256:a1659e61cc79dbd1fd8f2d55a94310500b6f920a2a628bbbef6ef97c62a2ce68
2026-09-01,2026-09-01 05:32:08,BTC-USD,BTC,78947.109375,12,2026-09-13,67110.67843135334,72396.82235593969,75711.12005128808,78341.79181582575,83786.25738438516,67110.67843135334,72396.82235593969,75711.12005128808,78341.79181582575,83786.25738438516,7,0,0.0,0.0,,1.0,1.0,run-2026-09-01T053208Z-bd2e6f0eba4a:shadow:BTC-USD:12,run-2026-09-01T053208Z-bd2e6f0eba4a,sha256:a1659e61cc79dbd1fd8f2d55a94310500b6f920a2a628bbbef6ef97c62a2ce68
2026-09-01,2026-09-01 05:32:08,BTC-USD,BTC,78947.109375,13,2026-09-14,67257.4008120812,72767.55006682269,76003.44484998853,77863.9519458364,85254.16023684281,67257.4008120812,72767.55006682269,76003.44484998853,77863.9519458364,85254.16023684281,7,0,0.0,0.0,,1.0,1.0,run-2026-09-01T053208Z-bd2e6f0eba4a:shadow:BTC-USD:13,run-2026-09-01T053208Z-bd2e6f0eba4a,sha256:a1659e61cc79dbd1fd8f2d55a94310500b6f920a2a628bbbef6ef97c62a2ce68
2026-09-01,2026-09-01 05:32:08,BTC-USD,BTC,78947.109375,14,2026-09-15,66772.4780478931,71252.58284029509,75261.61348675276,78519.32461416205,86779.77656955546,66772.4780478931,71252.58284029509,75261.61348675276,78519.32461416205,86779.77656955546,7,0,0.0,0.0,,1.0,1.0,run-2026-09-01T053208Z-bd2e6f0eba4a:shadow:BTC-USD:14,run-2026-09-01T053208Z-bd2e6f0eba4a,sha256:a1659e61cc79dbd1fd8f2d55a94310500b6f920a2a628bbbef6ef97c62a2ce68
2026-09-01,2026-09-01 05:32:08,BTC-USD,BTC,78947.109375,15,2026-09-16,66350.82417132799,71954.50167099784,75481.70055854227,81033.71081416168,85760.07638534292,66350.82417132799,71954.50167099784,75481.70055854227,81033.71081416168,85760.07638534292,7,0,0.0,0.0,,1.0,1.0,run-2026-09-01T053208Z-bd2e6f0eba4a:shadow:BTC-USD:15,run-2026-09-01T053208Z-bd2e6f0eba4a,sha256:a1659e61cc79dbd1fd8f2d55a94310500b6f920a2a628bbbef6ef97c62a2ce68
2026-09-01,2026-09-01 05:32:08,BTC-USD,BTC,78947.109375,16,2026-09-17,66688.795700602,73069.35783188831,75968.45533633689,81809.43642178009,88006.54780966045,66688.795700602,73069.35783188831,75968.45533633689,81809.43642178009,88006.54780966045,6,0,0.0,0.0,,1.0,1.0,run-2026-09-01T053208Z-bd2e6f0eba4a:shadow:BTC-USD:16,run-2026-09-01T053208Z-bd2e6f0eba4a,sha256:a1659e61cc79dbd1fd8f2d55a94310500b6f920a2a628bbbef6ef97c62a2ce68
2026-09-01,2026-09-01 05:32:08,BTC-USD,BTC,78947.109375,17,2026-09-18,67850.24972937556,74201.6913723584,77571.19253127687,81813.66720029656,89996.44549401091,67850.24972937556,74201.6913723584,77571.19253127687,81813.66720029656,89996.44549401091,6,0,0.0,0.0,,1.0,1.0,run-2026-09-01T053208Z-bd2e6f0eba4a:shadow:BTC-USD:17,run-2026-09-01T053208Z-bd2e6f0eba4a,sha256:a1659e61cc79dbd1fd8f2d55a94310500b6f920a2a628bbbef6ef97c62a2ce68
2026-09-01,2026-09-01 05:32:08,BTC-USD,BTC,78947.109375,18,2026-09-19,66104.25772193709,73742.8676305772,77474.41003520568,82249.11846135548,89359.42504783825,66104.25772193709,73742.8676305772,77474.41003520568,82249.11846135548,89359.42504783825,6,0,0.0,0.0,,1.0,1.0,run-2026-09-01T053208Z-bd2e6f0eba4a:shadow:BTC-USD:18,run-2026-09-01T053208Z-bd2e6f0eba4a,sha256:a1659e61cc79dbd1fd8f2d55a94310500b6f920a2a628bbbef6ef97c62a2ce68
2026-09-01,2026-09-01 05:32:08,BTC-USD,BTC,78947.109375,19,2026-09-20,67977.04382341153,72484.98340667637,78316.99963003084,83344.84721925895,95258.34613598122,67977.04382341153,72484.98340667637,78316.99963003084,83344.84721925895,95258.34613598122,6,0,0.0,0.0,,1.0,1.0,run-2026-09-01T053208Z-bd2e6f0eba4a:shadow:BTC-USD:19,run-2026-09-01T053208Z-bd2e6f0eba4a,sha256:a1659e61cc79dbd1fd8f2d55a94310500b6f920a2a628bbbef6ef97c62a2ce68
2026-09-01,2026-09-01 05:32:08,BTC-USD,BTC,78947.109375,20,2026-09-21,66473.26402418205,72845.14591096315,78944.94935251436,82808.62588795775,95340.30225623513,66473.26402418205,72845.14591096315,78944.94935251436,82808.62588795775,95340.30225623513,6,0,0.0,0.0,,1.0,1.0,run-2026-09-01T053208Z-bd2e6f0eba4a:shadow:BTC-USD:20,run-2026-09-01T053208Z-bd2e6f0eba4a,sha256:a1659e61cc79dbd1fd8f2d55a94310500b6f920a2a628bbbef6ef97c62a2ce68
2026-09-01,2026-09-01 05:32:08,BTC-USD,BTC,78947.109375,21,2026-09-22,65465.03968879852,73956.61555000034,79307.74629578086,84022.0843937565,105343.69421562555,65465.03968879852,73956.61555000034,79307.74629578086,84022.0843937565,105343.69421562555,6,0,0.0,0.0,,1.0,1.0,run-2026-09-01T053208Z-bd2e6f0eba4a:shadow:BTC-USD:21,run-2026-09-01T053208Z-bd2e6f0eba4a,sha256:a1659e61cc79dbd1fd8f2d55a94310500b6f920a2a628bbbef6ef97c62a2ce68
2026-09-01,2026-09-01 05:32:08,BTC-USD,BTC,78947.109375,22,2026-09-23,60932.5708204894,72157.32988973573,79687.93095988163,88949.60593286547,98504.18648313388,60932.5708204894,72157.32988973573,79687.93095988163,88949.60593286547,98504.18648313388,6,0,0.0,0.0,,1.0,1.0,run-2026-09-01T053208Z-bd2e6f0eba4a:shadow:BTC-USD:22,run-2026-09-01T053208Z-bd2e6f0eba4a,sha256:a1659e61cc79dbd1fd8f2d55a94310500b6f920a2a628bbbef6ef97c62a2ce68
2026-09-01,2026-09-01 05:32:08,BTC-USD,BTC,78947.109375,23,2026-09-24,67637.85938152847,74436.22032667714,80738.40027289656,92380.04467033068,106281.92643848858,67637.85938152847,74436.22032667714,80738.40027289656,92380.04467033068,106281.92643848858,5,0,0.0,0.0,,1.0,1.0,run-2026-09-01T053208Z-bd2e6f0eba4a:shadow:BTC-USD:23,run-2026-09-01T053208Z-bd2e6f0eba4a,sha256:a1659e61cc79dbd1fd8f2d55a94310500b6f920a2a628bbbef6ef97c62a2ce68
2026-09-01,2026-09-01 05:32:08,BTC-USD,BTC,78947.109375,24,2026-09-25,64850.06798072368,75059.29858029309,84052.84964163098,91625.72766059676,111018.8419126145,64850.06798072368,75059.29858029309,84052.84964163098,91625.72766059676,111018.8419126145,5,0,0.0,0.0,,1.0,1.0,run-2026-09-01T053208Z-bd2e6f0eba4a:shadow:BTC-USD:24,run-2026-09-01T053208Z-bd2e6f0eba4a,sha256:a1659e61cc79dbd1fd8f2d55a94310500b6f920a2a628bbbef6ef97c62a2ce68
2026-09-01,2026-09-01 05:32:08,BTC-USD,BTC,78947.109375,25,2026-09-26,62807.10948149687,76133.57474548611,81474.42520562052,91249.69311157132,111674.58108169,62807.10948149687,76133.57474548611,81474.42520562052,91249.69311157132,111674.58108169,5,0,0.0,0.0,,1.0,1.0,run-2026-09-01T053208Z-bd2e6f0eba4a:shadow:BTC-USD:25,run-2026-09-01T053208Z-bd2e6f0eba4a,sha256:a1659e61cc79dbd1fd8f2d55a94310500b6f920a2a628bbbef6ef97c62a2ce68
2026-09-01,2026-09-01 05:32:08,BTC-USD,BTC,78947.109375,26,2026-09-27,59524.67695434653,74254.65550496407,84363.12456261298,90541.6559300213,112037.08918890108,59524.67695434653,74254.65550496407,84363.12456261298,90541.6559300213,112037.08918890108,5,0,0.0,0.0,,1.0,1.0,run-2026-09-01T053208Z-bd2e6f0eba4a:shadow:BTC-USD:26,run-2026-09-01T053208Z-bd2e6f0eba4a,sha256:a1659e61cc79dbd1fd8f2d55a94310500b6f920a2a628bbbef6ef97c62a2ce68
2026-09-01,2026-09-01 05:32:08,BTC-USD,BTC,78947.109375,27,2026-09-28,58827.58576861008,77022.23178793899,87215.72300830967,94626.47841626406,111465.86211178511,58827.58576861008,77022.23178793899,87215.72300830967,94626.47841626406,111465.86211178511,5,0,0.0,0.0,,1.0,1.0,run-2026-09-01T053208Z-bd2e6f0eba4a:shadow:BTC-USD:27,run-2026-09-01T053208Z-bd2e6f0eba4a,sha256:a1659e61cc79dbd1fd8f2d55a94310500b6f920a2a628bbbef6ef97c62a2ce68
2026-09-01,2026-09-01 05:32:08,BTC-USD,BTC,78947.109375,28,2026-09-29,55641.22418648506,76845.34006221982,85207.11449385654,96316.73948894578,112675.00338458287,55641.22418648506,76845.34006221982,85207.11449385654,96316.73948894578,112675.00338458287,5,0,0.0,0.0,,1.0,1.0,run-2026-09-01T053208Z-bd2e6f0eba4a:shadow:BTC-USD:28,run-2026-09-01T053208Z-bd2e6f0eba4a,sha256:a1659e61cc79dbd1fd8f2d55a94310500b6f920a2a628bbbef6ef97c62a2ce68
2026-09-01,2026-09-01 05:32:08,BTC-USD,BTC,78947.109375,29,2026-09-30,56194.34993925333,76153.04570024116,85645.91048159,95032.89314437346,119949.92823598484,56194.34993925333,76153.04570024116,85645.91048159,95032.89314437346,119949.92823598484,5,0,0.0,0.0,,1.0,1.0,run-2026-09-01T053208Z-bd2e6f0eba4a:shadow:BTC-USD:29,run-2026-09-01T053208Z-bd2e6f0eba4a,sha256:a1659e61cc79dbd1fd8f2d55a94310500b6f920a2a628bbbef6ef97c62a2ce68
2026-09-01,2026-09-01 05:32:08,BTC-USD,BTC,78947.109375,30,2026-10-01,53302.24203257337,73560.69199762262,82038.99432059519,94958.86707447669,111062.22328277046,53302.24203257337,73560.69199762262,82038.99432059519,94958.86707447669,111062.22328277046,4,0,0.0,0.0,,1.0,1.0,run-2026-09-01T053208Z-bd2e6f0eba4a:shadow:BTC-USD:30,run-2026-09-01T053208Z-bd2e6f0eba4a,sha256:a1659e61cc79dbd1fd8f2d55a94310500b6f920a2a628bbbef6ef97c62a2ce68
2026-09-01,2026-09-01 05:32:08,SOL-USD,SOL,103.93000030517578,0,2026-09-01,103.93000030517578,103.93000030517578,103.93000030517578,103.93000030517578,103.93000030517578,103.93000030517578,103.93000030517578,103.93000030517578,103.93000030517578,103.93000030517578,9,0,0.0,0.0,,1.0,1.0,run-2026-09-01T053208Z-bd2e6f0eba4a:shadow:SOL-USD:0,run-2026-09-01T053208Z-bd2e6f0eba4a,sha256:f76dfedec28f6786676c8032fd7d995d2430f454c0678cf8fa354704ce0cdf1a
2026-09-01,2026-09-01 05:32:08,SOL-USD,SOL,103.93000030517578,1,2026-09-02,95.91880407536073,100.55831971433612,102.44497164833818,106.28209969470409,109.36603360023376,95.91880407536073,100.55831971433612,102.44497164833818,106.28209969470409,109.36603360023376,9,0,0.0,0.0,,1.0,1.0,run-2026-09-01T053208Z-bd2e6f0eba4a:shadow:SOL-USD:1,run-2026-09-01T053208Z-bd2e6f0eba4a,sha256:f76dfedec28f6786676c8032fd7d995d2430f454c0678cf8fa354704ce0cdf1a
2026-09-01,2026-09-01 05:32:08,SOL-USD,SOL,103.93000030517578,2,2026-09-03,94.1571186711422,99.89061671119724,103.37683112236026,109.44967268015928,115.0166023441434,94.1571186711422,99.89061671119724,103.37683112236026,109.44967268015928,115.0166023441434,8,0,0.0,0.0,,1.0,1.0,run-2026-09-01T053208Z-bd2e6f0eba4a:shadow:SOL-USD:2,run-2026-09-01T053208Z-bd2e6f0eba4a,sha256:f76dfedec28f6786676c8032fd7d995d2430f454c0678cf8fa354704ce0cdf1a
2026-09-01,2026-09-01 05:32:08,SOL-USD,SOL,103.93000030517578,3,2026-09-04,92.89237910325704,99.1292642976287,103.31181882129503,110.81053666237156,113.4849171179064,92.89237910325704,99.1292642976287,103.31181882129503,110.81053666237156,113.4849171179064,8,0,0.0,0.0,,1.0,1.0,run-2026-09-01T053208Z-bd2e6f0eba4a:shadow:SOL-USD:3,run-2026-09-01T053208Z-bd2e6f0eba4a,sha256:f76dfedec28f6786676c8032fd7d995d2430f454c0678cf8fa354704ce0cdf1a
2026-09-01,2026-09-01 05:32:08,SOL-USD,SOL,103.93000030517578,4,2026-09-05,96.74224847678354,98.741837365952,103.10463286621332,110.32796015915132,126.2181132587688,96.74224847678354,98.741837365952,103.10463286621332,110.32796015915132,126.2181132587688,8,0,0.0,0.0,,1.0,1.0,run-2026-09-01T053208Z-bd2e6f0eba4a:shadow:SOL-USD:4,run-2026-09-01T053208Z-bd2e6f0eba4a,sha256:f76dfedec28f6786676c8032fd7d995d2430f454c0678cf8fa354704ce0cdf1a
2026-09-01,2026-09-01 05:32:08,SOL-USD,SOL,103.93000030517578,5,2026-09-06,89.29981220403442,93.26023332028,102.066870830647,113.8427654489027,138.84837967611494,89.29981220403442,93.26023332028,102.066870830647,113.8427654489027,138.84837967611494,8,0,0.0,0.0,,1.0,1.0,run-2026-09-01T053208Z-bd2e6f0eba4a:shadow:SOL-USD:5,run-2026-09-01T053208Z-bd2e6f0eba4a,sha256:f76dfedec28f6786676c8032fd7d995d2430f454c0678cf8fa354704ce0cdf1a
2026-09-01,2026-09-01 05:32:08,SOL-USD,SOL,103.93000030517578,6,2026-09-07,84.06619394515332,91.90528747937736,99.653014498605,109.42121256010311,143.22873264485793,84.06619394515332,91.90528747937736,99.653014498605,109.42121256010311,143.22873264485793,8,0,0.0,0.0,,1.0,1.0,run-2026-09-01T053208Z-bd2e6f0eba4a:shadow:SOL-USD:6,run-2026-09-01T053208Z-bd2e6f0eba4a,sha256:f76dfedec28f6786676c8032fd7d995d2430f454c0678cf8fa354704ce0cdf1a
2026-09-01,2026-09-01 05:32:08,SOL-USD,SOL,103.93000030517578,7,2026-09-08,85.63004515030931,92.59449377380554,100.84288919220852,108.869409786283,138.47979122102294,85.63004515030931,92.59449377380554,100.84288919220852,108.869409786283,138.47979122102294,8,0,0.0,0.0,,1.0,1.0,run-2026-09-01T053208Z-bd2e6f0eba4a:shadow:SOL-USD:7,run-2026-09-01T053208Z-bd2e6f0eba4a,sha256:f76dfedec28f6786676c8032fd7d995d2430f454c0678cf8fa354704ce0cdf1a
2026-09-01,2026-09-01 05:32:08,SOL-USD,SOL,103.93000030517578,8,2026-09-09,86.58037976532034,93.57371558185513,98.27299564001434,110.86823346577036,138.88847843959363,86.58037976532034,93.57371558185513,98.27299564001434,110.86823346577036,138.88847843959363,8,0,0.0,0.0,,1.0,1.0,run-2026-09-01T053208Z-bd2e6f0eba4a:shadow:SOL-USD:8,run-2026-09-01T053208Z-bd2e6f0eba4a,sha256:f76dfedec28f6786676c8032fd7d995d2430f454c0678cf8fa354704ce0cdf1a
2026-09-01,2026-09-01 05:32:08,SOL-USD,SOL,103.93000030517578,9,2026-09-10,83.98572967936789,92.58749197698728,101.1306278338868,108.8783426720394,151.9364729485866,83.98572967936789,92.58749197698728,101.1306278338868,108.8783426720394,151.9364729485866,7,0,0.0,0.0,,1.0,1.0,run-2026-09-01T053208Z-bd2e6f0eba4a:shadow:SOL-USD:9,run-2026-09-01T053208Z-bd2e6f0eba4a,sha256:f76dfedec28f6786676c8032fd7d995d2430f454c0678cf8fa354704ce0cdf1a
2026-09-01,2026-09-01 05:32:08,SOL-USD,SOL,103.93000030517578,10,2026-09-11,80.72500834872832,92.85119529707536,101.78128318425904,110.04805115103902,156.7137321562991,80.72500834872832,92.85119529707536,101.78128318425904,110.04805115103902,156.7137321562991,7,0,0.0,0.0,,1.0,1.0,run-2026-09-01T053208Z-bd2e6f0eba4a:shadow:SOL-USD:10,run-2026-09-01T053208Z-bd2e6f0eba4a,sha256:f76dfedec28f6786676c8032fd7d995d2430f454c0678cf8fa354704ce0cdf1a
2026-09-01,2026-09-01 05:32:08,SOL-USD,SOL,103.93000030517578,11,2026-09-12,84.00149824673832,90.93239354482306,101.70771893182128,108.58836643995645,155.9511023709794,84.00149824673832,90.93239354482306,101.70771893182128,108.58836643995645,155.9511023709794,7,0,0.0,0.0,,1.0,1.0,run-2026-09-01T053208Z-bd2e6f0eba4a:shadow:SOL-USD:11,run-2026-09-01T053208Z-bd2e6f0eba4a,sha256:f76dfedec28f6786676c8032fd7d995d2430f454c0678cf8fa354704ce0cdf1a
2026-09-01,2026-09-01 05:32:08,SOL-USD,SOL,103.93000030517578,12,2026-09-13,84.45460412903842,93.39021286993491,102.77605662263724,108.81300572073012,139.05432253059843,84.45460412903842,93.39021286993491,102.77605662263724,108.81300572073012,139.05432253059843,7,0,0.0,0.0,,1.0,1.0,run-2026-09-01T053208Z-bd2e6f0eba4a:shadow:SOL-USD:12,run-2026-09-01T053208Z-bd2e6f0eba4a,sha256:f76dfedec28f6786676c8032fd7d995d2430f454c0678cf8fa354704ce0cdf1a
2026-09-01,2026-09-01 05:32:08,SOL-USD,SOL,103.93000030517578,13,2026-09-14,83.08055443657783,92.3482568648872,103.5529439298924,119.79067612123724,136.74123488825083,83.08055443657783,92.3482568648872,103.5529439298924,119.79067612123724,136.74123488825083,7,0,0.0,0.0,,1.0,1.0,run-2026-09-01T053208Z-bd2e6f0eba4a:shadow:SOL-USD:13,run-2026-09-01T053208Z-bd2e6f0eba4a,sha256:f76dfedec28f6786676c8032fd7d995d2430f454c0678cf8fa354704ce0cdf1a
2026-09-01,2026-09-01 05:32:08,SOL-USD,SOL,103.93000030517578,14,2026-09-15,83.2038875516013,93.25487647237972,102.71072804224886,114.17031281511092,139.58433562958052,83.2038875516013,93.25487647237972,102.71072804224886,114.17031281511092,139.58433562958052,7,0,0.0,0.0,,1.0,1.0,run-2026-09-01T053208Z-bd2e6f0eba4a:shadow:SOL-USD:14,run-2026-09-01T053208Z-bd2e6f0eba4a,sha256:f76dfedec28f6786676c8032fd7d995d2430f454c0678cf8fa354704ce0cdf1a
2026-09-01,2026-09-01 05:32:08,SOL-USD,SOL,103.93000030517578,15,2026-09-16,85.50223091678731,95.43061108481368,104.6581773241718,112.25130424734898,147.66272769276597,85.50223091678731,95.43061108481368,104.6581773241718,112.25130424734898,147.66272769276597,7,0,0.0,0.0,,1.0,1.0,run-2026-09-01T053208Z-bd2e6f0eba4a:shadow:SOL-USD:15,run-2026-09-01T053208Z-bd2e6f0eba4a,sha256:f76dfedec28f6786676c8032fd7d995d2430f454c0678cf8fa354704ce0cdf1a
2026-09-01,2026-09-01 05:32:08,SOL-USD,SOL,103.93000030517578,16,2026-09-17,84.1436873522771,92.9346199652556,104.62266156453376,112.61690218120005,156.9015534518903,84.1436873522771,92.9346199652556,104.62266156453376,112.61690218120005,156.9015534518903,6,0,0.0,0.0,,1.0,1.0,run-2026-09-01T053208Z-bd2e6f0eba4a:shadow:SOL-USD:16,run-2026-09-01T053208Z-bd2e6f0eba4a,sha256:f76dfedec28f6786676c8032fd7d995d2430f454c0678cf8fa354704ce0cdf1a
2026-09-01,2026-09-01 05:32:08,SOL-USD,SOL,103.93000030517578,17,2026-09-18,78.23841862445093,96.43358777319844,104.2471976591194,120.73336060125445,146.22579534658834,78.23841862445093,96.43358777319844,104.2471976591194,120.73336060125445,146.22579534658834,6,0,0.0,0.0,,1.0,1.0,run-2026-09-01T053208Z-bd2e6f0eba4a:shadow:SOL-USD:17,run-2026-09-01T053208Z-bd2e6f0eba4a,sha256:f76dfedec28f6786676c8032fd7d995d2430f454c0678cf8fa354704ce0cdf1a
2026-09-01,2026-09-01 05:32:08,SOL-USD,SOL,103.93000030517578,18,2026-09-19,82.9357375406808,92.67729779224176,107.67847866012217,130.8580982544412,165.42950089928246,82.9357375406808,92.67729779224176,107.67847866012217,130.8580982544412,165.42950089928246,6,0,0.0,0.0,,1.0,1.0,run-2026-09-01T053208Z-bd2e6f0eba4a:shadow:SOL-USD:18,run-2026-09-01T053208Z-bd2e6f0eba4a,sha256:f76dfedec28f6786676c8032fd7d995d2430f454c0678cf8fa354704ce0cdf1a
2026-09-01,2026-09-01 05:32:08,SOL-USD,SOL,103.93000030517578,19,2026-09-20,86.29890552440472,94.347785947283,105.92541333852368,123.89848132171149,161.87312244502093,86.29890552440472,94.347785947283,105.92541333852368,123.89848132171149,161.87312244502093,6,0,0.0,0.0,,1.0,1.0,run-2026-09-01T053208Z-bd2e6f0eba4a:shadow:SOL-USD:19,run-2026-09-01T053208Z-bd2e6f0eba4a,sha256:f76dfedec28f6786676c8032fd7d995d2430f454c0678cf8fa354704ce0cdf1a
2026-09-01,2026-09-01 05:32:08,SOL-USD,SOL,103.93000030517578,20,2026-09-21,87.79976497984848,94.32499090823592,108.6990454498834,121.25182378750958,177.57499451756289,87.79976497984848,94.32499090823592,108.6990454498834,121.25182378750958,177.57499451756289,6,0,0.0,0.0,,1.0,1.0,run-2026-09-01T053208Z-bd2e6f0eba4a:shadow:SOL-USD:20,run-2026-09-01T053208Z-bd2e6f0eba4a,sha256:f76dfedec28f6786676c8032fd7d995d2430f454c0678cf8fa354704ce0cdf1a
2026-09-01,2026-09-01 05:32:08,SOL-USD,SOL,103.93000030517578,21,2026-09-22,78.58291608526676,94.57505806494164,111.87650052997134,120.12795470153075,182.8742665579472,78.58291608526676,94.57505806494164,111.87650052997134,120.12795470153075,182.8742665579472,6,0,0.0,0.0,,1.0,1.0,run-2026-09-01T053208Z-bd2e6f0eba4a:shadow:SOL-USD:21,run-2026-09-01T053208Z-bd2e6f0eba4a,sha256:f76dfedec28f6786676c8032fd7d995d2430f454c0678cf8fa354704ce0cdf1a
2026-09-01,2026-09-01 05:32:08,SOL-USD,SOL,103.93000030517578,22,2026-09-23,69.92403547212368,96.52713946979291,111.64921656201292,121.94878140961576,188.94118722182137,69.92403547212368,96.52713946979291,111.64921656201292,121.94878140961576,188.94118722182137,6,0,0.0,0.0,,1.0,1.0,run-2026-09-01T053208Z-bd2e6f0eba4a:shadow:SOL-USD:22,run-2026-09-01T053208Z-bd2e6f0eba4a,sha256:f76dfedec28f6786676c8032fd7d995d2430f454c0678cf8fa354704ce0cdf1a
2026-09-01,2026-09-01 05:32:08,SOL-USD,SOL,103.93000030517578,23,2026-09-24,69.01409543087934,98.5443956337371,112.35056861938575,142.21235459676714,176.2462353305825,69.01409543087934,98.5443956337371,112.35056861938575,142.21235459676714,176.2462353305825,5,0,0.0,0.0,,1.0,1.0,run-2026-09-01T053208Z-bd2e6f0eba4a:shadow:SOL-USD:23,run-2026-09-01T053208Z-bd2e6f0eba4a,sha256:f76dfedec28f6786676c8032fd7d995d2430f454c0678cf8fa354704ce0cdf1a
2026-09-01,2026-09-01 05:32:08,SOL-USD,SOL,103.93000030517578,24,2026-09-25,74.62317568521809,97.0128461419546,112.82286035289232,153.23059077728615,184.21406438251933,74.62317568521809,97.0128461419546,112.82286035289232,153.23059077728615,184.21406438251933,5,0,0.0,0.0,,1.0,1.0,run-2026-09-01T053208Z-bd2e6f0eba4a:shadow:SOL-USD:24,run-2026-09-01T053208Z-bd2e6f0eba4a,sha256:f76dfedec28f6786676c8032fd7d995d2430f454c0678cf8fa354704ce0cdf1a
2026-09-01,2026-09-01 05:32:08,SOL-USD,SOL,103.93000030517578,25,2026-09-26,72.10806778482345,95.54067869022208,108.17366037366088,150.08344642477007,184.5680198823445,72.10806778482345,95.54067869022208,108.17366037366088,150.08344642477007,184.5680198823445,5,0,0.0,0.0,,1.0,1.0,run-2026-09-01T053208Z-bd2e6f0eba4a:shadow:SOL-USD:25,run-2026-09-01T053208Z-bd2e6f0eba4a,sha256:f76dfedec28f6786676c8032fd7d995d2430f454c0678cf8fa354704ce0cdf1a
2026-09-01,2026-09-01 05:32:08,SOL-USD,SOL,103.93000030517578,26,2026-09-27,71.18692273487629,90.70493523726064,111.05262486435318,148.1990123502895,186.68655838045476,71.18692273487629,90.70493523726064,111.05262486435318,148.1990123502895,186.68655838045476,5,0,0.0,0.0,,1.0,1.0,run-2026-09-01T053208Z-bd2e6f0eba4a:shadow:SOL-USD:26,run-2026-09-01T053208Z-bd2e6f0eba4a,sha256:f76dfedec28f6786676c8032fd7d995d2430f454c0678cf8fa354704ce0cdf1a
2026-09-01,2026-09-01 05:32:08,SOL-USD,SOL,103.93000030517578,27,2026-09-28,70.03181635278939,91.90028435864184,115.18939233188928,148.9660274051874,201.9766251908751,70.03181635278939,91.90028435864184,115.18939233188928,148.9660274051874,201.9766251908751,5,0,0.0,0.0,,1.0,1.0,run-2026-09-01T053208Z-bd2e6f0eba4a:shadow:SOL-USD:27,run-2026-09-01T053208Z-bd2e6f0eba4a,sha256:f76dfedec28f6786676c8032fd7d995d2430f454c0678cf8fa354704ce0cdf1a
2026-09-01,2026-09-01 05:32:08,SOL-USD,SOL,103.93000030517578,28,2026-09-29,70.95835430065843,94.113672489252,111.14325332950256,146.29069583832623,214.49755938923371,70.95835430065843,94.113672489252,111.14325332950256,146.29069583832623,214.49755938923371,5,0,0.0,0.0,,1.0,1.0,run-2026-09-01T053208Z-bd2e6f0eba4a:shadow:SOL-USD:28,run-2026-09-01T053208Z-bd2e6f0eba4a,sha256:f76dfedec28f6786676c8032fd7d995d2430f454c0678cf8fa354704ce0cdf1a
2026-09-01,2026-09-01 05:32:08,SOL-USD,SOL,103.93000030517578,29,2026-09-30,70.29387817888086,96.53160520403084,108.66499938833134,144.75497018345632,201.49619501796107,70.29387817888086,96.53160520403084,108.66499938833134,144.75497018345632,201.49619501796107,5,0,0.0,0.0,,1.0,1.0,run-2026-09-01T053208Z-bd2e6f0eba4a:shadow:SOL-USD:29,run-2026-09-01T053208Z-bd2e6f0eba4a,sha256:f76dfedec28f6786676c8032fd7d995d2430f454c0678cf8fa354704ce0cdf1a
2026-09-01,2026-09-01 05:32:08,SOL-USD,SOL,103.93000030517578,30,2026-10-01,69.87212493545739,95.03119983563175,109.4022782687114,146.9704203150473,208.10764344527584,69.87212493545739,95.03119983563175,109.4022782687114,146.9704203150473,208.10764344527584,4,0,0.0,0.0,,1.0,1.0,run-2026-09-01T053208Z-bd2e6f0eba4a:shadow:SOL-USD:30,run-2026-09-01T053208Z-bd2e6f0eba4a,sha256:f76dfedec28f6786676c8032fd7d995d2430f454c0678cf8fa354704ce0cdf1a
2026-09-01,2026-09-01 05:32:08,DOGE-USD,DOGE,0.0833799988031387,0,2026-09-01,0.0833799988031387,0.0833799988031387,0.0833799988031387,0.0833799988031387,0.0833799988031387,0.0833799988031387,0.0833799988031387,0.0833799988031387,0.0833799988031387,0.0833799988031387,9,0,0.0,0.0,,1.0,1.0,run-2026-09-01T053208Z-bd2e6f0eba4a:shadow:DOGE-USD:0,run-2026-09-01T053208Z-bd2e6f0eba4a,sha256:67765fdd99f4a487c50ab16997d2b35e7e824846c6e1cadd2bbff608dd65eb92
2026-09-01,2026-09-01 05:32:08,DOGE-USD,DOGE,0.0833799988031387,1,2026-09-02,0.076131514585501,0.0803229611791772,0.0834487399379778,0.0855734208504353,0.0903458673370949,0.076131514585501,0.0803229611791772,0.0834487399379778,0.0855734208504353,0.0903458673370949,9,0,0.0,0.0,,1.0,1.0,run-2026-09-01T053208Z-bd2e6f0eba4a:shadow:DOGE-USD:1,run-2026-09-01T053208Z-bd2e6f0eba4a,sha256:67765fdd99f4a487c50ab16997d2b35e7e824846c6e1cadd2bbff608dd65eb92
2026-09-01,2026-09-01 05:32:08,DOGE-USD,DOGE,0.0833799988031387,2,2026-09-03,0.0766127638247006,0.0795586770809595,0.0838960368569361,0.0890018723981041,0.0936265715656453,0.0766127638247006,0.0795586770809595,0.0838960368569361,0.0890018723981041,0.0936265715656453,8,0,0.0,0.0,,1.0,1.0,run-2026-09-01T053208Z-bd2e6f0eba4a:shadow:DOGE-USD:2,run-2026-09-01T053208Z-bd2e6f0eba4a,sha256:67765fdd99f4a487c50ab16997d2b35e7e824846c6e1cadd2bbff608dd65eb92
2026-09-01,2026-09-01 05:32:08,DOGE-USD,DOGE,0.0833799988031387,3,2026-09-04,0.0738954461552895,0.0791511809079894,0.0841311682890824,0.0896906324429824,0.0947696620852216,0.0738954461552895,0.0791511809079894,0.0841311682890824,0.0896906324429824,0.0947696620852216,8,0,0.0,0.0,,1.0,1.0,run-2026-09-01T053208Z-bd2e6f0eba4a:shadow:DOGE-USD:3,run-2026-09-01T053208Z-bd2e6f0eba4a,sha256:67765fdd99f4a487c50ab16997d2b35e7e824846c6e1cadd2bbff608dd65eb92
2026-09-01,2026-09-01 05:32:08,DOGE-USD,DOGE,0.0833799988031387,4,2026-09-05,0.0771322303298635,0.0805418815224025,0.0847141741654828,0.0910580499823131,0.1084507156507843,0.0771322303298635,0.0805418815224025,0.0847141741654828,0.0910580499823131,0.1084507156507843,8,0,0.0,0.0,,1.0,1.0,run-2026-09-01T053208Z-bd2e6f0eba4a:shadow:DOGE-USD:4,run-2026-09-01T053208Z-bd2e6f0eba4a,sha256:67765fdd99f4a487c50ab16997d2b35e7e824846c6e1cadd2bbff608dd65eb92
2026-09-01,2026-09-01 05:32:08,DOGE-USD,DOGE,0.0833799988031387,5,2026-09-06,0.0746985848491625,0.080964823524535,0.0885627566427591,0.0933640802293442,0.1108015536122482,0.0746985848491625,0.080964823524535,0.0885627566427591,0.0933640802293442,0.1108015536122482,8,0,0.0,0.0,,1.0,1.0,run-2026-09-01T053208Z-bd2e6f0eba4a:shadow:DOGE-USD:5,run-2026-09-01T053208Z-bd2e6f0eba4a,sha256:67765fdd99f4a487c50ab16997d2b35e7e824846c6e1cadd2bbff608dd65eb92
2026-09-01,2026-09-01 05:32:08,DOGE-USD,DOGE,0.0833799988031387,6,2026-09-07,0.0738036910021111,0.0791745174533786,0.0844872286007093,0.0969908819131287,0.1101749927566383,0.0738036910021111,0.0791745174533786,0.0844872286007093,0.0969908819131287,0.1101749927566383,8,0,0.0,0.0,,1.0,1.0,run-2026-09-01T053208Z-bd2e6f0eba4a:shadow:DOGE-USD:6,run-2026-09-01T053208Z-bd2e6f0eba4a,sha256:67765fdd99f4a487c50ab16997d2b35e7e824846c6e1cadd2bbff608dd65eb92
2026-09-01,2026-09-01 05:32:08,DOGE-USD,DOGE,0.0833799988031387,7,2026-09-08,0.0723924147419036,0.0774389225463309,0.0867185122135646,0.0994246598855421,0.1086800734199094,0.0723924147419036,0.0774389225463309,0.0867185122135646,0.0994246598855421,0.1086800734199094,8,0,0.0,0.0,,1.0,1.0,run-2026-09-01T053208Z-bd2e6f0eba4a:shadow:DOGE-USD:7,run-2026-09-01T053208Z-bd2e6f0eba4a,sha256:67765fdd99f4a487c50ab16997d2b35e7e824846c6e1cadd2bbff608dd65eb92
2026-09-01,2026-09-01 05:32:08,DOGE-USD,DOGE,0.0833799988031387,8,2026-09-09,0.0728560459552324,0.0778286549952042,0.0846784093354403,0.0918017544323023,0.105687759210333,0.0728560459552324,0.0778286549952042,0.0846784093354403,0.0918017544323023,0.105687759210333,8,0,0.0,0.0,,1.0,1.0,run-2026-09-01T053208Z-bd2e6f0eba4a:shadow:DOGE-USD:8,run-2026-09-01T053208Z-bd2e6f0eba4a,sha256:67765fdd99f4a487c50ab16997d2b35e7e824846c6e1cadd2bbff608dd65eb92
2026-09-01,2026-09-01 05:32:08,DOGE-USD,DOGE,0.0833799988031387,9,2026-09-10,0.0742916124761267,0.0792124784671378,0.0853593795415721,0.0966196449243849,0.1089640289763927,0.0742916124761267,0.0792124784671378,0.0853593795415721,0.0966196449243849,0.1089640289763927,7,0,0.0,0.0,,1.0,1.0,run-2026-09-01T053208Z-bd2e6f0eba4a:shadow:DOGE-USD:9,run-2026-09-01T053208Z-bd2e6f0eba4a,sha256:67765fdd99f4a487c50ab16997d2b35e7e824846c6e1cadd2bbff608dd65eb92
2026-09-01,2026-09-01 05:32:08,DOGE-USD,DOGE,0.0833799988031387,10,2026-09-11,0.0715064878311622,0.0780259594919977,0.0857518824655081,0.0940707420972525,0.1079369118456036,0.0715064878311622,0.0780259594919977,0.0857518824655081,0.0940707420972525,0.1079369118456036,7,0,0.0,0.0,,1.0,1.0,run-2026-09-01T053208Z-bd2e6f0eba4a:shadow:DOGE-USD:10,run-2026-09-01T053208Z-bd2e6f0eba4a,sha256:67765fdd99f4a487c50ab16997d2b35e7e824846c6e1cadd2bbff608dd65eb92
2026-09-01,2026-09-01 05:32:08,DOGE-USD,DOGE,0.0833799988031387,11,2026-09-12,0.0735546112809327,0.0773515898619274,0.0850342184646543,0.0929173439380067,0.1126470613258287,0.0735546112809327,0.0773515898619274,0.0850342184646543,0.0929173439380067,0.1126470613258287,7,0,0.0,0.0,,1.0,1.0,run-2026-09-01T053208Z-bd2e6f0eba4a:shadow:DOGE-USD:11,run-2026-09-01T053208Z-bd2e6f0eba4a,sha256:67765fdd99f4a487c50ab16997d2b35e7e824846c6e1cadd2bbff608dd65eb92
2026-09-01,2026-09-01 05:32:08,DOGE-USD,DOGE,0.0833799988031387,12,2026-09-13,0.0682779493388849,0.0778201825303571,0.0851560163343987,0.0942210732550512,0.1080350538951588,0.0682779493388849,0.0778201825303571,0.0851560163343987,0.0942210732550512,0.1080350538951588,7,0,0.0,0.0,,1.0,1.0,run-2026-09-01T053208Z-bd2e6f0eba4a:shadow:DOGE-USD:12,run-2026-09-01T053208Z-bd2e6f0eba4a,sha256:67765fdd99f4a487c50ab16997d2b35e7e824846c6e1cadd2bbff608dd65eb92
2026-09-01,2026-09-01 05:32:08,DOGE-USD,DOGE,0.0833799988031387,13,2026-09-14,0.0717307682483255,0.0785703882972804,0.0859294773602304,0.0941607862241273,0.1105859657972,0.0717307682483255,0.0785703882972804,0.0859294773602304,0.0941607862241273,0.1105859657972,7,0,0.0,0.0,,1.0,1.0,run-2026-09-01T053208Z-bd2e6f0eba4a:shadow:DOGE-USD:13,run-2026-09-01T053208Z-bd2e6f0eba4a,sha256:67765fdd99f4a487c50ab16997d2b35e7e824846c6e1cadd2bbff608dd65eb92
2026-09-01,2026-09-01 05:32:08,DOGE-USD,DOGE,0.0833799988031387,14,2026-09-15,0.0697446038978712,0.0793865131780419,0.0863387176553033,0.0956252462197588,0.1038409409201381,0.0697446038978712,0.0793865131780419,0.0863387176553033,0.0956252462197588,0.1038409409201381,7,0,0.0,0.0,,1.0,1.0,run-2026-09-01T053208Z-bd2e6f0eba4a:shadow:DOGE-USD:14,run-2026-09-01T053208Z-bd2e6f0eba4a,sha256:67765fdd99f4a487c50ab16997d2b35e7e824846c6e1cadd2bbff608dd65eb92
2026-09-01,2026-09-01 05:32:08,DOGE-USD,DOGE,0.0833799988031387,15,2026-09-16,0.0664190889341367,0.0767268690379783,0.0863426854880364,0.095377721586698,0.1083036586607242,0.0664190889341367,0.0767268690379783,0.0863426854880364,0.095377721586698,0.1083036586607242,7,0,0.0,0.0,,1.0,1.0,run-2026-09-01T053208Z-bd2e6f0eba4a:shadow:DOGE-USD:15,run-2026-09-01T053208Z-bd2e6f0eba4a,sha256:67765fdd99f4a487c50ab16997d2b35e7e824846c6e1cadd2bbff608dd65eb92
2026-09-01,2026-09-01 05:32:08,DOGE-USD,DOGE,0.0833799988031387,16,2026-09-17,0.0674291795491822,0.0757659423159939,0.0866750474415658,0.0970677985918232,0.1051221513029537,0.0674291795491822,0.0757659423159939,0.0866750474415658,0.0970677985918232,0.1051221513029537,6,0,0.0,0.0,,1.0,1.0,run-2026-09-01T053208Z-bd2e6f0eba4a:shadow:DOGE-USD:16,run-2026-09-01T053208Z-bd2e6f0eba4a,sha256:67765fdd99f4a487c50ab16997d2b35e7e824846c6e1cadd2bbff608dd65eb92
2026-09-01,2026-09-01 05:32:08,DOGE-USD,DOGE,0.0833799988031387,17,2026-09-18,0.0679487142559553,0.0756836696600904,0.0891211827503806,0.0955767101270784,0.113060626164808,0.0679487142559553,0.0756836696600904,0.0891211827503806,0.0955767101270784,0.113060626164808,6,0,0.0,0.0,,1.0,1.0,run-2026-09-01T053208Z-bd2e6f0eba4a:shadow:DOGE-USD:17,run-2026-09-01T053208Z-bd2e6f0eba4a,sha256:67765fdd99f4a487c50ab16997d2b35e7e824846c6e1cadd2bbff608dd65eb92
2026-09-01,2026-09-01 05:32:08,DOGE-USD,DOGE,0.0833799988031387,18,2026-09-19,0.067501415918765,0.074889802162059,0.0866909530655401,0.0994833379337961,0.1144716468370528,0.067501415918765,0.074889802162059,0.0866909530655401,0.0994833379337961,0.1144716468370528,6,0,0.0,0.0,,1.0,1.0,run-2026-09-01T053208Z-bd2e6f0eba4a:shadow:DOGE-USD:18,run-2026-09-01T053208Z-bd2e6f0eba4a,sha256:67765fdd99f4a487c50ab16997d2b35e7e824846c6e1cadd2bbff608dd65eb92
2026-09-01,2026-09-01 05:32:08,DOGE-USD,DOGE,0.0833799988031387,19,2026-09-20,0.0651501287945647,0.0745613383965566,0.0870787688862446,0.1006246159943773,0.1116974730154825,0.0651501287945647,0.0745613383965566,0.0870787688862446,0.1006246159943773,0.1116974730154825,6,0,0.0,0.0,,1.0,1.0,run-2026-09-01T053208Z-bd2e6f0eba4a:shadow:DOGE-USD:19,run-2026-09-01T053208Z-bd2e6f0eba4a,sha256:67765fdd99f4a487c50ab16997d2b35e7e824846c6e1cadd2bbff608dd65eb92
2026-09-01,2026-09-01 05:32:08,DOGE-USD,DOGE,0.0833799988031387,20,2026-09-21,0.0652573917244377,0.0742731342003019,0.0833288595491484,0.0962061057592669,0.1072054043613696,0.0652573917244377,0.0742731342003019,0.0833288595491484,0.0962061057592669,0.1072054043613696,6,0,0.0,0.0,,1.0,1.0,run-2026-09-01T053208Z-bd2e6f0eba4a:shadow:DOGE-USD:20,run-2026-09-01T053208Z-bd2e6f0eba4a,sha256:67765fdd99f4a487c50ab16997d2b35e7e824846c6e1cadd2bbff608dd65eb92
2026-09-01,2026-09-01 05:32:08,DOGE-USD,DOGE,0.0833799988031387,21,2026-09-22,0.0618659481266987,0.0717819783739782,0.0847608853067608,0.0951025288240706,0.1153213932262085,0.0618659481266987,0.0717819783739782,0.0847608853067608,0.0951025288240706,0.1153213932262085,6,0,0.0,0.0,,1.0,1.0,run-2026-09-01T053208Z-bd2e6f0eba4a:shadow:DOGE-USD:21,run-2026-09-01T053208Z-bd2e6f0eba4a,sha256:67765fdd99f4a487c50ab16997d2b35e7e824846c6e1cadd2bbff608dd65eb92
2026-09-01,2026-09-01 05:32:08,DOGE-USD,DOGE,0.0833799988031387,22,2026-09-23,0.064527323789357,0.0722668881699992,0.0869807411753423,0.0962010456652239,0.1187022203618276,0.064527323789357,0.0722668881699992,0.0869807411753423,0.0962010456652239,0.1187022203618276,6,0,0.0,0.0,,1.0,1.0,run-2026-09-01T053208Z-bd2e6f0eba4a:shadow:DOGE-USD:22,run-2026-09-01T053208Z-bd2e6f0eba4a,sha256:67765fdd99f4a487c50ab16997d2b35e7e824846c6e1cadd2bbff608dd65eb92
2026-09-01,2026-09-01 05:32:08,DOGE-USD,DOGE,0.0833799988031387,23,2026-09-24,0.0646791923092556,0.0704178252332086,0.0860794081675354,0.0947010378321194,0.1221521973802249,0.0646791923092556,0.0704178252332086,0.0860794081675354,0.0947010378321194,0.1221521973802249,5,0,0.0,0.0,,1.0,1.0,run-2026-09-01T053208Z-bd2e6f0eba4a:shadow:DOGE-USD:23,run-2026-09-01T053208Z-bd2e6f0eba4a,sha256:67765fdd99f4a487c50ab16997d2b35e7e824846c6e1cadd2bbff608dd65eb92
2026-09-01,2026-09-01 05:32:08,DOGE-USD,DOGE,0.0833799988031387,24,2026-09-25,0.0651998828163542,0.0698971325889913,0.0830967183690739,0.0931858519173818,0.1216081785603473,0.0651998828163542,0.0698971325889913,0.0830967183690739,0.0931858519173818,0.1216081785603473,5,0,0.0,0.0,,1.0,1.0,run-2026-09-01T053208Z-bd2e6f0eba4a:shadow:DOGE-USD:24,run-2026-09-01T053208Z-bd2e6f0eba4a,sha256:67765fdd99f4a487c50ab16997d2b35e7e824846c6e1cadd2bbff608dd65eb92
2026-09-01,2026-09-01 05:32:08,DOGE-USD,DOGE,0.0833799988031387,25,2026-09-26,0.0635138076989541,0.0700752554619516,0.0830986092764324,0.0944485072749839,0.128347530219117,0.0635138076989541,0.0700752554619516,0.0830986092764324,0.0944485072749839,0.128347530219117,5,0,0.0,0.0,,1.0,1.0,run-2026-09-01T053208Z-bd2e6f0eba4a:shadow:DOGE-USD:25,run-2026-09-01T053208Z-bd2e6f0eba4a,sha256:67765fdd99f4a487c50ab16997d2b35e7e824846c6e1cadd2bbff608dd65eb92
2026-09-01,2026-09-01 05:32:08,DOGE-USD,DOGE,0.0833799988031387,26,2026-09-27,0.0629891480269145,0.0707333200479347,0.0809484015193341,0.0954521291088421,0.1280435303485322,0.0629891480269145,0.0707333200479347,0.0809484015193341,0.0954521291088421,0.1280435303485322,5,0,0.0,0.0,,1.0,1.0,run-2026-09-01T053208Z-bd2e6f0eba4a:shadow:DOGE-USD:26,run-2026-09-01T053208Z-bd2e6f0eba4a,sha256:67765fdd99f4a487c50ab16997d2b35e7e824846c6e1cadd2bbff608dd65eb92
2026-09-01,2026-09-01 05:32:08,DOGE-USD,DOGE,0.0833799988031387,27,2026-09-28,0.061813434130474,0.0710551464778747,0.079558062606788,0.0960261855727128,0.124241943472061,0.061813434130474,0.0710551464778747,0.079558062606788,0.0960261855727128,0.124241943472061,5,0,0.0,0.0,,1.0,1.0,run-2026-09-01T053208Z-bd2e6f0eba4a:shadow:DOGE-USD:27,run-2026-09-01T053208Z-bd2e6f0eba4a,sha256:67765fdd99f4a487c50ab16997d2b35e7e824846c6e1cadd2bbff608dd65eb92
2026-09-01,2026-09-01 05:32:08,DOGE-USD,DOGE,0.0833799988031387,28,2026-09-29,0.0590144650354966,0.0686330041030336,0.0807083387557291,0.0993966944342814,0.1316274086247413,0.0590144650354966,0.0686330041030336,0.0807083387557291,0.0993966944342814,0.1316274086247413,5,0,0.0,0.0,,1.0,1.0,run-2026-09-01T053208Z-bd2e6f0eba4a:shadow:DOGE-USD:28,run-2026-09-01T053208Z-bd2e6f0eba4a,sha256:67765fdd99f4a487c50ab16997d2b35e7e824846c6e1cadd2bbff608dd65eb92
2026-09-01,2026-09-01 05:32:08,DOGE-USD,DOGE,0.0833799988031387,29,2026-09-30,0.0585923784971928,0.0690173580569737,0.0795045636002981,0.1050889403593674,0.1236103643388946,0.0585923784971928,0.0690173580569737,0.0795045636002981,0.1050889403593674,0.1236103643388946,5,0,0.0,0.0,,1.0,1.0,run-2026-09-01T053208Z-bd2e6f0eba4a:shadow:DOGE-USD:29,run-2026-09-01T053208Z-bd2e6f0eba4a,sha256:67765fdd99f4a487c50ab16997d2b35e7e824846c6e1cadd2bbff608dd65eb92
2026-09-01,2026-09-01 05:32:08,DOGE-USD,DOGE,0.0833799988031387,30,2026-10-01,0.0586829093892702,0.0679485937430285,0.079341318271671,0.1009178983825845,0.123502727259362,0.0586829093892702,0.0679485937430285,0.079341318271671,0.1009178983825845,0.123502727259362,4,0,0.0,0.0,,1.0,1.0,run-2026-09-01T053208Z-bd2e6f0eba4a:shadow:DOGE-USD:30,run-2026-09-01T053208Z-bd2e6f0eba4a,sha256:67765fdd99f4a487c50ab16997d2b35e7e824846c6e1cadd2bbff608dd65eb92
2026-09-02,2026-09-02 05:31:53,BTC-USD,BTC,77666.9921875,0,2026-09-02,77666.9921875,77666.9921875,77666.9921875,77666.9921875,77666.9921875,77666.9921875,77666.9921875,77666.9921875,77666.9921875,77666.9921875,9,0,0.0,0.0,,1.0,1.0,run-2026-09-02T053153Z-bf258b89b4c9:shadow:BTC-USD:0,run-2026-09-02T053153Z-bf258b89b4c9,sha256:e0cf014788aef34ba36a12f79e688d284e87a7be55f1e884c84b24ce5614a383
2026-09-02,2026-09-02 05:31:53,BTC-USD,BTC,77666.9921875,1,2026-09-03,73818.32568567926,75201.88505839511,77597.56010462629,78506.14749084746,80154.46256230507,73818.32568567926,75201.88505839511,77597.56010462629,78506.14749084746,80154.46256230507,9,0,0.0,0.0,,1.0,1.0,run-2026-09-02T053153Z-bf258b89b4c9:shadow:BTC-USD:1,run-2026-09-02T053153Z-bf258b89b4c9,sha256:e0cf014788aef34ba36a12f79e688d284e87a7be55f1e884c84b24ce5614a383
2026-09-02,2026-09-02 05:31:53,BTC-USD,BTC,77666.9921875,2,2026-09-04,70323.25471705427,74648.35682605833,77447.03309499379,79850.86632945284,81866.0710976484,70323.25471705427,74648.35682605833,77447.03309499379,79850.86632945284,81866.0710976484,9,0,0.0,0.0,,1.0,1.0,run-2026-09-02T053153Z-bf258b89b4c9:shadow:BTC-USD:2,run-2026-09-02T053153Z-bf258b89b4c9,sha256:e0cf014788aef34ba36a12f79e688d284e87a7be55f1e884c84b24ce5614a383
2026-09-02,2026-09-02 05:31:53,BTC-USD,BTC,77666.9921875,3,2026-09-05,70485.04145166415,73838.05478278139,76578.41716802274,79621.5120457188,83002.37910699614,70485.04145166415,73838.05478278139,76578.41716802274,79621.5120457188,83002.37910699614,8,0,0.0,0.0,,1.0,1.0,run-2026-09-02T053153Z-bf258b89b4c9:shadow:BTC-USD:3,run-2026-09-02T053153Z-bf258b89b4c9,sha256:e0cf014788aef34ba36a12f79e688d284e87a7be55f1e884c84b24ce5614a383
2026-09-02,2026-09-02 05:31:53,BTC-USD,BTC,77666.9921875,4,2026-09-06,72484.31762167605,74357.51866240228,77052.73759730757,79197.51182474862,83808.88629525455,72484.31762167605,74357.51866240228,77052.73759730757,79197.51182474862,83808.88629525455,8,0,0.0,0.0,,1.0,1.0,run-2026-09-02T053153Z-bf258b89b4c9:shadow:BTC-USD:4,run-2026-09-02T053153Z-bf258b89b4c9,sha256:e0cf014788aef34ba36a12f79e688d284e87a7be55f1e884c84b24ce5614a383
2026-09-02,2026-09-02 05:31:53,BTC-USD,BTC,77666.9921875,5,2026-09-07,67176.57098701135,71255.49730562643,73630.78321085406,77489.8966717785,79490.84417215535,67176.57098701135,71255.49730562643,73630.78321085406,77489.8966717785,79490.84417215535,8,0,0.0,0.0,,1.0,1.0,run-2026-09-02T053153Z-bf258b89b4c9:shadow:BTC-USD:5,run-2026-09-02T053153Z-bf258b89b4c9,sha256:e0cf014788aef34ba36a12f79e688d284e87a7be55f1e884c84b24ce5614a383
2026-09-02,2026-09-02 05:31:53,BTC-USD,BTC,77666.9921875,6,2026-09-08,65583.84477285467,69373.05625260061,74749.64795132904,77709.99747778036,82241.89717466231,65583.84477285467,69373.05625260061,74749.64795132904,77709.99747778036,82241.89717466231,8,0,0.0,0.0,,1.0,1.0,run-2026-09-02T053153Z-bf258b89b4c9:shadow:BTC-USD:6,run-2026-09-02T053153Z-bf258b89b4c9,sha256:e0cf014788aef34ba36a12f79e688d284e87a7be55f1e884c84b24ce5614a383
2026-09-02,2026-09-02 05:31:53,BTC-USD,BTC,77666.9921875,7,2026-09-09,68503.47028071311,70839.48917211349,74154.14551608358,78263.71104653098,80871.5626261272,68503.47028071311,70839.48917211349,74154.14551608358,78263.71104653098,80871.5626261272,8,0,0.0,0.0,,1.0,1.0,run-2026-09-02T053153Z-bf258b89b4c9:shadow:BTC-USD:7,run-2026-09-02T053153Z-bf258b89b4c9,sha256:e0cf014788aef34ba36a12f79e688d284e87a7be55f1e884c84b24ce5614a383
2026-09-02,2026-09-02 05:31:53,BTC-USD,BTC,77666.9921875,8,2026-09-10,68152.04580458897,71209.05020518445,74231.56610688803,77440.55111025425,82595.090074241,68152.04580458897,71209.05020518445,74231.56610688803,77440.55111025425,82595.090074241,8,0,0.0,0.0,,1.0,1.0,run-2026-09-02T053153Z-bf258b89b4c9:shadow:BTC-USD:8,run-2026-09-02T053153Z-bf258b89b4c9,sha256:e0cf014788aef34ba36a12f79e688d284e87a7be55f1e884c84b24ce5614a383
2026-09-02,2026-09-02 05:31:53,BTC-USD,BTC,77666.9921875,9,2026-09-11,68843.996932861,71467.09120224687,74866.5521583303,79326.86644604783,83388.49863340968,68843.996932861,71467.09120224687,74866.5521583303,79326.86644604783,83388.49863340968,8,0,0.0,0.0,,1.0,1.0,run-2026-09-02T053153Z-bf258b89b4c9:shadow:BTC-USD:9,run-2026-09-02T053153Z-bf258b89b4c9,sha256:e0cf014788aef34ba36a12f79e688d284e87a7be55f1e884c84b24ce5614a383
2026-09-02,2026-09-02 05:31:53,BTC-USD,BTC,77666.9921875,10,2026-09-12,65882.89419231276,70354.59801942372,75656.96740822532,78797.6354956047,81758.34828679172,65882.89419231276,70354.59801942372,75656.96740822532,78797.6354956047,81758.34828679172,7,0,0.0,0.0,,1.0,1.0,run-2026-09-02T053153Z-bf258b89b4c9:shadow:BTC-USD:10,run-2026-09-02T053153Z-bf258b89b4c9,sha256:e0cf014788aef34ba36a12f79e688d284e87a7be55f1e884c84b24ce5614a383
2026-09-02,2026-09-02 05:31:53,BTC-USD,BTC,77666.9921875,11,2026-09-13,64349.99533749993,70226.88112949437,74523.74044106161,77936.73694512021,81720.30297888955,64349.99533749993,70226.88112949437,74523.74044106161,77936.73694512021,81720.30297888955,7,0,0.0,0.0,,1.0,1.0,run-2026-09-02T053153Z-bf258b89b4c9:shadow:BTC-USD:11,run-2026-09-02T053153Z-bf258b89b4c9,sha256:e0cf014788aef34ba36a12f79e688d284e87a7be55f1e884c84b24ce5614a383
2026-09-02,2026-09-02 05:31:53,BTC-USD,BTC,77666.9921875,12,2026-09-14,66022.4874436797,71222.91722689933,75134.35811230121,78913.54625941893,81995.23101789142,66022.4874436797,71222.91722689933,75134.35811230121,78913.54625941893,81995.23101789142,7,0,0.0,0.0,,1.0,1.0,run-2026-09-02T053153Z-bf258b89b4c9:shadow:BTC-USD:12,run-2026-09-02T053153Z-bf258b89b4c9,sha256:e0cf014788aef34ba36a12f79e688d284e87a7be55f1e884c84b24ce5614a383
2026-09-02,2026-09-02 05:31:53,BTC-USD,BTC,77666.9921875,13,2026-09-15,66166.83073994395,71530.11036060924,75278.46676184061,77970.95970061987,84276.93720336661,66166.83073994395,71530.11036060924,75278.46676184061,77970.95970061987,84276.93720336661,7,0,0.0,0.0,,1.0,1.0,run-2026-09-02T053153Z-bf258b89b4c9:shadow:BTC-USD:13,run-2026-09-02T053153Z-bf258b89b4c9,sha256:e0cf014788aef34ba36a12f79e688d284e87a7be55f1e884c84b24ce5614a383
2026-09-02,2026-09-02 05:31:53,BTC-USD,BTC,77666.9921875,14,2026-09-16,65689.7709357801,72055.6174475943,74865.25420546545,77736.47390937645,86158.80353797397,65689.7709357801,72055.6174475943,74865.25420546545,77736.47390937645,86158.80353797397,7,0,0.0,0.0,,1.0,1.0,run-2026-09-02T053153Z-bf258b89b4c9:shadow:BTC-USD:14,run-2026-09-02T053153Z-bf258b89b4c9,sha256:e0cf014788aef34ba36a12f79e688d284e87a7be55f1e884c84b24ce5614a383
2026-09-02,2026-09-02 05:31:53,BTC-USD,BTC,77666.9921875,15,2026-09-17,65617.68027373482,72656.26444379073,76146.43304657734,80953.39525717926,84432.5567896606,65617.68027373482,72656.26444379073,76146.43304657734,80953.39525717926,84432.5567896606,7,0,0.0,0.0,,1.0,1.0,run-2026-09-02T053153Z-bf258b89b4c9:shadow:BTC-USD:15,run-2026-09-02T053153Z-bf258b89b4c9,sha256:e0cf014788aef34ba36a12f79e688d284e87a7be55f1e884c84b24ce5614a383
2026-09-02,2026-09-02 05:31:53,BTC-USD,BTC,77666.9921875,16,2026-09-18,66676.65047069173,72730.79165351133,77495.98737079954,81886.6802578619,88885.98136925427,66676.65047069173,72730.79165351133,77495.98737079954,81886.6802578619,88885.98136925427,7,0,0.0,0.0,,1.0,1.0,run-2026-09-02T053153Z-bf258b89b4c9:shadow:BTC-USD:16,run-2026-09-02T053153Z-bf258b89b4c9,sha256:e0cf014788aef34ba36a12f79e688d284e87a7be55f1e884c84b24ce5614a383
2026-09-02,2026-09-02 05:31:53,BTC-USD,BTC,77666.9921875,17,2026-09-19,60163.733356615456,73860.92281476434,78256.13489596364,82644.96846593804,90282.65927829512,60163.733356615456,73860.92281476434,78256.13489596364,82644.96846593804,90282.65927829512,6,0,0.0,0.0,,1.0,1.0,run-2026-09-02T053153Z-bf258b89b4c9:shadow:BTC-USD:17,run-2026-09-02T053153Z-bf258b89b4c9,sha256:e0cf014788aef34ba36a12f79e688d284e87a7be55f1e884c84b24ce5614a383
2026-09-02,2026-09-02 05:31:53,BTC-USD,BTC,77666.9921875,18,2026-09-20,64832.75613357852,74065.9180109584,79050.2375810343,85409.31876433066,94012.12116827532,64832.75613357852,74065.9180109584,79050.2375810343,85409.31876433066,94012.12116827532,6,0,0.0,0.0,,1.0,1.0,run-2026-09-02T053153Z-bf258b89b4c9:shadow:BTC-USD:18,run-2026-09-02T053153Z-bf258b89b4c9,sha256:e0cf014788aef34ba36a12f79e688d284e87a7be55f1e884c84b24ce5614a383
2026-09-02,2026-09-02 05:31:53,BTC-USD,BTC,77666.9921875,19,2026-09-21,66754.81766773919,73339.60994823399,80388.72801955018,89186.97073299941,99547.30481319282,66754.81766773919,73339.60994823399,80388.72801955018,89186.97073299941,99547.30481319282,6,0,0.0,0.0,,1.0,1.0,run-2026-09-02T053153Z-bf258b89b4c9:shadow:BTC-USD:19,run-2026-09-02T053153Z-bf258b89b4c9,sha256:e0cf014788aef34ba36a12f79e688d284e87a7be55f1e884c84b24ce5614a383
2026-09-02,2026-09-02 05:31:53,BTC-USD,BTC,77666.9921875,20,2026-09-22,64872.08094534994,73207.06353050962,79170.13314080286,87084.23163046109,103341.18916876023,64872.08094534994,73207.06353050962,79170.13314080286,87084.23163046109,103341.18916876023,6,0,0.0,0.0,,1.0,1.0,run-2026-09-02T053153Z-bf258b89b4c9:shadow:BTC-USD:20,run-2026-09-02T053153Z-bf258b89b4c9,sha256:e0cf014788aef34ba36a12f79e688d284e87a7be55f1e884c84b24ce5614a383
2026-09-02,2026-09-02 05:31:53,BTC-USD,BTC,77666.9921875,21,2026-09-23,57295.05001572812,73595.03503614775,79776.45910829953,85759.17996063372,105191.18283998109,57295.05001572812,73595.03503614775,79776.45910829953,85759.17996063372,105191.18283998109,6,0,0.0,0.0,,1.0,1.0,run-2026-09-02T053153Z-bf258b89b4c9:shadow:BTC-USD:21,run-2026-09-02T053153Z-bf258b89b4c9,sha256:e0cf014788aef34ba36a12f79e688d284e87a7be55f1e884c84b24ce5614a383
2026-09-02,2026-09-02 05:31:53,BTC-USD,BTC,77666.9921875,22,2026-09-24,59944.55705021487,69230.23803832612,83722.75710433151,89498.57141103278,98846.43780613152,59944.55705021487,69230.23803832612,83722.75710433151,89498.57141103278,98846.43780613152,6,0,0.0,0.0,,1.0,1.0,run-2026-09-02T053153Z-bf258b89b4c9:shadow:BTC-USD:22,run-2026-09-02T053153Z-bf258b89b4c9,sha256:e0cf014788aef34ba36a12f79e688d284e87a7be55f1e884c84b24ce5614a383
2026-09-02,2026-09-02 05:31:53,BTC-USD,BTC,77666.9921875,23,2026-09-25,59491.083925035186,73102.07306324958,85555.88545095212,93874.10206381213,106463.74959350897,59491.083925035186,73102.07306324958,85555.88545095212,93874.10206381213,106463.74959350897,6,0,0.0,0.0,,1.0,1.0,run-2026-09-02T053153Z-bf258b89b4c9:shadow:BTC-USD:23,run-2026-09-02T053153Z-bf258b89b4c9,sha256:e0cf014788aef34ba36a12f79e688d284e87a7be55f1e884c84b24ce5614a383
2026-09-02,2026-09-02 05:31:53,BTC-USD,BTC,77666.9921875,24,2026-09-26,58140.27924126527,75525.94559455667,85315.65242436541,93702.18220363089,114301.39896017827,58140.27924126527,75525.94559455667,85315.65242436541,93702.18220363089,114301.39896017827,5,0,0.0,0.0,,1.0,1.0,run-2026-09-02T053153Z-bf258b89b4c9:shadow:BTC-USD:24,run-2026-09-02T053153Z-bf258b89b4c9,sha256:e0cf014788aef34ba36a12f79e688d284e87a7be55f1e884c84b24ce5614a383
2026-09-02,2026-09-02 05:31:53,BTC-USD,BTC,77666.9921875,25,2026-09-27,55212.284839278,75667.6533538043,80949.57138661463,93455.76234835196,111839.90651717405,55212.284839278,75667.6533538043,80949.57138661463,93455.76234835196,111839.90651717405,5,0,0.0,0.0,,1.0,1.0,run-2026-09-02T053153Z-bf258b89b4c9:shadow:BTC-USD:25,run-2026-09-02T053153Z-bf258b89b4c9,sha256:e0cf014788aef34ba36a12f79e688d284e87a7be55f1e884c84b24ce5614a383
2026-09-02,2026-09-02 05:31:53,BTC-USD,BTC,77666.9921875,26,2026-09-28,54235.14115030906,73050.6258512337,82995.18738798094,91373.76382146757,110902.38604217337,54235.14115030906,73050.6258512337,82995.18738798094,91373.76382146757,110902.38604217337,5,0,0.0,0.0,,1.0,1.0,run-2026-09-02T053153Z-bf258b89b4c9:shadow:BTC-USD:26,run-2026-09-02T053153Z-bf258b89b4c9,sha256:e0cf014788aef34ba36a12f79e688d284e87a7be55f1e884c84b24ce5614a383
2026-09-02,2026-09-02 05:31:53,BTC-USD,BTC,77666.9921875,27,2026-09-29,54202.678869906485,75773.32624203723,84781.8777656489,94821.37487426994,111213.67582235688,54202.678869906485,75773.32624203723,84781.8777656489,94821.37487426994,111213.67582235688,5,0,0.0,0.0,,1.0,1.0,run-2026-09-02T053153Z-bf258b89b4c9:shadow:BTC-USD:27,run-2026-09-02T053153Z-bf258b89b4c9,sha256:e0cf014788aef34ba36a12f79e688d284e87a7be55f1e884c84b24ce5614a383
2026-09-02,2026-09-02 05:31:53,BTC-USD,BTC,77666.9921875,28,2026-09-30,54739.008918838845,75679.9019432449,83953.76930339597,94754.97599133501,109303.52517393476,54739.008918838845,75679.9019432449,83953.76930339597,94754.97599133501,109303.52517393476,5,0,0.0,0.0,,1.0,1.0,run-2026-09-02T053153Z-bf258b89b4c9:shadow:BTC-USD:28,run-2026-09-02T053153Z-bf258b89b4c9,sha256:e0cf014788aef34ba36a12f79e688d284e87a7be55f1e884c84b24ce5614a383
2026-09-02,2026-09-02 05:31:53,BTC-USD,BTC,77666.9921875,29,2026-10-01,55620.18101606207,75064.1823119418,82665.76914524371,93491.94704951256,108041.46747894079,55620.18101606207,75064.1823119418,82665.76914524371,93491.94704951256,108041.46747894079,5,0,0.0,0.0,,1.0,1.0,run-2026-09-02T053153Z-bf258b89b4c9:shadow:BTC-USD:29,run-2026-09-02T053153Z-bf258b89b4c9,sha256:e0cf014788aef34ba36a12f79e688d284e87a7be55f1e884c84b24ce5614a383
2026-09-02,2026-09-02 05:31:53,BTC-USD,BTC,77666.9921875,30,2026-10-02,52437.95305862153,73497.01855332083,83250.64335453855,93419.12130278337,108183.33104925312,52437.95305862153,73497.01855332083,83250.64335453855,93419.12130278337,108183.33104925312,5,0,0.0,0.0,,1.0,1.0,run-2026-09-02T053153Z-bf258b89b4c9:shadow:BTC-USD:30,run-2026-09-02T053153Z-bf258b89b4c9,sha256:e0cf014788aef34ba36a12f79e688d284e87a7be55f1e884c84b24ce5614a383
2026-09-02,2026-09-02 05:31:53,SOL-USD,SOL,100.23999786376953,0,2026-09-02,100.23999786376953,100.23999786376953,100.23999786376953,100.23999786376953,100.23999786376953,100.23999786376953,100.23999786376953,100.23999786376953,100.23999786376953,100.23999786376953,9,0,0.0,0.0,,1.0,1.0,run-2026-09-02T053153Z-bf258b89b4c9:shadow:SOL-USD:0,run-2026-09-02T053153Z-bf258b89b4c9,sha256:8828bfe2494ad63c503a3213c07ceb362b052b1a17c94bf60310162c07fbde87
2026-09-02,2026-09-02 05:31:53,SOL-USD,SOL,100.23999786376953,1,2026-09-03,95.56269474026271,97.41320402872692,99.9582217503066,102.84188171216535,107.82247639036198,95.56269474026271,97.41320402872692,99.9582217503066,102.84188171216535,107.82247639036198,9,0,0.0,0.0,,1.0,1.0,run-2026-09-02T053153Z-bf258b89b4c9:shadow:SOL-USD:1,run-2026-09-02T053153Z-bf258b89b4c9,sha256:8828bfe2494ad63c503a3213c07ceb362b052b1a17c94bf60310162c07fbde87
2026-09-02,2026-09-02 05:31:53,SOL-USD,SOL,100.23999786376953,2,2026-09-04,94.194065165323,96.75227335291487,99.97030873188724,106.07492351188364,110.93297353431066,94.194065165323,96.75227335291487,99.97030873188724,106.07492351188364,110.93297353431066,9,0,0.0,0.0,,1.0,1.0,run-2026-09-02T053153Z-bf258b89b4c9:shadow:SOL-USD:2,run-2026-09-02T053153Z-bf258b89b4c9,sha256:8828bfe2494ad63c503a3213c07ceb362b052b1a17c94bf60310162c07fbde87
2026-09-02,2026-09-02 05:31:53,SOL-USD,SOL,100.23999786376953,3,2026-09-05,95.11654032618553,97.51975773397564,100.62262315202977,107.08048230354235,112.32679613238045,95.11654032618553,97.51975773397564,100.62262315202977,107.08048230354235,112.32679613238045,8,0,0.0,0.0,,1.0,1.0,run-2026-09-02T053153Z-bf258b89b4c9:shadow:SOL-USD:3,run-2026-09-02T053153Z-bf258b89b4c9,sha256:8828bfe2494ad63c503a3213c07ceb362b052b1a17c94bf60310162c07fbde87
2026-09-02,2026-09-02 05:31:53,SOL-USD,SOL,100.23999786376953,4,2026-09-06,93.74335610459916,96.11616538396876,101.17815229673558,107.3674123702145,116.4602546114464,93.74335610459916,96.11616538396876,101.17815229673558,107.3674123702145,116.4602546114464,8,0,0.0,0.0,,1.0,1.0,run-2026-09-02T053153Z-bf258b89b4c9:shadow:SOL-USD:4,run-2026-09-02T053153Z-bf258b89b4c9,sha256:8828bfe2494ad63c503a3213c07ceb362b052b1a17c94bf60310162c07fbde87
2026-09-02,2026-09-02 05:31:53,SOL-USD,SOL,100.23999786376953,5,2026-09-07,86.70065806046675,91.52171450494492,99.23428341895946,109.26721821223741,118.46421613305405,86.70065806046675,91.52171450494492,99.23428341895946,109.26721821223741,118.46421613305405,8,0,0.0,0.0,,1.0,1.0,run-2026-09-02T053153Z-bf258b89b4c9:shadow:SOL-USD:5,run-2026-09-02T053153Z-bf258b89b4c9,sha256:8828bfe2494ad63c503a3213c07ceb362b052b1a17c94bf60310162c07fbde87
2026-09-02,2026-09-02 05:31:53,SOL-USD,SOL,100.23999786376953,6,2026-09-08,85.69877360822603,90.58683364682017,98.4805158909482,108.84385726299492,122.49597581323239,85.69877360822603,90.58683364682017,98.4805158909482,108.84385726299492,122.49597581323239,8,0,0.0,0.0,,1.0,1.0,run-2026-09-02T053153Z-bf258b89b4c9:shadow:SOL-USD:6,run-2026-09-02T053153Z-bf258b89b4c9,sha256:8828bfe2494ad63c503a3213c07ceb362b052b1a17c94bf60310162c07fbde87
2026-09-02,2026-09-02 05:31:53,SOL-USD,SOL,100.23999786376953,7,2026-09-09,86.98020318955633,91.4960685666559,98.75081261454382,110.21963758844939,119.9120490656625,86.98020318955633,91.4960685666559,98.75081261454382,110.21963758844939,119.9120490656625,8,0,0.0,0.0,,1.0,1.0,run-2026-09-02T053153Z-bf258b89b4c9:shadow:SOL-USD:7,run-2026-09-02T053153Z-bf258b89b4c9,sha256:8828bfe2494ad63c503a3213c07ceb362b052b1a17c94bf60310162c07fbde87
2026-09-02,2026-09-02 05:31:53,SOL-USD,SOL,100.23999786376953,8,2026-09-10,86.85539874921413,91.70343207527107,96.16680506473313,108.48921381277037,119.15445200960603,86.85539874921413,91.70343207527107,96.16680506473313,108.48921381277037,119.15445200960603,8,0,0.0,0.0,,1.0,1.0,run-2026-09-02T053153Z-bf258b89b4c9:shadow:SOL-USD:8,run-2026-09-02T053153Z-bf258b89b4c9,sha256:8828bfe2494ad63c503a3213c07ceb362b052b1a17c94bf60310162c07fbde87
2026-09-02,2026-09-02 05:31:53,SOL-USD,SOL,100.23999786376953,9,2026-09-11,87.8208535305001,92.02425744775252,98.53421594057751,106.55046653645373,125.93957859933383,87.8208535305001,92.02425744775252,98.53421594057751,106.55046653645373,125.93957859933383,8,0,0.0,0.0,,1.0,1.0,run-2026-09-02T053153Z-bf258b89b4c9:shadow:SOL-USD:9,run-2026-09-02T053153Z-bf258b89b4c9,sha256:8828bfe2494ad63c503a3213c07ceb362b052b1a17c94bf60310162c07fbde87
2026-09-02,2026-09-02 05:31:53,SOL-USD,SOL,100.23999786376953,10,2026-09-12,83.77903230312108,91.36082042692372,99.31935632391452,108.5038904423236,125.74269112541569,83.77903230312108,91.36082042692372,99.31935632391452,108.5038904423236,125.74269112541569,7,0,0.0,0.0,,1.0,1.0,run-2026-09-02T053153Z-bf258b89b4c9:shadow:SOL-USD:10,run-2026-09-02T053153Z-bf258b89b4c9,sha256:8828bfe2494ad63c503a3213c07ceb362b052b1a17c94bf60310162c07fbde87
2026-09-02,2026-09-02 05:31:53,SOL-USD,SOL,100.23999786376953,11,2026-09-13,82.6517429265374,92.09027639427242,99.97013542596397,106.46198672993586,129.35946675341492,82.6517429265374,92.09027639427242,99.97013542596397,106.46198672993586,129.35946675341492,7,0,0.0,0.0,,1.0,1.0,run-2026-09-02T053153Z-bf258b89b4c9:shadow:SOL-USD:11,run-2026-09-02T053153Z-bf258b89b4c9,sha256:8828bfe2494ad63c503a3213c07ceb362b052b1a17c94bf60310162c07fbde87
2026-09-02,2026-09-02 05:31:53,SOL-USD,SOL,100.23999786376953,12,2026-09-14,85.21115359196752,92.64502894293615,100.98729354275302,105.57063767245262,129.0487999838807,85.21115359196752,92.64502894293615,100.98729354275302,105.57063767245262,129.0487999838807,7,0,0.0,0.0,,1.0,1.0,run-2026-09-02T053153Z-bf258b89b4c9:shadow:SOL-USD:12,run-2026-09-02T053153Z-bf258b89b4c9,sha256:8828bfe2494ad63c503a3213c07ceb362b052b1a17c94bf60310162c07fbde87
2026-09-02,2026-09-02 05:31:53,SOL-USD,SOL,100.23999786376953,13,2026-09-15,81.36278769845214,92.93379260551093,100.93037840681419,115.5375453019635,129.7766304765047,81.36278769845214,92.93379260551093,100.93037840681419,115.5375453019635,129.7766304765047,7,0,0.0,0.0,,1.0,1.0,run-2026-09-02T053153Z-bf258b89b4c9:shadow:SOL-USD:13,run-2026-09-02T053153Z-bf258b89b4c9,sha256:8828bfe2494ad63c503a3213c07ceb362b052b1a17c94bf60310162c07fbde87
2026-09-02,2026-09-02 05:31:53,SOL-USD,SOL,100.23999786376953,14,2026-09-16,84.61957552602847,89.94389099325255,99.69274283502982,107.39209183966842,134.62843706571252,84.61957552602847,89.94389099325255,99.69274283502982,107.39209183966842,134.62843706571252,7,0,0.0,0.0,,1.0,1.0,run-2026-09-02T053153Z-bf258b89b4c9:shadow:SOL-USD:14,run-2026-09-02T053153Z-bf258b89b4c9,sha256:8828bfe2494ad63c503a3213c07ceb362b052b1a17c94bf60310162c07fbde87
2026-09-02,2026-09-02 05:31:53,SOL-USD,SOL,100.23999786376953,15,2026-09-17,84.68869393816051,92.99772718773073,100.94232118344887,107.82679657412656,142.29185996260543,84.68869393816051,92.99772718773073,100.94232118344887,107.82679657412656,142.29185996260543,7,0,0.0,0.0,,1.0,1.0,run-2026-09-02T053153Z-bf258b89b4c9:shadow:SOL-USD:15,run-2026-09-02T053153Z-bf258b89b4c9,sha256:8828bfe2494ad63c503a3213c07ceb362b052b1a17c94bf60310162c07fbde87
2026-09-02,2026-09-02 05:31:53,SOL-USD,SOL,100.23999786376953,16,2026-09-18,81.38275724076605,91.85026983920648,102.03652873867452,108.61847398171948,150.10958677483086,81.38275724076605,91.85026983920648,102.03652873867452,108.61847398171948,150.10958677483086,7,0,0.0,0.0,,1.0,1.0,run-2026-09-02T053153Z-bf258b89b4c9:shadow:SOL-USD:16,run-2026-09-02T053153Z-bf258b89b4c9,sha256:8828bfe2494ad63c503a3213c07ceb362b052b1a17c94bf60310162c07fbde87
2026-09-02,2026-09-02 05:31:53,SOL-USD,SOL,100.23999786376953,17,2026-09-19,77.2390963889353,90.18477386880693,101.70611582871585,113.91102115132021,140.8913670493921,77.2390963889353,90.18477386880693,101.70611582871585,113.91102115132021,140.8913670493921,6,0,0.0,0.0,,1.0,1.0,run-2026-09-02T053153Z-bf258b89b4c9:shadow:SOL-USD:17,run-2026-09-02T053153Z-bf258b89b4c9,sha256:8828bfe2494ad63c503a3213c07ceb362b052b1a17c94bf60310162c07fbde87
2026-09-02,2026-09-02 05:31:53,SOL-USD,SOL,100.23999786376953,18,2026-09-20,82.00559930348668,89.38681906509723,104.74770289223073,119.08501967720093,159.0864974236508,82.00559930348668,89.38681906509723,104.74770289223073,119.08501967720093,159.0864974236508,6,0,0.0,0.0,,1.0,1.0,run-2026-09-02T053153Z-bf258b89b4c9:shadow:SOL-USD:18,run-2026-09-02T053153Z-bf258b89b4c9,sha256:8828bfe2494ad63c503a3213c07ceb362b052b1a17c94bf60310162c07fbde87
2026-09-02,2026-09-02 05:31:53,SOL-USD,SOL,100.23999786376953,19,2026-09-21,86.24498470783612,90.99799705606318,102.42101328076272,116.1902528829823,156.99670656933563,86.24498470783612,90.99799705606318,102.42101328076272,116.1902528829823,156.99670656933563,6,0,0.0,0.0,,1.0,1.0,run-2026-09-02T053153Z-bf258b89b4c9:shadow:SOL-USD:19,run-2026-09-02T053153Z-bf258b89b4c9,sha256:8828bfe2494ad63c503a3213c07ceb362b052b1a17c94bf60310162c07fbde87
2026-09-02,2026-09-02 05:31:53,SOL-USD,SOL,100.23999786376953,20,2026-09-22,84.481504409559,90.95984640655304,104.59738775814452,116.01757210131805,171.270249387394,84.481504409559,90.95984640655304,104.59738775814452,116.01757210131805,171.270249387394,6,0,0.0,0.0,,1.0,1.0,run-2026-09-02T053153Z-bf258b89b4c9:shadow:SOL-USD:20,run-2026-09-02T053153Z-bf258b89b4c9,sha256:8828bfe2494ad63c503a3213c07ceb362b052b1a17c94bf60310162c07fbde87
2026-09-02,2026-09-02 05:31:53,SOL-USD,SOL,100.23999786376953,21,2026-09-23,75.79285401121693,91.21719994764119,107.90436006158511,114.86170706604315,173.55416880843092,75.79285401121693,91.21719994764119,107.90436006158511,114.86170706604315,173.55416880843092,6,0,0.0,0.0,,1.0,1.0,run-2026-09-02T053153Z-bf258b89b4c9:shadow:SOL-USD:21,run-2026-09-02T053153Z-bf258b89b4c9,sha256:8828bfe2494ad63c503a3213c07ceb362b052b1a17c94bf60310162c07fbde87
2026-09-02,2026-09-02 05:31:53,SOL-USD,SOL,100.23999786376953,22,2026-09-24,67.32093884128275,93.5505405343776,107.68514574044855,116.08470457793537,182.23288894333098,67.32093884128275,93.5505405343776,107.68514574044855,116.08470457793537,182.23288894333098,6,0,0.0,0.0,,1.0,1.0,run-2026-09-02T053153Z-bf258b89b4c9:shadow:SOL-USD:22,run-2026-09-02T053153Z-bf258b89b4c9,sha256:8828bfe2494ad63c503a3213c07ceb362b052b1a17c94bf60310162c07fbde87
2026-09-02,2026-09-02 05:31:53,SOL-USD,SOL,100.23999786376953,23,2026-09-25,72.14565251603968,97.76110069764005,106.76469473904828,131.67885695310537,169.98866738341758,72.14565251603968,97.76110069764005,106.76469473904828,131.67885695310537,169.98866738341758,6,0,0.0,0.0,,1.0,1.0,run-2026-09-02T053153Z-bf258b89b4c9:shadow:SOL-USD:23,run-2026-09-02T053153Z-bf258b89b4c9,sha256:8828bfe2494ad63c503a3213c07ceb362b052b1a17c94bf60310162c07fbde87
2026-09-02,2026-09-02 05:31:53,SOL-USD,SOL,100.23999786376953,24,2026-09-26,72.8485858627897,94.48741080823369,108.25209747595929,136.79653768991395,172.83857860388494,72.8485858627897,94.48741080823369,108.25209747595929,136.79653768991395,172.83857860388494,5,0,0.0,0.0,,1.0,1.0,run-2026-09-02T053153Z-bf258b89b4c9:shadow:SOL-USD:24,run-2026-09-02T053153Z-bf258b89b4c9,sha256:8828bfe2494ad63c503a3213c07ceb362b052b1a17c94bf60310162c07fbde87
2026-09-02,2026-09-02 05:31:53,SOL-USD,SOL,100.23999786376953,25,2026-09-27,70.52370995996539,92.136085133071,103.8696655841961,142.28217669367353,178.01498955451285,70.52370995996539,92.136085133071,103.8696655841961,142.28217669367353,178.01498955451285,5,0,0.0,0.0,,1.0,1.0,run-2026-09-02T053153Z-bf258b89b4c9:shadow:SOL-USD:25,run-2026-09-02T053153Z-bf258b89b4c9,sha256:8828bfe2494ad63c503a3213c07ceb362b052b1a17c94bf60310162c07fbde87
2026-09-02,2026-09-02 05:31:53,SOL-USD,SOL,100.23999786376953,26,2026-09-28,65.51212071283169,88.63151858669256,105.33522398099353,142.38454437255245,180.05831000001763,65.51212071283169,88.63151858669256,105.33522398099353,142.38454437255245,180.05831000001763,5,0,0.0,0.0,,1.0,1.0,run-2026-09-02T053153Z-bf258b89b4c9:shadow:SOL-USD:26,run-2026-09-02T053153Z-bf258b89b4c9,sha256:8828bfe2494ad63c503a3213c07ceb362b052b1a17c94bf60310162c07fbde87
2026-09-02,2026-09-02 05:31:53,SOL-USD,SOL,100.23999786376953,27,2026-09-29,66.0613985218356,89.6994466866089,107.65944725124702,140.4063580445443,194.80550772842082,66.0613985218356,89.6994466866089,107.65944725124702,140.4063580445443,194.80550772842082,5,0,0.0,0.0,,1.0,1.0,run-2026-09-02T053153Z-bf258b89b4c9:shadow:SOL-USD:27,run-2026-09-02T053153Z-bf258b89b4c9,sha256:8828bfe2494ad63c503a3213c07ceb362b052b1a17c94bf60310162c07fbde87
2026-09-02,2026-09-02 05:31:53,SOL-USD,SOL,100.23999786376953,28,2026-09-30,69.45429735324595,90.77219572378188,104.57532006834258,141.0966900342912,206.88189003969234,69.45429735324595,90.77219572378188,104.57532006834258,141.0966900342912,206.88189003969234,5,0,0.0,0.0,,1.0,1.0,run-2026-09-02T053153Z-bf258b89b4c9:shadow:SOL-USD:28,run-2026-09-02T053153Z-bf258b89b4c9,sha256:8828bfe2494ad63c503a3213c07ceb362b052b1a17c94bf60310162c07fbde87
2026-09-02,2026-09-02 05:31:53,SOL-USD,SOL,100.23999786376953,29,2026-10-01,72.47052429789734,93.84712937810714,103.678752390833,137.19258384588682,194.34213507985754,72.47052429789734,93.84712937810714,103.678752390833,137.19258384588682,194.34213507985754,5,0,0.0,0.0,,1.0,1.0,run-2026-09-02T053153Z-bf258b89b4c9:shadow:SOL-USD:29,run-2026-09-02T053153Z-bf258b89b4c9,sha256:8828bfe2494ad63c503a3213c07ceb362b052b1a17c94bf60310162c07fbde87
2026-09-02,2026-09-02 05:31:53,SOL-USD,SOL,100.23999786376953,30,2026-10-02,69.77048058306144,92.75952533453156,106.97004301722961,141.7522811041883,202.68268829833173,69.77048058306144,92.75952533453156,106.97004301722961,141.7522811041883,202.68268829833173,5,0,0.0,0.0,,1.0,1.0,run-2026-09-02T053153Z-bf258b89b4c9:shadow:SOL-USD:30,run-2026-09-02T053153Z-bf258b89b4c9,sha256:8828bfe2494ad63c503a3213c07ceb362b052b1a17c94bf60310162c07fbde87
2026-09-02,2026-09-02 05:31:53,DOGE-USD,DOGE,0.08188000321388245,0,2026-09-02,0.08188000321388245,0.08188000321388245,0.08188000321388245,0.08188000321388245,0.08188000321388245,0.08188000321388245,0.08188000321388245,0.08188000321388245,0.08188000321388245,0.08188000321388245,9,0,0.0,0.0,,1.0,1.0,run-2026-09-02T053153Z-bf258b89b4c9:shadow:DOGE-USD:0,run-2026-09-02T053153Z-bf258b89b4c9,sha256:60e42e9d54a17b0efd518a1935366f6d6652571a93df0f0ec0759a57bf07026c
2026-09-02,2026-09-02 05:31:53,DOGE-USD,DOGE,0.08188000321388245,1,2026-09-03,0.07436536091527685,0.07804919609865653,0.0814010408219452,0.08433489021753789,0.09479078942145956,0.07436536091527685,0.07804919609865653,0.0814010408219452,0.08433489021753789,0.09479078942145956,9,0,0.0,0.0,,1.0,1.0,run-2026-09-02T053153Z-bf258b89b4c9:shadow:DOGE-USD:1,run-2026-09-02T053153Z-bf258b89b4c9,sha256:60e42e9d54a17b0efd518a1935366f6d6652571a93df0f0ec0759a57bf07026c
2026-09-02,2026-09-02 05:31:53,DOGE-USD,DOGE,0.08188000321388245,2,2026-09-04,0.07546841489433671,0.07856404024251792,0.08229165183096881,0.08786900475005589,0.09429309022126278,0.07546841489433671,0.07856404024251792,0.08229165183096881,0.08786900475005589,0.09429309022126278,9,0,0.0,0.0,,1.0,1.0,run-2026-09-02T053153Z-bf258b89b4c9:shadow:DOGE-USD:2,run-2026-09-02T053153Z-bf258b89b4c9,sha256:60e42e9d54a17b0efd518a1935366f6d6652571a93df0f0ec0759a57bf07026c
2026-09-02,2026-09-02 05:31:53,DOGE-USD,DOGE,0.08188000321388245,3,2026-09-05,0.07256664142456398,0.07806289504459508,0.08225039437692723,0.08733786741588113,0.09385231976843486,0.07256664142456398,0.07806289504459508,0.08225039437692723,0.08733786741588113,0.09385231976843486,8,0,0.0,0.0,,1.0,1.0,run-2026-09-02T053153Z-bf258b89b4c9:shadow:DOGE-USD:3,run-2026-09-02T053153Z-bf258b89b4c9,sha256:60e42e9d54a17b0efd518a1935366f6d6652571a93df0f0ec0759a57bf07026c
2026-09-02,2026-09-02 05:31:53,DOGE-USD,DOGE,0.08188000321388245,4,2026-09-06,0.07659777190654718,0.07876740739054515,0.08357146050348352,0.09272364398988328,0.10007607213629478,0.07659777190654718,0.07876740739054515,0.08357146050348352,0.09272364398988328,0.10007607213629478,8,0,0.0,0.0,,1.0,1.0,run-2026-09-02T053153Z-bf258b89b4c9:shadow:DOGE-USD:4,run-2026-09-02T053153Z-bf258b89b4c9,sha256:60e42e9d54a17b0efd518a1935366f6d6652571a93df0f0ec0759a57bf07026c
2026-09-02,2026-09-02 05:31:53,DOGE-USD,DOGE,0.08188000321388245,5,2026-09-07,0.07414106337681607,0.07805750356996617,0.08769724584583931,0.09614951657675752,0.1072725458291141,0.07414106337681607,0.07805750356996617,0.08769724584583931,0.09614951657675752,0.1072725458291141,8,0,0.0,0.0,,1.0,1.0,run-2026-09-02T053153Z-bf258b89b4c9:shadow:DOGE-USD:5,run-2026-09-02T053153Z-bf258b89b4c9,sha256:60e42e9d54a17b0efd518a1935366f6d6652571a93df0f0ec0759a57bf07026c
2026-09-02,2026-09-02 05:31:53,DOGE-USD,DOGE,0.08188000321388245,6,2026-09-08,0.07236150075218555,0.07736636282965861,0.08248283930970557,0.09524602826529813,0.10234972607683537,0.07236150075218555,0.07736636282965861,0.08248283930970557,0.09524602826529813,0.10234972607683537,8,0,0.0,0.0,,1.0,1.0,run-2026-09-02T053153Z-bf258b89b4c9:shadow:DOGE-USD:6,run-2026-09-02T053153Z-bf258b89b4c9,sha256:60e42e9d54a17b0efd518a1935366f6d6652571a93df0f0ec0759a57bf07026c
2026-09-02,2026-09-02 05:31:53,DOGE-USD,DOGE,0.08188000321388245,7,2026-09-09,0.07109008439449206,0.07604580616442135,0.0838706436169132,0.09763602288107619,0.10528680345177811,0.07109008439449206,0.07604580616442135,0.0838706436169132,0.09763602288107619,0.10528680345177811,8,0,0.0,0.0,,1.0,1.0,run-2026-09-02T053153Z-bf258b89b4c9:shadow:DOGE-USD:7,run-2026-09-02T053153Z-bf258b89b4c9,sha256:60e42e9d54a17b0efd518a1935366f6d6652571a93df0f0ec0759a57bf07026c
2026-09-02,2026-09-02 05:31:53,DOGE-USD,DOGE,0.08188000321388245,8,2026-09-10,0.06999850156233386,0.07639581039500204,0.08199400779652365,0.09332402916318713,0.10335095865834165,0.06999850156233386,0.07639581039500204,0.08199400779652365,0.09332402916318713,0.10335095865834165,8,0,0.0,0.0,,1.0,1.0,run-2026-09-02T053153Z-bf258b89b4c9:shadow:DOGE-USD:8,run-2026-09-02T053153Z-bf258b89b4c9,sha256:60e42e9d54a17b0efd518a1935366f6d6652571a93df0f0ec0759a57bf07026c
2026-09-02,2026-09-02 05:31:53,DOGE-USD,DOGE,0.08188000321388245,9,2026-09-11,0.07250657179170879,0.07644587924932968,0.0847094294599842,0.09581666107804888,0.10396852234086133,0.07250657179170879,0.07644587924932968,0.0847094294599842,0.09581666107804888,0.10396852234086133,8,0,0.0,0.0,,1.0,1.0,run-2026-09-02T053153Z-bf258b89b4c9:shadow:DOGE-USD:9,run-2026-09-02T053153Z-bf258b89b4c9,sha256:60e42e9d54a17b0efd518a1935366f6d6652571a93df0f0ec0759a57bf07026c
2026-09-02,2026-09-02 05:31:53,DOGE-USD,DOGE,0.08188000321388245,10,2026-09-12,0.07022009519636266,0.07662030278773198,0.08526159941666998,0.09329770863512195,0.10318967281407881,0.07022009519636266,0.07662030278773198,0.08526159941666998,0.09329770863512195,0.10318967281407881,7,0,0.0,0.0,,1.0,1.0,run-2026-09-02T053153Z-bf258b89b4c9:shadow:DOGE-USD:10,run-2026-09-02T053153Z-bf258b89b4c9,sha256:60e42e9d54a17b0efd518a1935366f6d6652571a93df0f0ec0759a57bf07026c
2026-09-02,2026-09-02 05:31:53,DOGE-USD,DOGE,0.08188000321388245,11,2026-09-13,0.07204981078056667,0.07666625960898653,0.08265119359742507,0.09194359454417969,0.10576338398454839,0.07204981078056667,0.07666625960898653,0.08265119359742507,0.09194359454417969,0.10576338398454839,7,0,0.0,0.0,,1.0,1.0,run-2026-09-02T053153Z-bf258b89b4c9:shadow:DOGE-USD:11,run-2026-09-02T053153Z-bf258b89b4c9,sha256:60e42e9d54a17b0efd518a1935366f6d6652571a93df0f0ec0759a57bf07026c
2026-09-02,2026-09-02 05:31:53,DOGE-USD,DOGE,0.08188000321388245,12,2026-09-14,0.07023214338680249,0.07535137937472179,0.08181705204515448,0.09273208806675869,0.10451069025982014,0.07023214338680249,0.07535137937472179,0.08181705204515448,0.09273208806675869,0.10451069025982014,7,0,0.0,0.0,,1.0,1.0,run-2026-09-02T053153Z-bf258b89b4c9:shadow:DOGE-USD:12,run-2026-09-02T053153Z-bf258b89b4c9,sha256:60e42e9d54a17b0efd518a1935366f6d6652571a93df0f0ec0759a57bf07026c
2026-09-02,2026-09-02 05:31:53,DOGE-USD,DOGE,0.08188000321388245,13,2026-09-15,0.0704403408373047,0.07591835581298069,0.0846546591383332,0.09367718760460915,0.10533019267238751,0.0704403408373047,0.07591835581298069,0.0846546591383332,0.09367718760460915,0.10533019267238751,7,0,0.0,0.0,,1.0,1.0,run-2026-09-02T053153Z-bf258b89b4c9:shadow:DOGE-USD:13,run-2026-09-02T053153Z-bf258b89b4c9,sha256:60e42e9d54a17b0efd518a1935366f6d6652571a93df0f0ec0759a57bf07026c
2026-09-02,2026-09-02 05:31:53,DOGE-USD,DOGE,0.08188000321388245,14,2026-09-16,0.07085956991691854,0.07795835988801077,0.08611321466092575,0.09471042641832614,0.11279437662801495,0.07085956991691854,0.07795835988801077,0.08611321466092575,0.09471042641832614,0.11279437662801495,7,0,0.0,0.0,,1.0,1.0,run-2026-09-02T053153Z-bf258b89b4c9:shadow:DOGE-USD:14,run-2026-09-02T053153Z-bf258b89b4c9,sha256:60e42e9d54a17b0efd518a1935366f6d6652571a93df0f0ec0759a57bf07026c
2026-09-02,2026-09-02 05:31:53,DOGE-USD,DOGE,0.08188000321388245,15,2026-09-17,0.06853156139371674,0.07387540641667242,0.08564469253820414,0.09611154655544465,0.11083915717529183,0.06853156139371674,0.07387540641667242,0.08564469253820414,0.09611154655544465,0.11083915717529183,7,0,0.0,0.0,,1.0,1.0,run-2026-09-02T053153Z-bf258b89b4c9:shadow:DOGE-USD:15,run-2026-09-02T053153Z-bf258b89b4c9,sha256:60e42e9d54a17b0efd518a1935366f6d6652571a93df0f0ec0759a57bf07026c
2026-09-02,2026-09-02 05:31:53,DOGE-USD,DOGE,0.08188000321388245,16,2026-09-18,0.06783150011274905,0.0740952626241628,0.08654047857669542,0.09845918947392783,0.11567817750060648,0.06783150011274905,0.0740952626241628,0.08654047857669542,0.09845918947392783,0.11567817750060648,7,0,0.0,0.0,,1.0,1.0,run-2026-09-02T053153Z-bf258b89b4c9:shadow:DOGE-USD:16,run-2026-09-02T053153Z-bf258b89b4c9,sha256:60e42e9d54a17b0efd518a1935366f6d6652571a93df0f0ec0759a57bf07026c
2026-09-02,2026-09-02 05:31:53,DOGE-USD,DOGE,0.08188000321388245,17,2026-09-19,0.06701292800476238,0.07337468850592663,0.08366842437141189,0.09428340524147115,0.11433306322774615,0.06701292800476238,0.07337468850592663,0.08366842437141189,0.09428340524147115,0.11433306322774615,6,0,0.0,0.0,,1.0,1.0,run-2026-09-02T053153Z-bf258b89b4c9:shadow:DOGE-USD:17,run-2026-09-02T053153Z-bf258b89b4c9,sha256:60e42e9d54a17b0efd518a1935366f6d6652571a93df0f0ec0759a57bf07026c
2026-09-02,2026-09-02 05:31:53,DOGE-USD,DOGE,0.08188000321388245,18,2026-09-20,0.06628707401902766,0.071579879577685,0.08278311849510334,0.10023557699179816,0.11850291694236167,0.06628707401902766,0.071579879577685,0.08278311849510334,0.10023557699179816,0.11850291694236167,6,0,0.0,0.0,,1.0,1.0,run-2026-09-02T053153Z-bf258b89b4c9:shadow:DOGE-USD:18,run-2026-09-02T053153Z-bf258b89b4c9,sha256:60e42e9d54a17b0efd518a1935366f6d6652571a93df0f0ec0759a57bf07026c
2026-09-02,2026-09-02 05:31:53,DOGE-USD,DOGE,0.08188000321388245,19,2026-09-21,0.06397808625157965,0.07034165728987696,0.08265503306458935,0.09910532655935331,0.10915226272152657,0.06397808625157965,0.07034165728987696,0.08265503306458935,0.09910532655935331,0.10915226272152657,6,0,0.0,0.0,,1.0,1.0,run-2026-09-02T053153Z-bf258b89b4c9:shadow:DOGE-USD:19,run-2026-09-02T053153Z-bf258b89b4c9,sha256:60e42e9d54a17b0efd518a1935366f6d6652571a93df0f0ec0759a57bf07026c
2026-09-02,2026-09-02 05:31:53,DOGE-USD,DOGE,0.08188000321388245,20,2026-09-22,0.06408341953496652,0.07214648228256001,0.07953797021555112,0.08930360594649527,0.10226229190494913,0.06408341953496652,0.07214648228256001,0.07953797021555112,0.08930360594649527,0.10226229190494913,6,0,0.0,0.0,,1.0,1.0,run-2026-09-02T053153Z-bf258b89b4c9:shadow:DOGE-USD:20,run-2026-09-02T053153Z-bf258b89b4c9,sha256:60e42e9d54a17b0efd518a1935366f6d6652571a93df0f0ec0759a57bf07026c
2026-09-02,2026-09-02 05:31:53,DOGE-USD,DOGE,0.08188000321388245,21,2026-09-23,0.06267961735917389,0.06920168645320719,0.08033457470275919,0.08884123574118509,0.10911985854021335,0.06267961735917389,0.06920168645320719,0.08033457470275919,0.08884123574118509,0.10911985854021335,6,0,0.0,0.0,,1.0,1.0,run-2026-09-02T053153Z-bf258b89b4c9:shadow:DOGE-USD:21,run-2026-09-02T053153Z-bf258b89b4c9,sha256:60e42e9d54a17b0efd518a1935366f6d6652571a93df0f0ec0759a57bf07026c
2026-09-02,2026-09-02 05:31:53,DOGE-USD,DOGE,0.08188000321388245,22,2026-09-24,0.06335851177295053,0.06941353613311643,0.08089609734171781,0.09109820997756254,0.11374541192127503,0.06335851177295053,0.06941353613311643,0.08089609734171781,0.09109820997756254,0.11374541192127503,6,0,0.0,0.0,,1.0,1.0,run-2026-09-02T053153Z-bf258b89b4c9:shadow:DOGE-USD:22,run-2026-09-02T053153Z-bf258b89b4c9,sha256:60e42e9d54a17b0efd518a1935366f6d6652571a93df0f0ec0759a57bf07026c
2026-09-02,2026-09-02 05:31:53,DOGE-USD,DOGE,0.08188000321388245,23,2026-09-25,0.06377386868708747,0.06922453966438073,0.08091719805057519,0.08946527392004118,0.12048102515589768,0.06377386868708747,0.06922453966438073,0.08091719805057519,0.08946527392004118,0.12048102515589768,6,0,0.0,0.0,,1.0,1.0,run-2026-09-02T053153Z-bf258b89b4c9:shadow:DOGE-USD:23,run-2026-09-02T053153Z-bf258b89b4c9,sha256:60e42e9d54a17b0efd518a1935366f6d6652571a93df0f0ec0759a57bf07026c
2026-09-02,2026-09-02 05:31:53,DOGE-USD,DOGE,0.08188000321388245,24,2026-09-26,0.06450081647506471,0.06863969205061125,0.08110159604524139,0.08812816481955671,0.12088912811222355,0.06450081647506471,0.06863969205061125,0.08110159604524139,0.08812816481955671,0.12088912811222355,5,0,0.0,0.0,,1.0,1.0,run-2026-09-02T053153Z-bf258b89b4c9:shadow:DOGE-USD:24,run-2026-09-02T053153Z-bf258b89b4c9,sha256:60e42e9d54a17b0efd518a1935366f6d6652571a93df0f0ec0759a57bf07026c
2026-09-02,2026-09-02 05:31:53,DOGE-USD,DOGE,0.08188000321388245,25,2026-09-27,0.06177392308718187,0.06881461051570853,0.08160367584902534,0.0885140133344814,0.1176267119866617,0.06177392308718187,0.06881461051570853,0.08160367584902534,0.0885140133344814,0.1176267119866617,5,0,0.0,0.0,,1.0,1.0,run-2026-09-02T053153Z-bf258b89b4c9:shadow:DOGE-USD:25,run-2026-09-02T053153Z-bf258b89b4c9,sha256:60e42e9d54a17b0efd518a1935366f6d6652571a93df0f0ec0759a57bf07026c
2026-09-02,2026-09-02 05:31:53,DOGE-USD,DOGE,0.08188000321388245,26,2026-09-28,0.06256303001137269,0.06959149710146036,0.07760265237028206,0.08705837046797703,0.11437028082286403,0.06256303001137269,0.06959149710146036,0.07760265237028206,0.08705837046797703,0.11437028082286403,5,0,0.0,0.0,,1.0,1.0,run-2026-09-02T053153Z-bf258b89b4c9:shadow:DOGE-USD:26,run-2026-09-02T053153Z-bf258b89b4c9,sha256:60e42e9d54a17b0efd518a1935366f6d6652571a93df0f0ec0759a57bf07026c
2026-09-02,2026-09-02 05:31:53,DOGE-USD,DOGE,0.08188000321388245,27,2026-09-29,0.06299353183644318,0.06977687341670073,0.07764101365521045,0.08741953453521839,0.1166875170873168,0.06299353183644318,0.06977687341670073,0.07764101365521045,0.08741953453521839,0.1166875170873168,5,0,0.0,0.0,,1.0,1.0,run-2026-09-02T053153Z-bf258b89b4c9:shadow:DOGE-USD:27,run-2026-09-02T053153Z-bf258b89b4c9,sha256:60e42e9d54a17b0efd518a1935366f6d6652571a93df0f0ec0759a57bf07026c
2026-09-02,2026-09-02 05:31:53,DOGE-USD,DOGE,0.08188000321388245,28,2026-09-30,0.06094931563800344,0.06678158485281176,0.07925640599142651,0.08725975734965788,0.11949054622665999,0.06094931563800344,0.06678158485281176,0.07925640599142651,0.08725975734965788,0.11949054622665999,5,0,0.0,0.0,,1.0,1.0,run-2026-09-02T053153Z-bf258b89b4c9:shadow:DOGE-USD:28,run-2026-09-02T053153Z-bf258b89b4c9,sha256:60e42e9d54a17b0efd518a1935366f6d6652571a93df0f0ec0759a57bf07026c
2026-09-02,2026-09-02 05:31:53,DOGE-USD,DOGE,0.08188000321388245,29,2026-10-01,0.05945345064695391,0.06776445726459614,0.07807428659816291,0.08522849550133264,0.1151487014794389,0.05945345064695391,0.06776445726459614,0.07807428659816291,0.08522849550133264,0.1151487014794389,5,0,0.0,0.0,,1.0,1.0,run-2026-09-02T053153Z-bf258b89b4c9:shadow:DOGE-USD:29,run-2026-09-02T053153Z-bf258b89b4c9,sha256:60e42e9d54a17b0efd518a1935366f6d6652571a93df0f0ec0759a57bf07026c
2026-09-02,2026-09-02 05:31:53,DOGE-USD,DOGE,0.08188000321388245,30,2026-10-02,0.0599218054236904,0.06672620717102398,0.07570416248490479,0.08373553327287238,0.11693750528303241,0.0599218054236904,0.06672620717102398,0.07570416248490479,0.08373553327287238,0.11693750528303241,5,0,0.0,0.0,,1.0,1.0,run-2026-09-02T053153Z-bf258b89b4c9:shadow:DOGE-USD:30,run-2026-09-02T053153Z-bf258b89b4c9,sha256:60e42e9d54a17b0efd518a1935366f6d6652571a93df0f0ec0759a57bf07026c
