date_local,generated_at,cohort_sha256,spot_sol,canonical_cohort_count,distinct_assets,raw_episode_count,h90_p10,h90_p25,h90_p50,h90_p75,h90_p90,h90_p_ge_150,h90_p_ge_200,h90_p_ge_250,h90_p_ge_300,h90_p_ge_400,h90_p_ge_500,h90_p_ge_600,h90_p_ge_800,h90_p_ge_1000,h90_distinct_assets,h90_raw_episode_count,h180_p10,h180_p25,h180_p50,h180_p75,h180_p90,h180_p_ge_150,h180_p_ge_200,h180_p_ge_250,h180_p_ge_300,h180_p_ge_400,h180_p_ge_500,h180_p_ge_600,h180_p_ge_800,h180_p_ge_1000,h180_distinct_assets,h180_raw_episode_count,h365_p10,h365_p25,h365_p50,h365_p75,h365_p90,h365_p_ge_150,h365_p_ge_200,h365_p_ge_250,h365_p_ge_300,h365_p_ge_400,h365_p_ge_500,h365_p_ge_600,h365_p_ge_800,h365_p_ge_1000,h365_distinct_assets,h365_raw_episode_count,h730_p10,h730_p25,h730_p50,h730_p75,h730_p90,h730_p_ge_150,h730_p_ge_200,h730_p_ge_250,h730_p_ge_300,h730_p_ge_400,h730_p_ge_500,h730_p_ge_600,h730_p_ge_800,h730_p_ge_1000,h730_distinct_assets,h730_raw_episode_count,h365_stability,source_kind
2026-09-03,2026-09-03T17:03:34.597672Z,74f21845f0a8a142103bf11de56501a7cd32a6bd5f50112c5511752ca087134b,104.47000122070312,40,28.0,40.0,73.38900942775426,103.22210995056545,137.4792252260173,232.51218062139526,261.03191979874657,39.285714285714285,32.142857142857146,17.857142857142858,7.142857142857142,3.571428571428571,3.571428571428571,3.571428571428571,3.571428571428571,0.0,28.0,40.0,69.39243375925678,93.80625729743784,132.44976973401714,193.51926861957935,321.8240677719759,46.42857142857143,25.0,14.285714285714285,14.285714285714285,3.571428571428571,0.0,0.0,0.0,0.0,28.0,39.0,62.0101510725421,86.74349181224943,125.4054656594951,212.3820871907045,421.0951985103858,32.142857142857146,28.57142857142857,21.428571428571427,17.857142857142858,10.714285714285714,10.714285714285714,7.142857142857142,3.571428571428571,3.571428571428571,28.0,39.0,43.64089299146719,60.07314210725196,137.32796353099747,347.753316254734,1642.9005975249477,44.44444444444444,37.03703703703704,29.629629629629626,25.925925925925924,25.925925925925924,22.22222222222222,22.22222222222222,22.22222222222222,14.814814814814813,27.0,31.0,UNSTABLE,full_snapshot
2026-09-04,2026-09-04T06:02:51.343659Z,65ee65428fbca868eee3d33e301676dc615da3dad74cf4373eecfb66aed22821,103.72000122070312,40,27.0,40.0,66.92553950777894,94.5063230305446,143.71625001592807,210.9556635674242,320.25129062200233,40.74074074074074,29.629629629629626,14.814814814814813,11.11111111111111,7.4074074074074066,3.7037037037037033,3.7037037037037033,3.7037037037037033,0.0,27.0,40.0,77.49986436503774,94.43805006725036,133.94475600553028,190.30065166491127,309.6020830358323,44.44444444444444,22.22222222222222,14.814814814814813,11.11111111111111,3.7037037037037033,0.0,0.0,0.0,0.0,27.0,39.0,53.86566880780693,80.81853413964502,139.6338999192953,236.78005753252307,578.1942411702449,40.74074074074074,29.629629629629626,25.925925925925924,18.51851851851852,14.814814814814813,14.814814814814813,11.11111111111111,3.7037037037037033,3.7037037037037033,27.0,39.0,46.19612267956707,65.60929833758117,111.2864450127587,282.88820730511225,922.7064746768764,40.0,32.0,28.000000000000004,24.0,20.0,16.0,16.0,16.0,8.0,25.0,30.0,UNSTABLE,full_snapshot
2026-09-05,2026-09-05T09:00:35.770339Z,cdbc0493ae766a59efb741d3f541b0a871809c4de533e0bc50dc8992b3bb528e,102.58999633789062,40,28.0,40.0,56.228169266496565,90.62973023181523,127.9983176482836,197.43965249178422,410.41680149298213,39.285714285714285,25.0,17.857142857142858,14.285714285714285,14.285714285714285,7.142857142857142,3.571428571428571,3.571428571428571,0.0,28.0,40.0,53.588906711088185,89.0159875304812,131.60616178782843,223.1293877035554,251.3572700389213,42.857142857142854,28.57142857142857,10.714285714285714,7.142857142857142,7.142857142857142,0.0,0.0,0.0,0.0,28.0,39.0,45.53100760216394,86.48321502344983,150.66235386910705,249.8649798975488,572.619451264206,50.0,35.714285714285715,25.0,17.857142857142858,17.857142857142858,14.285714285714285,10.714285714285714,7.142857142857142,7.142857142857142,28.0,39.0,45.72616684464886,66.82386723757291,134.7447329280824,279.007677727092,747.8039826335037,46.15384615384615,38.46153846153847,30.76923076923077,23.076923076923077,19.230769230769234,15.384615384615385,15.384615384615385,11.538461538461538,7.6923076923076925,26.0,32.0,CAUTION,full_snapshot
2026-09-06,2026-09-06T06:04:29.530957Z,0ab378fc219d40d18e18d6ce66fde0bf77597d37070813a257ed25f45b247d61,106.30000305175781,40,27.0,40.0,68.75859036580148,95.18713381739168,127.96516836460654,195.32797328480027,322.79360934629767,40.74074074074074,25.925925925925924,14.814814814814813,11.11111111111111,11.11111111111111,7.4074074074074066,7.4074074074074066,3.7037037037037033,0.0,27.0,40.0,60.70197955059247,90.3255423567887,135.4604434095734,231.45485488375957,263.87784013791446,40.74074074074074,29.629629629629626,14.814814814814813,7.4074074074074066,7.4074074074074066,0.0,0.0,0.0,0.0,27.0,39.0,51.89098340160638,88.05956754343528,144.94949061740368,250.7219168766093,600.4330153580554,48.148148148148145,33.33333333333333,25.925925925925924,18.51851851851852,18.51851851851852,14.814814814814813,11.11111111111111,7.4074074074074066,7.4074074074074066,27.0,39.0,50.84395750178075,75.60160264813594,155.2757511807097,289.9249609132995,799.6512870124084,52.0,44.0,32.0,24.0,20.0,16.0,16.0,12.0,8.0,25.0,32.0,CAUTION,full_snapshot
2026-09-07,2026-09-07T06:00:26.030174Z,bd514303827ec84325256107843cc68430ddc541de1187c84fd0eaeef8e18220,105.06999969482422,40,28.0,40.0,68.87169312399813,95.29379223530732,120.34263623823065,184.58442142417687,308.1742148715156,35.714285714285715,17.857142857142858,14.285714285714285,10.714285714285714,10.714285714285714,7.142857142857142,3.571428571428571,0.0,0.0,28.0,40.0,60.32162011711486,91.16785375308302,133.07778037175243,224.57293167895872,311.5846847158375,42.857142857142854,28.57142857142857,14.285714285714285,10.714285714285714,7.142857142857142,0.0,0.0,0.0,0.0,28.0,39.0,53.26925707448792,81.88670020993428,141.82979598681683,255.9051983500881,685.9855039587695,46.42857142857143,35.714285714285715,28.57142857142857,21.428571428571427,21.428571428571427,17.857142857142858,14.285714285714285,10.714285714285714,7.142857142857142,28.0,39.0,46.831547986304585,76.77428673731907,163.23081512215083,308.97944585173633,773.7536303892222,53.84615384615385,46.15384615384615,34.61538461538461,26.923076923076923,19.230769230769234,15.384615384615385,15.384615384615385,11.538461538461538,7.6923076923076925,26.0,33.0,UNSTABLE,full_snapshot
2026-09-08,2026-09-08T06:03:35.454231Z,8f1f0cbd9b10e9bfbfd59c1fecd2995c3ff7b3d838caad7ff8469c71a3fb0fad,102.86000061035156,40,28.0,40.0,82.523487754229,104.5437650851441,124.20406956202787,182.65459695533255,323.5974631416974,39.285714285714285,21.428571428571427,17.857142857142858,10.714285714285714,10.714285714285714,7.142857142857142,0.0,0.0,0.0,28.0,40.0,74.60304542509508,93.5122189656784,131.95253304461124,219.84935715864503,313.55473162014727,46.42857142857143,32.142857142857146,14.285714285714285,10.714285714285714,7.142857142857142,0.0,0.0,0.0,0.0,28.0,39.0,69.5704279615564,88.12137631704327,124.9805692308094,323.80576292216944,641.3775376129452,46.42857142857143,35.714285714285715,28.57142857142857,25.0,25.0,17.857142857142858,10.714285714285714,7.142857142857142,7.142857142857142,28.0,39.0,43.22103959009109,62.974376495776404,135.29929311767899,336.7977209254052,708.3123258916543,46.42857142857143,39.285714285714285,32.142857142857146,32.142857142857146,21.428571428571427,14.285714285714285,14.285714285714285,10.714285714285714,7.142857142857142,28.0,32.0,UNSTABLE,full_snapshot
2026-09-09,2026-09-09T06:02:44.771245Z,ed6a7445ef672655a97c213d957c820da7899e144cf08ba8987ce49e7f7d1b87,104.08000183105469,40,29.0,40.0,78.47039814523075,96.67473387987734,126.0629315337346,186.2956974323204,423.5464526717384,37.93103448275862,24.137931034482758,24.137931034482758,13.793103448275861,13.793103448275861,6.896551724137931,3.4482758620689653,0.0,0.0,29.0,40.0,74.93857495511656,93.57705360910195,134.46138957864642,219.69106726505908,290.53814369083364,48.275862068965516,31.03448275862069,13.793103448275861,10.344827586206897,6.896551724137931,0.0,0.0,0.0,0.0,29.0,39.0,56.63650799575935,83.26135636195471,159.85071571796652,299.0694168772682,629.1495730688878,51.724137931034484,41.37931034482759,27.586206896551722,24.137931034482758,20.689655172413794,17.24137931034483,10.344827586206897,10.344827586206897,6.896551724137931,29.0,39.0,46.31418920627104,73.36126132922625,127.8506358011697,325.29393371197636,741.1709927084786,44.44444444444444,40.74074074074074,33.33333333333333,29.629629629629626,22.22222222222222,14.814814814814813,14.814814814814813,11.11111111111111,7.4074074074074066,27.0,32.0,UNSTABLE,full_snapshot
2026-09-10,2026-09-10T06:00:45.400052Z,597d027a07be35de91b719f1d45cae59b6073c38c7aea8d149b77c32b01239bc,102.05000305175781,40,30.0,40.0,58.334721199683365,90.06231125337618,120.23353143569688,223.2527896451746,453.6225017188993,33.33333333333333,26.666666666666668,23.333333333333332,16.666666666666664,13.333333333333334,10.0,3.3333333333333335,0.0,0.0,30.0,40.0,56.97998145741668,91.61324052020798,140.00413621442155,213.72848368327138,269.8771654625944,46.666666666666664,30.0,13.333333333333334,10.0,3.3333333333333335,0.0,0.0,0.0,0.0,30.0,39.0,44.03218386461713,82.52732384228182,175.39793874730228,284.0249999291334,598.0245717445417,56.666666666666664,36.666666666666664,30.0,20.0,16.666666666666664,16.666666666666664,10.0,6.666666666666667,6.666666666666667,30.0,39.0,50.001091362270294,70.4059586409963,134.54415793121612,315.77733360345445,531.3422829945459,48.148148148148145,44.44444444444444,33.33333333333333,29.629629629629626,18.51851851851852,11.11111111111111,11.11111111111111,7.4074074074074066,3.7037037037037033,27.0,33.0,UNSTABLE,full_snapshot
2026-09-11,2026-09-11T06:00:42.567163Z,b334e6441d177487a8032a6661e8a54b857066b5160ee3801c0291a603009a1b,99.81999969482422,40,28.0,40.0,53.190735653986124,95.73315555588674,117.60618042443234,198.9811748189786,459.3221890194397,35.714285714285715,25.0,21.428571428571427,14.285714285714285,14.285714285714285,10.714285714285714,3.571428571428571,0.0,0.0,28.0,40.0,55.258927056717894,84.62996951146229,128.07734732297766,211.6248932249065,274.1905640223041,42.857142857142854,32.142857142857146,14.285714285714285,10.714285714285714,3.571428571428571,0.0,0.0,0.0,0.0,28.0,39.0,45.45901332530773,78.90825704911384,181.1828211896194,267.37457831518003,622.4217891201165,53.57142857142857,39.285714285714285,32.142857142857146,21.428571428571427,17.857142857142858,17.857142857142858,10.714285714285714,7.142857142857142,7.142857142857142,28.0,39.0,46.95889335907131,68.4402393046349,142.30325789309998,290.4240074988607,485.62697878366384,50.0,42.30769230769231,30.76923076923077,26.923076923076923,15.384615384615385,11.538461538461538,7.6923076923076925,3.8461538461538463,3.8461538461538463,26.0,35.0,UNSTABLE,full_snapshot
2026-09-12,2026-09-12T06:04:52.193033Z,8098a3e24fc595baf88955ecbc8c9686991401b50caf379c0448c5eac5f82cc5,101.61000061035156,40,28.0,40.0,88.21414673866265,107.98670705289295,126.26977051286681,200.9410930888093,388.18021512797355,39.285714285714285,25.0,21.428571428571427,17.857142857142858,10.714285714285714,7.142857142857142,0.0,0.0,0.0,28.0,40.0,68.66738033400345,99.67388266375828,139.4004893756255,215.41981161580085,279.1074279987556,46.42857142857143,35.714285714285715,14.285714285714285,10.714285714285714,3.571428571428571,0.0,0.0,0.0,0.0,28.0,39.0,62.562885446063135,84.21708817544967,184.43184359794208,312.8855878471628,617.9197687264812,53.57142857142857,39.285714285714285,35.714285714285715,25.0,21.428571428571427,17.857142857142858,10.714285714285714,7.142857142857142,7.142857142857142,28.0,39.0,45.21507216300795,70.10239379273388,198.9821752620615,318.15491040333086,622.2586814068275,51.85185185185185,48.148148148148145,37.03703703703704,29.629629629629626,18.51851851851852,14.814814814814813,11.11111111111111,11.11111111111111,7.4074074074074066,27.0,36.0,STABLE,full_snapshot
2026-09-13,2026-09-13T06:04:03.511809Z,9d2fa7e5dcf12ba1a42b83828089d15872a434017b71c55fa5efa49531de48bf,101.77999877929688,40,29.0,40.0,96.54433818978781,116.13426297057777,138.97526319301247,227.03502283882003,396.49352689553115,48.275862068965516,34.48275862068966,24.137931034482758,20.689655172413794,10.344827586206897,10.344827586206897,3.4482758620689653,0.0,0.0,29.0,40.0,88.93962275395006,108.02138748521507,178.95383976462676,218.63710594297933,324.40432983786667,58.620689655172406,34.48275862068966,20.689655172413794,13.793103448275861,6.896551724137931,3.4482758620689653,3.4482758620689653,0.0,0.0,29.0,39.0,84.49198891157207,123.03600969571653,172.80857877266175,283.78614147627604,796.4411453924376,55.172413793103445,34.48275862068966,31.03448275862069,24.137931034482758,20.689655172413794,17.24137931034483,13.793103448275861,10.344827586206897,10.344827586206897,29.0,39.0,39.98294985099472,67.3641940683838,109.93219460435836,323.18257378675,587.9673368242914,44.827586206896555,41.37931034482759,34.48275862068966,31.03448275862069,24.137931034482758,17.24137931034483,10.344827586206897,10.344827586206897,3.4482758620689653,29.0,36.0,CAUTION,full_snapshot
2026-09-14,2026-09-14T06:00:35.290152Z,abf637f3943f06e6ba5bb79ca5109979375877f6d15390e4edf2e80bd9f95ee6,101.11000061035156,40,28.0,40.0,89.05277516395691,109.40068456803444,141.93029265919637,224.7239207105993,359.6941995337409,46.42857142857143,32.142857142857146,17.857142857142858,17.857142857142858,10.714285714285714,10.714285714285714,3.571428571428571,0.0,0.0,28.0,40.0,90.51661797270955,106.14367707507681,164.05635343316138,236.27487699527873,341.906365793038,60.71428571428571,35.714285714285715,21.428571428571427,17.857142857142858,7.142857142857142,3.571428571428571,3.571428571428571,0.0,0.0,28.0,39.0,87.28717883272259,109.26046219858596,175.9476433639181,263.7030329020418,577.1697102855294,57.14285714285714,35.714285714285715,35.714285714285715,21.428571428571427,14.285714285714285,14.285714285714285,10.714285714285714,7.142857142857142,7.142857142857142,28.0,39.0,39.26789263737321,62.84387360994064,98.11147322176444,279.71616922238394,523.9058136118434,35.714285714285715,32.142857142857146,32.142857142857146,21.428571428571427,21.428571428571427,14.285714285714285,7.142857142857142,7.142857142857142,0.0,28.0,36.0,CAUTION,full_snapshot
2026-09-15,2026-09-15T06:01:25.384602Z,bfb1bc0f5532f9e23c207be96f29d40c4821359cb1b4bf606defa32884fa87e5,101.41000366210938,40,27.0,40.0,80.32094154966575,109.35992084507039,154.04398195128576,208.47712667989924,381.916991897319,51.85185185185185,25.925925925925924,14.814814814814813,14.814814814814813,11.11111111111111,11.11111111111111,3.7037037037037033,3.7037037037037033,0.0,27.0,40.0,84.4915960112074,108.53304208661132,147.3828992556292,222.68599599318316,328.4035777883549,48.148148148148145,29.629629629629626,18.51851851851852,14.814814814814813,7.4074074074074066,3.7037037037037033,3.7037037037037033,0.0,0.0,27.0,40.0,80.15985219857636,101.51362994527355,158.14217593093238,248.67911031170934,597.5490564346695,51.85185185185185,33.33333333333333,25.925925925925924,22.22222222222222,18.51851851851852,14.814814814814813,11.11111111111111,7.4074074074074066,7.4074074074074066,27.0,40.0,36.376045357265454,51.630007620787765,85.66102226712296,264.6638303157027,487.38224089501097,37.03703703703704,29.629629629629626,29.629629629629626,18.51851851851852,18.51851851851852,11.11111111111111,7.4074074074074066,7.4074074074074066,0.0,27.0,36.0,CAUTION,full_snapshot
2026-09-16,2026-09-16T06:01:23.612361Z,44d5df3ccfed1fa05bb5c2ce32cada7c5e20c1b994671ac5e1607ecc3b2b2ae9,97.26000213623047,40,29.0,40.0,75.88661992215076,105.58658388669123,140.35283242879476,182.21957692994633,258.4419781499548,44.827586206896555,20.689655172413794,10.344827586206897,10.344827586206897,6.896551724137931,6.896551724137931,3.4482758620689653,0.0,0.0,29.0,40.0,60.87696850957562,95.92978442635193,151.6906282866374,218.3217793678908,326.6777659690689,51.724137931034484,27.586206896551722,17.24137931034483,13.793103448275861,6.896551724137931,3.4482758620689653,3.4482758620689653,0.0,0.0,29.0,39.0,47.60332706550712,99.6465219233921,141.78106274822085,275.2776691008346,537.8489745054529,48.275862068965516,34.48275862068966,27.586206896551722,24.137931034482758,13.793103448275861,13.793103448275861,10.344827586206897,6.896551724137931,6.896551724137931,29.0,39.0,36.35918020553572,44.002421693891066,92.82707106908441,282.08313274655285,441.79883065509847,35.714285714285715,32.142857142857146,28.57142857142857,17.857142857142858,17.857142857142858,7.142857142857142,7.142857142857142,7.142857142857142,3.571428571428571,28.0,35.0,CAUTION,full_snapshot
2026-09-17,2026-09-17T06:02:02.475873Z,6aff6ea85b05f3a7c765c24285a90ee6786257242201505102da6c8f8caabf14,99.5,40,27.0,40.0,86.44153514713645,109.28329843227479,143.58530248749517,180.70894423252955,226.68594203511972,48.148148148148145,18.51851851851852,7.4074074074074066,3.7037037037037033,3.7037037037037033,3.7037037037037033,0.0,0.0,0.0,27.0,40.0,72.25238362623561,87.61558485643495,134.6567876032624,200.2541825292792,314.32272435663066,44.44444444444444,25.925925925925924,18.51851851851852,14.814814814814813,7.4074074074074066,3.7037037037037033,3.7037037037037033,0.0,0.0,27.0,39.0,50.22335863498027,92.1157847734767,146.76289183307597,308.66870312835056,501.86397800799114,48.148148148148145,40.74074074074074,29.629629629629626,25.925925925925924,18.51851851851852,11.11111111111111,7.4074074074074066,3.7037037037037033,3.7037037037037033,27.0,39.0,33.147295044949864,38.96420223919784,85.62711499575587,271.9941530119246,443.443783104765,37.03703703703704,29.629629629629626,29.629629629629626,18.51851851851852,14.814814814814813,7.4074074074074066,7.4074074074074066,7.4074074074074066,7.4074074074074066,27.0,35.0,CAUTION,full_snapshot
2026-09-22,2026-09-22T06:01:45.185085Z,1fe030859bb4f90b2f9194c0db3265086514ac2327c4009e93f8996d33ea5e88,116.88999938964844,40,31.0,40.0,78.19270110844123,107.29949567440889,135.99648567361507,191.04190049157256,244.59063563767504,38.70967741935484,22.58064516129032,6.451612903225806,3.225806451612903,3.225806451612903,3.225806451612903,3.225806451612903,0.0,0.0,31.0,40.0,52.05456053138412,83.62382215186211,134.71867539853602,160.68127537870478,269.33766199512434,29.03225806451613,22.58064516129032,12.903225806451612,9.67741935483871,9.67741935483871,9.67741935483871,3.225806451612903,0.0,0.0,31.0,40.0,50.07640375655432,101.17405062072308,155.33841555924414,258.75423041317026,557.8335004578513,51.61290322580645,35.483870967741936,29.03225806451613,19.35483870967742,12.903225806451612,12.903225806451612,9.67741935483871,6.451612903225806,3.225806451612903,31.0,40.0,27.735509643203795,39.694097696265025,75.72181727406372,228.21590560244255,484.1912683668216,33.33333333333333,26.666666666666668,23.333333333333332,23.333333333333332,16.666666666666664,6.666666666666667,6.666666666666667,6.666666666666667,6.666666666666667,30.0,38.0,CAUTION,full_snapshot
2026-09-23,2026-09-23T06:04:35.239177Z,6830f27764b113751bcd840c73e6c3886974f408105eb8383b6b0898be755e28,118.56999969482422,40,28.0,40.0,83.10159915569999,94.79277991817999,142.09995251379496,191.4039787369159,246.36353275619777,42.857142857142854,21.428571428571427,7.142857142857142,3.571428571428571,3.571428571428571,3.571428571428571,3.571428571428571,0.0,0.0,28.0,40.0,52.3035841676472,78.6122587437234,114.69494726666169,148.8749181168394,215.75482019727065,25.0,14.285714285714285,7.142857142857142,7.142857142857142,7.142857142857142,7.142857142857142,3.571428571428571,0.0,0.0,28.0,40.0,46.98249670447394,84.55148075657085,151.20106810374645,252.737761188231,332.2147438998068,50.0,42.857142857142854,25.0,21.428571428571427,7.142857142857142,7.142857142857142,7.142857142857142,3.571428571428571,3.571428571428571,28.0,40.0,24.158804702834395,35.32408075926065,53.693253070348334,150.61286979260515,326.9577127694047,25.925925925925924,18.51851851851852,14.814814814814813,14.814814814814813,7.4074074074074066,0.0,0.0,0.0,0.0,27.0,37.0,UNSTABLE,full_snapshot
2026-09-24,2026-09-24T06:03:33.165057Z,ce7f9f9abff0fb8ff541c15a2a975797366a0c42af8dbd80383041c1cd7d3462,114.81999969482422,40,30.0,40.0,76.77728902536103,94.95394736326024,131.82342807827217,182.68565011968852,238.66440083060695,40.0,16.666666666666664,6.666666666666667,6.666666666666667,3.3333333333333335,3.3333333333333335,3.3333333333333335,0.0,0.0,30.0,40.0,50.971103650943526,80.34501276759926,114.44071917737574,153.74365485011347,230.5374441936728,26.666666666666668,16.666666666666664,10.0,10.0,10.0,6.666666666666667,6.666666666666667,0.0,0.0,30.0,40.0,48.94542265015275,95.42034426727533,139.01178250566505,236.17535297865126,378.1190092738631,46.666666666666664,36.666666666666664,23.333333333333332,16.666666666666664,10.0,10.0,10.0,6.666666666666667,6.666666666666667,30.0,40.0,27.09385221319381,35.79557180804244,74.53242748389493,187.71754977415762,416.1080609513388,27.586206896551722,24.137931034482758,20.689655172413794,20.689655172413794,13.793103448275861,6.896551724137931,6.896551724137931,6.896551724137931,6.896551724137931,29.0,38.0,CAUTION,full_snapshot
2026-09-25,2026-09-25T06:02:18.758665Z,8fd5d5e96d646857ead4929c2482e0098ece48401eed9f12e14bc49b6624f138,116.38999938964844,40,31.0,40.0,83.2198556565987,105.0975264479636,155.46273999891272,201.84086277276438,324.46355955801613,51.61290322580645,25.806451612903224,12.903225806451612,12.903225806451612,6.451612903225806,3.225806451612903,3.225806451612903,0.0,0.0,31.0,40.0,58.275356636360556,84.28506280690043,115.78357435426642,158.68521391234464,362.37469841913725,29.03225806451613,19.35483870967742,12.903225806451612,12.903225806451612,9.67741935483871,6.451612903225806,6.451612903225806,0.0,0.0,31.0,40.0,62.60942229697459,119.4313118427924,205.66439397699352,251.27083905997125,389.14052742249316,61.29032258064516,51.61290322580645,25.806451612903224,12.903225806451612,9.67741935483871,9.67741935483871,9.67741935483871,6.451612903225806,6.451612903225806,31.0,40.0,27.7702658910277,38.65602155679442,85.35942723202884,246.422887957156,457.0869440702534,35.483870967741936,32.25806451612903,25.806451612903224,22.58064516129032,16.129032258064516,9.67741935483871,9.67741935483871,9.67741935483871,9.67741935483871,31.0,39.0,CAUTION,full_snapshot
2026-09-26,2026-09-26T00:02:16.663804Z,c4fed05af6135bafbed611767719c8d75913011ee000340e256ca108a10f1432,122.11000061035156,40,32.0,40.0,80.90620693916138,91.80307080330918,146.01950553933113,195.24731176825048,238.11626877028814,50.0,25.0,9.375,9.375,3.125,0.0,0.0,0.0,0.0,32.0,40.0,52.93818628319809,86.08950861087665,118.49793175000286,152.58176896206015,209.32702373388398,28.125,12.5,9.375,9.375,6.25,3.125,0.0,0.0,0.0,32.0,40.0,51.45189106373855,96.42954468711078,156.80518827692975,255.47489357692055,324.4759143043379,53.125,37.5,28.125,15.625,9.375,6.25,6.25,3.125,3.125,32.0,40.0,21.933630048694088,38.02080830604041,58.06020992928294,203.4531230268849,465.7616545766518,31.25,25.0,18.75,15.625,12.5,9.375,9.375,9.375,9.375,32.0,40.0,UNSTABLE,full_snapshot
