timestamp_utc,Open,High,Low,Close,Volume
2018-08-16T00:00:00.000000Z,3.7000001611886546e-05,5.199999941396527e-05,3.7000001611886546e-05,4.6000001020729542e-05,23376
2018-08-17T00:00:00.000000Z,4.6000001020729542e-05,4.7000001359265298e-05,3.7999998312443495e-05,4.1999999666586518e-05,10411
2018-08-18T00:00:00.000000Z,4.1999999666586518e-05,4.5000000682193786e-05,3.7000001611886546e-05,3.9999998989515007e-05,24378
2018-08-19T00:00:00.000000Z,3.7999998312443495e-05,4.3000000005122274e-05,3.7000001611886546e-05,3.9999998989515007e-05,25846
2018-08-20T00:00:00.000000Z,3.9999998989515007e-05,3.9999998989515007e-05,3.7000001611886546e-05,3.7999998312443495e-05,16333
2018-08-21T00:00:00.000000Z,3.7000001611886546e-05,3.8999998650979251e-05,3.600000127335079e-05,3.7999998312443495e-05,5262
2018-08-22T00:00:00.000000Z,3.7999998312443495e-05,3.9999998989515007e-05,3.600000127335079e-05,3.600000127335079e-05,17355
2018-08-23T00:00:00.000000Z,3.600000127335079e-05,3.7999998312443495e-05,3.600000127335079e-05,3.7000001611886546e-05,11794
2018-08-24T00:00:00.000000Z,3.7999998312443495e-05,3.7999998312443495e-05,3.600000127335079e-05,3.7000001611886546e-05,4320
2018-08-25T00:00:00.000000Z,3.7000001611886546e-05,3.8999998650979251e-05,3.600000127335079e-05,3.7000001611886546e-05,5111
2018-08-26T00:00:00.000000Z,3.7000001611886546e-05,3.7999998312443495e-05,3.600000127335079e-05,3.7000001611886546e-05,2228
2018-08-27T00:00:00.000000Z,3.7999998312443495e-05,3.8999998650979251e-05,3.7000001611886546e-05,3.8999998650979251e-05,2517
2018-08-28T00:00:00.000000Z,3.8999998650979251e-05,4.0999999328050762e-05,3.7999998312443495e-05,3.9999998989515007e-05,1698
2018-08-29T00:00:00.000000Z,3.9999998989515007e-05,4.400000034365803e-05,3.9999998989515007e-05,4.1999999666586518e-05,1947
2018-08-30T00:00:00.000000Z,4.1999999666586518e-05,5.4000000091036782e-05,4.0999999328050762e-05,4.5000000682193786e-05,12020
2018-08-31T00:00:00.000000Z,4.6000001020729542e-05,6.9000001531094313e-05,4.6000001020729542e-05,6.9000001531094313e-05,18397
2018-09-01T00:00:00.000000Z,6.9000001531094313e-05,7.599999662488699e-05,5.6000000768108293e-05,6.6000000515487045e-05,6088
2018-09-02T00:00:00.000000Z,6.3999999838415533e-05,6.7000000854022801e-05,5.8000001445179805e-05,6.0999998822808266e-05,980
2018-09-03T00:00:00.000000Z,6.0999998822808266e-05,6.2999999499879777e-05,5.7000001106644049e-05,5.7000001106644049e-05,942
2018-09-04T00:00:00.000000Z,5.7000001106644049e-05,6.6000000515487045e-05,5.7000001106644049e-05,5.9000001783715561e-05,785
2018-09-05T00:00:00.000000Z,5.8000001445179805e-05,6.6000000515487045e-05,5.7000001106644049e-05,5.7000001106644049e-05,3340
2018-09-06T00:00:00.000000Z,5.7000001106644049e-05,5.8000001445179805e-05,4.8999998398358002e-05,5.5000000429572538e-05,4248
2018-09-07T00:00:00.000000Z,5.5000000429572538e-05,5.7000001106644049e-05,4.9999998736893758e-05,5.5000000429572538e-05,1664
2018-09-08T00:00:00.000000Z,5.5000000429572538e-05,5.999999848427251e-05,4.8999998398358002e-05,5.199999941396527e-05,1864
2018-09-09T00:00:00.000000Z,5.199999941396527e-05,6.3999999838415533e-05,5.199999941396527e-05,5.8000001445179805e-05,2075
2018-09-10T00:00:00.000000Z,5.8000001445179805e-05,6.2999999499879777e-05,5.7000001106644049e-05,5.9000001783715561e-05,8474
2018-09-11T00:00:00.000000Z,5.9000001783715561e-05,5.999999848427251e-05,5.4000000091036782e-05,5.7000001106644049e-05,3643
2018-09-12T00:00:00.000000Z,5.7000001106644049e-05,6.2999999499879777e-05,5.4000000091036782e-05,6.2999999499879777e-05,9280
2018-09-13T00:00:00.000000Z,6.2999999499879777e-05,8.0999998317565769e-05,6.0999998822808266e-05,8.0999998317565769e-05,14034
2018-09-14T00:00:00.000000Z,8.0999998317565769e-05,8.9000001025851816e-05,6.7000000854022801e-05,7.1000002208165824e-05,8906
2018-09-15T00:00:00.000000Z,7.1000002208165824e-05,7.599999662488699e-05,6.6000000515487045e-05,7.3000002885237336e-05,4849
2018-09-16T00:00:00.000000Z,7.3000002885237336e-05,7.8999997640494257e-05,6.9000001531094313e-05,7.7999997301958501e-05,8424
2018-09-17T00:00:00.000000Z,7.7999997301958501e-05,8.9000001025851816e-05,7.4000003223773092e-05,7.6999996963422745e-05,3257
2018-09-18T00:00:00.000000Z,7.7999997301958501e-05,8.1999998656101525e-05,7.599999662488699e-05,7.9999997979030013e-05,8091
2018-09-19T00:00:00.000000Z,7.9999997979030013e-05,8.7000000348780304e-05,7.5000003562308848e-05,7.9999997979030013e-05,5448
2018-09-20T00:00:00.000000Z,7.9999997979030013e-05,8.1999998656101525e-05,7.5000003562308848e-05,8.0999998317565769e-05,20513
2018-09-21T00:00:00.000000Z,8.0999998317565769e-05,8.2999998994637281e-05,7.1000002208165824e-05,7.1000002208165824e-05,7236
2018-09-22T00:00:00.000000Z,7.200000254670158e-05,7.5000003562308848e-05,6.1999999161344022e-05,6.1999999161344022e-05,1580
2018-09-23T00:00:00.000000Z,6.2999999499879777e-05,6.6000000515487045e-05,6.1999999161344022e-05,6.5000000176951289e-05,3552
2018-09-24T00:00:00.000000Z,6.5000000176951289e-05,7.1000002208165824e-05,4.8999998398358002e-05,5.9000001783715561e-05,1520
2018-09-25T00:00:00.000000Z,5.9000001783715561e-05,5.9000001783715561e-05,4.5000000682193786e-05,4.8999998398358002e-05,1688
2018-09-26T00:00:00.000000Z,4.8999998398358002e-05,5.2999999752501026e-05,4.7000001359265298e-05,4.8000001697801054e-05,904
2018-09-27T00:00:00.000000Z,4.8000001697801054e-05,4.9999998736893758e-05,4.6000001020729542e-05,4.7000001359265298e-05,997
2018-09-28T00:00:00.000000Z,4.7000001359265298e-05,6.5000000176951289e-05,4.7000001359265298e-05,5.8000001445179805e-05,974
2018-09-29T00:00:00.000000Z,5.8000001445179805e-05,5.8000001445179805e-05,4.3000000005122274e-05,4.400000034365803e-05,790
2018-09-30T00:00:00.000000Z,4.400000034365803e-05,4.9999998736893758e-05,4.1999999666586518e-05,4.1999999666586518e-05,1428
2018-10-01T00:00:00.000000Z,4.1999999666586518e-05,4.3000000005122274e-05,4.0999999328050762e-05,4.3000000005122274e-05,580
2018-10-02T00:00:00.000000Z,4.3000000005122274e-05,5.4000000091036782e-05,3.8999998650979251e-05,4.3000000005122274e-05,991
2018-10-03T00:00:00.000000Z,4.3000000005122274e-05,4.3000000005122274e-05,3.7000001611886546e-05,3.9999998989515007e-05,560
2018-10-04T00:00:00.000000Z,3.9999998989515007e-05,4.3000000005122274e-05,3.7999998312443495e-05,3.8999998650979251e-05,2506
2018-10-05T00:00:00.000000Z,3.8999998650979251e-05,4.1999999666586518e-05,3.7999998312443495e-05,3.8999998650979251e-05,1052
2018-10-06T00:00:00.000000Z,3.8999998650979251e-05,3.8999998650979251e-05,3.1999999919207767e-05,3.8999998650979251e-05,740
2018-10-07T00:00:00.000000Z,3.8999998650979251e-05,3.8999998650979251e-05,3.600000127335079e-05,3.7000001611886546e-05,278
2018-10-08T00:00:00.000000Z,3.7000001611886546e-05,3.9999998989515007e-05,3.600000127335079e-05,3.7000001611886546e-05,662
2018-10-09T00:00:00.000000Z,3.7000001611886546e-05,3.9999998989515007e-05,3.600000127335079e-05,3.600000127335079e-05,546
2018-10-10T00:00:00.000000Z,3.7000001611886546e-05,3.7999998312443495e-05,3.5000000934815034e-05,3.600000127335079e-05,1838
2018-10-11T00:00:00.000000Z,3.600000127335079e-05,3.600000127335079e-05,2.9000000722589903e-05,2.9000000722589903e-05,481
2018-10-12T00:00:00.000000Z,3.0999999580672011e-05,3.3000000257743523e-05,2.7000000045518391e-05,2.9000000722589903e-05,602
2018-10-13T00:00:00.000000Z,2.9000000722589903e-05,3.600000127335079e-05,2.8000000384054147e-05,3.1999999919207767e-05,2376
2018-10-14T00:00:00.000000Z,3.1999999919207767e-05,3.3000000257743523e-05,2.9000000722589903e-05,2.9000000722589903e-05,150
2018-10-15T00:00:00.000000Z,2.9000000722589903e-05,3.3000000257743523e-05,2.4000000848900527e-05,2.7000000045518391e-05,922
2018-10-16T00:00:00.000000Z,2.7000000045518391e-05,2.9999999242136255e-05,2.4999999368446879e-05,2.9000000722589903e-05,728
2018-10-17T00:00:00.000000Z,2.9000000722589903e-05,2.9000000722589903e-05,2.2000000171829015e-05,2.4999999368446879e-05,1727
2018-10-18T00:00:00.000000Z,2.4999999368446879e-05,3.5000000934815034e-05,2.3000000510364771e-05,2.9999999242136255e-05,4020
2018-10-19T00:00:00.000000Z,2.9999999242136255e-05,2.9999999242136255e-05,2.5999999706982635e-05,2.5999999706982635e-05,424
2018-10-20T00:00:00.000000Z,2.5999999706982635e-05,2.7000000045518391e-05,2.5999999706982635e-05,2.5999999706982635e-05,213
2018-10-21T00:00:00.000000Z,2.5999999706982635e-05,2.5999999706982635e-05,2.2000000171829015e-05,2.2000000171829015e-05,128
2018-10-22T00:00:00.000000Z,2.3000000510364771e-05,2.8000000384054147e-05,1.9999999494757503e-05,2.4000000848900527e-05,4235
2018-10-23T00:00:00.000000Z,2.4000000848900527e-05,2.4999999368446879e-05,2.3000000510364771e-05,2.3000000510364771e-05,138
2018-10-24T00:00:00.000000Z,2.3000000510364771e-05,2.4000000848900527e-05,2.0999999833293259e-05,2.2000000171829015e-05,344
2018-10-25T00:00:00.000000Z,2.2000000171829015e-05,2.4999999368446879e-05,1.9999999494757503e-05,2.0999999833293259e-05,724
2018-10-26T00:00:00.000000Z,2.0999999833293259e-05,2.2000000171829015e-05,2.0999999833293259e-05,2.2000000171829015e-05,370
2018-10-27T00:00:00.000000Z,2.2000000171829015e-05,2.3000000510364771e-05,2.0999999833293259e-05,2.0999999833293259e-05,243
2018-10-28T00:00:00.000000Z,2.0999999833293259e-05,2.2000000171829015e-05,1.9999999494757503e-05,1.9999999494757503e-05,808
2018-10-29T00:00:00.000000Z,1.9999999494757503e-05,1.9999999494757503e-05,1.8999999156221747e-05,1.8999999156221747e-05,289
2018-10-30T00:00:00.000000Z,1.8999999156221747e-05,1.8999999156221747e-05,1.8000000636675395e-05,1.8999999156221747e-05,174
2018-10-31T00:00:00.000000Z,1.8999999156221747e-05,1.8999999156221747e-05,1.4000000192027073e-05,1.4999999621068127e-05,325
2018-11-01T00:00:00.000000Z,1.4999999621068127e-05,2.3000000510364771e-05,1.4999999621068127e-05,1.7000000298139639e-05,913
2018-11-02T00:00:00.000000Z,1.7000000298139639e-05,1.9999999494757503e-05,1.7000000298139639e-05,1.9999999494757503e-05,517
2018-11-03T00:00:00.000000Z,1.9999999494757503e-05,1.9999999494757503e-05,1.5999999959603883e-05,1.8999999156221747e-05,444
2018-11-04T00:00:00.000000Z,1.8999999156221747e-05,1.9999999494757503e-05,1.8000000636675395e-05,1.9999999494757503e-05,416
2018-11-05T00:00:00.000000Z,1.9999999494757503e-05,1.9999999494757503e-05,1.7000000298139639e-05,1.8000000636675395e-05,107
2018-11-06T00:00:00.000000Z,1.8000000636675395e-05,1.8999999156221747e-05,1.5999999959603883e-05,1.8000000636675395e-05,316
2018-11-07T00:00:00.000000Z,1.8000000636675395e-05,2.0999999833293259e-05,1.1000000085914508e-05,1.8999999156221747e-05,2298
2018-11-08T00:00:00.000000Z,1.8999999156221747e-05,1.9999999494757503e-05,1.4999999621068127e-05,1.7000000298139639e-05,263
2018-11-09T00:00:00.000000Z,1.7000000298139639e-05,1.7000000298139639e-05,1.5999999959603883e-05,1.7000000298139639e-05,34
2018-11-10T00:00:00.000000Z,1.7000000298139639e-05,1.7000000298139639e-05,1.4999999621068127e-05,1.5999999959603883e-05,31
2018-11-11T00:00:00.000000Z,1.5999999959603883e-05,1.7000000298139639e-05,1.4000000192027073e-05,1.4000000192027073e-05,584
2018-11-12T00:00:00.000000Z,1.4000000192027073e-05,1.4999999621068127e-05,1.1000000085914508e-05,1.1000000085914508e-05,140
2018-11-13T00:00:00.000000Z,1.1000000085914508e-05,1.5999999959603883e-05,1.1000000085914508e-05,1.4000000192027073e-05,647
2018-11-14T00:00:00.000000Z,1.4000000192027073e-05,1.5999999959603883e-05,1.1000000085914508e-05,1.2000000424450263e-05,785
2018-11-15T00:00:00.000000Z,1.2000000424450263e-05,1.2000000424450263e-05,3.9999999899009708e-06,9.0000003183376975e-06,1260
2018-11-16T00:00:00.000000Z,9.0000003183376975e-06,1.1000000085914508e-05,9.0000003183376975e-06,9.9999997473787516e-06,341
2018-11-17T00:00:00.000000Z,9.9999997473787516e-06,9.9999997473787516e-06,9.0000003183376975e-06,9.0000003183376975e-06,158
2018-11-18T00:00:00.000000Z,9.0000003183376975e-06,9.9999997473787516e-06,9.0000003183376975e-06,9.0000003183376975e-06,85
2018-11-19T00:00:00.000000Z,9.0000003183376975e-06,9.0000003183376975e-06,7.0000000960135367e-06,7.9999999798019417e-06,361
2018-11-20T00:00:00.000000Z,7.9999999798019417e-06,7.9999999798019417e-06,6.0000002122251317e-06,7.0000000960135367e-06,239
2018-11-21T00:00:00.000000Z,7.0000000960135367e-06,7.9999999798019417e-06,7.0000000960135367e-06,7.0000000960135367e-06,51
2018-11-22T00:00:00.000000Z,7.0000000960135367e-06,9.0000003183376975e-06,7.0000000960135367e-06,7.9999999798019417e-06,929
2018-11-23T00:00:00.000000Z,7.9999999798019417e-06,9.0000003183376975e-06,7.9999999798019417e-06,7.9999999798019417e-06,363
2018-11-24T00:00:00.000000Z,7.9999999798019417e-06,9.0000003183376975e-06,7.0000000960135367e-06,7.9999999798019417e-06,41
2018-11-25T00:00:00.000000Z,7.9999999798019417e-06,7.9999999798019417e-06,7.0000000960135367e-06,7.0000000960135367e-06,11
2018-11-26T00:00:00.000000Z,7.0000000960135367e-06,7.9999999798019417e-06,4.9999998736893758e-06,4.9999998736893758e-06,106
2018-11-27T00:00:00.000000Z,4.9999998736893758e-06,7.9999999798019417e-06,4.9999998736893758e-06,7.0000000960135367e-06,272
2018-11-28T00:00:00.000000Z,7.0000000960135367e-06,9.0000003183376975e-06,7.0000000960135367e-06,9.0000003183376975e-06,112
2018-11-29T00:00:00.000000Z,9.0000003183376975e-06,9.9999997473787516e-06,7.9999999798019417e-06,9.0000003183376975e-06,843
2018-11-30T00:00:00.000000Z,9.0000003183376975e-06,9.0000003183376975e-06,7.9999999798019417e-06,7.9999999798019417e-06,166
2018-12-01T00:00:00.000000Z,7.9999999798019417e-06,9.0000003183376975e-06,7.9999999798019417e-06,9.0000003183376975e-06,19
2018-12-02T00:00:00.000000Z,9.0000003183376975e-06,9.0000003183376975e-06,7.9999999798019417e-06,7.9999999798019417e-06,289
2018-12-03T00:00:00.000000Z,7.0000000960135367e-06,7.9999999798019417e-06,7.0000000960135367e-06,7.9999999798019417e-06,192
2018-12-04T00:00:00.000000Z,7.9999999798019417e-06,7.9999999798019417e-06,7.0000000960135367e-06,7.0000000960135367e-06,33
2018-12-05T00:00:00.000000Z,7.0000000960135367e-06,7.0000000960135367e-06,7.0000000960135367e-06,7.0000000960135367e-06,10
2018-12-06T00:00:00.000000Z,7.0000000960135367e-06,7.9999999798019417e-06,6.0000002122251317e-06,7.0000000960135367e-06,620
2018-12-07T00:00:00.000000Z,7.0000000960135367e-06,7.0000000960135367e-06,6.0000002122251317e-06,6.0000002122251317e-06,203
2018-12-08T00:00:00.000000Z,6.0000002122251317e-06,7.0000000960135367e-06,6.0000002122251317e-06,7.0000000960135367e-06,515
2018-12-09T00:00:00.000000Z,6.0000002122251317e-06,7.0000000960135367e-06,6.0000002122251317e-06,6.0000002122251317e-06,53
2018-12-10T00:00:00.000000Z,6.0000002122251317e-06,7.0000000960135367e-06,6.0000002122251317e-06,6.0000002122251317e-06,19
2018-12-11T00:00:00.000000Z,6.0000002122251317e-06,6.0000002122251317e-06,6.0000002122251317e-06,6.0000002122251317e-06,179
2018-12-12T00:00:00.000000Z,6.0000002122251317e-06,7.0000000960135367e-06,6.0000002122251317e-06,6.0000002122251317e-06,201
2018-12-13T00:00:00.000000Z,6.0000002122251317e-06,6.0000002122251317e-06,6.0000002122251317e-06,6.0000002122251317e-06,31
2018-12-14T00:00:00.000000Z,6.0000002122251317e-06,6.0000002122251317e-06,4.9999998736893758e-06,6.0000002122251317e-06,704
2018-12-15T00:00:00.000000Z,6.0000002122251317e-06,6.0000002122251317e-06,4.9999998736893758e-06,4.9999998736893758e-06,138
2018-12-16T00:00:00.000000Z,4.9999998736893758e-06,7.0000000960135367e-06,4.9999998736893758e-06,6.0000002122251317e-06,409
2018-12-17T00:00:00.000000Z,6.0000002122251317e-06,7.0000000960135367e-06,3.0000001061125658e-06,6.0000002122251317e-06,649
2018-12-18T00:00:00.000000Z,6.0000002122251317e-06,7.0000000960135367e-06,4.9999998736893758e-06,4.9999998736893758e-06,165
2018-12-19T00:00:00.000000Z,4.9999998736893758e-06,6.0000002122251317e-06,4.9999998736893758e-06,6.0000002122251317e-06,204
2018-12-20T00:00:00.000000Z,6.0000002122251317e-06,6.0000002122251317e-06,6.0000002122251317e-06,6.0000002122251317e-06,18
2018-12-21T00:00:00.000000Z,6.0000002122251317e-06,7.0000000960135367e-06,4.9999998736893758e-06,6.0000002122251317e-06,133
2018-12-22T00:00:00.000000Z,6.0000002122251317e-06,6.0000002122251317e-06,3.9999999899009708e-06,4.9999998736893758e-06,523
2018-12-23T00:00:00.000000Z,4.9999998736893758e-06,6.0000002122251317e-06,3.9999999899009708e-06,4.9999998736893758e-06,1111
2018-12-24T00:00:00.000000Z,4.9999998736893758e-06,7.0000000960135367e-06,4.9999998736893758e-06,4.9999998736893758e-06,76
2018-12-25T00:00:00.000000Z,4.9999998736893758e-06,4.9999998736893758e-06,3.9999999899009708e-06,3.9999999899009708e-06,213
2018-12-26T00:00:00.000000Z,3.9999999899009708e-06,3.9999999899009708e-06,3.9999999899009708e-06,3.9999999899009708e-06,222
2018-12-27T00:00:00.000000Z,3.9999999899009708e-06,4.9999998736893758e-06,3.9999999899009708e-06,4.9999998736893758e-06,145
2018-12-28T00:00:00.000000Z,4.9999998736893758e-06,4.9999998736893758e-06,3.9999999899009708e-06,4.9999998736893758e-06,119
2018-12-29T00:00:00.000000Z,4.9999998736893758e-06,4.9999998736893758e-06,3.9999999899009708e-06,3.9999999899009708e-06,76
2018-12-30T00:00:00.000000Z,3.9999999899009708e-06,4.9999998736893758e-06,3.9999999899009708e-06,3.9999999899009708e-06,44
2018-12-31T00:00:00.000000Z,3.9999999899009708e-06,3.9999999899009708e-06,3.9999999899009708e-06,3.9999999899009708e-06,102
2019-01-01T00:00:00.000000Z,3.9999999899009708e-06,4.9999998736893758e-06,3.9999999899009708e-06,4.9999998736893758e-06,67
2019-01-02T00:00:00.000000Z,4.9999998736893758e-06,4.9999998736893758e-06,4.9999998736893758e-06,4.9999998736893758e-06,10
2019-01-03T00:00:00.000000Z,4.9999998736893758e-06,4.9999998736893758e-06,3.9999999899009708e-06,3.9999999899009708e-06,189
2019-01-04T00:00:00.000000Z,3.9999999899009708e-06,4.9999998736893758e-06,3.9999999899009708e-06,4.9999998736893758e-06,103
2019-01-05T00:00:00.000000Z,4.9999998736893758e-06,4.9999998736893758e-06,4.9999998736893758e-06,4.9999998736893758e-06,42
2019-01-06T00:00:00.000000Z,4.9999998736893758e-06,4.9999998736893758e-06,3.9999999899009708e-06,4.9999998736893758e-06,177
2019-01-07T00:00:00.000000Z,4.9999998736893758e-06,4.9999998736893758e-06,3.9999999899009708e-06,3.9999999899009708e-06,37
2019-01-08T00:00:00.000000Z,3.9999999899009708e-06,4.9999998736893758e-06,3.0000001061125658e-06,3.9999999899009708e-06,54
2019-01-09T00:00:00.000000Z,3.9999999899009708e-06,3.9999999899009708e-06,3.0000001061125658e-06,3.0000001061125658e-06,262
2019-01-10T00:00:00.000000Z,3.0000001061125658e-06,3.0000001061125658e-06,1.9999999949504854e-06,3.0000001061125658e-06,128
2019-01-11T00:00:00.000000Z,3.0000001061125658e-06,9.0000003183376975e-06,3.0000001061125658e-06,6.0000002122251317e-06,126
2019-01-12T00:00:00.000000Z,6.0000002122251317e-06,6.0000002122251317e-06,3.0000001061125658e-06,3.0000001061125658e-06,16
2019-01-13T00:00:00.000000Z,3.0000001061125658e-06,3.0000001061125658e-06,1.9999999949504854e-06,3.0000001061125658e-06,120
2019-01-14T00:00:00.000000Z,1.9999999949504854e-06,3.0000001061125658e-06,1.9999999949504854e-06,3.0000001061125658e-06,62
2019-01-15T00:00:00.000000Z,3.0000001061125658e-06,3.0000001061125658e-06,3.0000001061125658e-06,3.0000001061125658e-06,0
2019-01-16T00:00:00.000000Z,3.0000001061125658e-06,3.0000001061125658e-06,3.0000001061125658e-06,3.0000001061125658e-06,0
2019-01-17T00:00:00.000000Z,3.0000001061125658e-06,3.0000001061125658e-06,1.9999999949504854e-06,1.9999999949504854e-06,0
2019-01-18T00:00:00.000000Z,1.9999999949504854e-06,3.9999999899009708e-06,1.9999999949504854e-06,1.9999999949504854e-06,28
2019-01-19T00:00:00.000000Z,1.9999999949504854e-06,1.9999999949504854e-06,1.9999999949504854e-06,1.9999999949504854e-06,50
2019-01-20T00:00:00.000000Z,1.9999999949504854e-06,1.9999999949504854e-06,9.9999999747524271e-07,1.9999999949504854e-06,30
2019-01-21T00:00:00.000000Z,1.9999999949504854e-06,1.9999999949504854e-06,1.9999999949504854e-06,1.9999999949504854e-06,54
2019-01-22T00:00:00.000000Z,1.9999999949504854e-06,3.0000001061125658e-06,1.9999999949504854e-06,1.9999999949504854e-06,335
2019-01-23T00:00:00.000000Z,1.9999999949504854e-06,3.0000001061125658e-06,9.9999999747524271e-07,1.9999999949504854e-06,114
2019-01-24T00:00:00.000000Z,1.9999999949504854e-06,3.0000001061125658e-06,1.9999999949504854e-06,1.9999999949504854e-06,83
2019-01-25T00:00:00.000000Z,1.9999999949504854e-06,4.9999998736893758e-06,1.9999999949504854e-06,3.0000001061125658e-06,767
2019-01-26T00:00:00.000000Z,3.0000001061125658e-06,3.0000001061125658e-06,1.9999999949504854e-06,1.9999999949504854e-06,143
2019-01-27T00:00:00.000000Z,1.9999999949504854e-06,3.0000001061125658e-06,1.9999999949504854e-06,1.9999999949504854e-06,84
2019-01-28T00:00:00.000000Z,1.9999999949504854e-06,1.9999999949504854e-06,1.9999999949504854e-06,1.9999999949504854e-06,29
2019-01-29T00:00:00.000000Z,1.9999999949504854e-06,3.0000001061125658e-06,1.9999999949504854e-06,1.9999999949504854e-06,177
2019-01-30T00:00:00.000000Z,1.9999999949504854e-06,1.9999999949504854e-06,1.9999999949504854e-06,1.9999999949504854e-06,7
2019-01-31T00:00:00.000000Z,1.9999999949504854e-06,3.9999999899009708e-06,1.9999999949504854e-06,3.9999999899009708e-06,43
2019-02-01T00:00:00.000000Z,3.9999999899009708e-06,3.9999999899009708e-06,3.0000001061125658e-06,3.0000001061125658e-06,113
2019-02-02T00:00:00.000000Z,3.0000001061125658e-06,3.0000001061125658e-06,1.9999999949504854e-06,1.9999999949504854e-06,70
2019-02-03T00:00:00.000000Z,1.9999999949504854e-06,3.0000001061125658e-06,1.9999999949504854e-06,1.9999999949504854e-06,16
2019-02-04T00:00:00.000000Z,1.9999999949504854e-06,3.0000001061125658e-06,1.9999999949504854e-06,3.0000001061125658e-06,38
2019-02-05T00:00:00.000000Z,3.0000001061125658e-06,3.0000001061125658e-06,3.0000001061125658e-06,3.0000001061125658e-06,45
2019-02-06T00:00:00.000000Z,3.0000001061125658e-06,3.0000001061125658e-06,1.9999999949504854e-06,3.0000001061125658e-06,27
2019-02-07T00:00:00.000000Z,3.0000001061125658e-06,4.9999998736893758e-06,3.0000001061125658e-06,4.9999998736893758e-06,47
2019-02-08T00:00:00.000000Z,4.9999998736893758e-06,6.0000002122251317e-06,1.9999999949504854e-06,3.0000001061125658e-06,17
2019-02-09T00:00:00.000000Z,3.0000001061125658e-06,3.0000001061125658e-06,1.9999999949504854e-06,3.0000001061125658e-06,143
2019-02-10T00:00:00.000000Z,3.0000001061125658e-06,3.0000001061125658e-06,1.9999999949504854e-06,3.0000001061125658e-06,130
2019-02-11T00:00:00.000000Z,3.0000001061125658e-06,3.0000001061125658e-06,1.9999999949504854e-06,1.9999999949504854e-06,69
2019-02-12T00:00:00.000000Z,1.9999999949504854e-06,1.9999999949504854e-06,1.9999999949504854e-06,1.9999999949504854e-06,91
2019-02-13T00:00:00.000000Z,1.9999999949504854e-06,1.9999999949504854e-06,1.9999999949504854e-06,1.9999999949504854e-06,78
2019-02-14T00:00:00.000000Z,1.9999999949504854e-06,1.9999999949504854e-06,1.9999999949504854e-06,1.9999999949504854e-06,41
2019-02-15T00:00:00.000000Z,1.9999999949504854e-06,1.9999999949504854e-06,1.9999999949504854e-06,1.9999999949504854e-06,32
2019-02-16T00:00:00.000000Z,1.9999999949504854e-06,3.0000001061125658e-06,1.9999999949504854e-06,1.9999999949504854e-06,154
2019-02-17T00:00:00.000000Z,1.9999999949504854e-06,3.0000001061125658e-06,1.9999999949504854e-06,3.0000001061125658e-06,54
2019-02-18T00:00:00.000000Z,3.0000001061125658e-06,3.0000001061125658e-06,1.9999999949504854e-06,3.0000001061125658e-06,27
2019-02-19T00:00:00.000000Z,3.0000001061125658e-06,3.0000001061125658e-06,1.9999999949504854e-06,1.9999999949504854e-06,1
2019-02-20T00:00:00.000000Z,1.9999999949504854e-06,1.9999999949504854e-06,1.9999999949504854e-06,1.9999999949504854e-06,7
2019-02-21T00:00:00.000000Z,1.9999999949504854e-06,1.9999999949504854e-06,1.9999999949504854e-06,1.9999999949504854e-06,65
2019-02-22T00:00:00.000000Z,1.9999999949504854e-06,1.1000000085914508e-05,1.9999999949504854e-06,1.9999999949504854e-06,152
2019-02-23T00:00:00.000000Z,1.9999999949504854e-06,3.0000001061125658e-06,1.9999999949504854e-06,3.0000001061125658e-06,210
2019-02-24T00:00:00.000000Z,3.0000001061125658e-06,3.0000001061125658e-06,1.9999999949504854e-06,1.9999999949504854e-06,225
2019-02-25T00:00:00.000000Z,1.9999999949504854e-06,1.9999999949504854e-06,1.9999999949504854e-06,1.9999999949504854e-06,12
2019-02-26T00:00:00.000000Z,1.9999999949504854e-06,1.9999999949504854e-06,1.9999999949504854e-06,1.9999999949504854e-06,42
2019-02-27T00:00:00.000000Z,1.9999999949504854e-06,1.9999999949504854e-06,1.9999999949504854e-06,1.9999999949504854e-06,104
2019-02-28T00:00:00.000000Z,1.9999999949504854e-06,1.9999999949504854e-06,1.9999999949504854e-06,1.9999999949504854e-06,97
2019-03-01T00:00:00.000000Z,1.9999999949504854e-06,3.0000001061125658e-06,1.9999999949504854e-06,1.9999999949504854e-06,7
2019-03-02T00:00:00.000000Z,1.9999999949504854e-06,1.9999999949504854e-06,1.9999999949504854e-06,1.9999999949504854e-06,9
2019-03-03T00:00:00.000000Z,1.9999999949504854e-06,1.9999999949504854e-06,1.9999999949504854e-06,1.9999999949504854e-06,68
2019-03-04T00:00:00.000000Z,1.9999999949504854e-06,1.9999999949504854e-06,9.9999999747524271e-07,1.9999999949504854e-06,31
2019-03-05T00:00:00.000000Z,1.9999999949504854e-06,1.9999999949504854e-06,1.9999999949504854e-06,1.9999999949504854e-06,52
2019-03-06T00:00:00.000000Z,1.9999999949504854e-06,1.9999999949504854e-06,1.9999999949504854e-06,1.9999999949504854e-06,25
2019-03-07T00:00:00.000000Z,1.9999999949504854e-06,1.9999999949504854e-06,1.9999999949504854e-06,1.9999999949504854e-06,18
2019-03-08T00:00:00.000000Z,1.9999999949504854e-06,1.9999999949504854e-06,9.9999999747524271e-07,1.9999999949504854e-06,58
2019-03-09T00:00:00.000000Z,1.9999999949504854e-06,1.9999999949504854e-06,1.9999999949504854e-06,1.9999999949504854e-06,23
2019-03-10T00:00:00.000000Z,1.9999999949504854e-06,1.9999999494757503e-05,1.9999999949504854e-06,1.9999999949504854e-06,21
2019-03-11T00:00:00.000000Z,1.9999999949504854e-06,7.0000000960135367e-06,9.9999999747524271e-07,7.0000000960135367e-06,24
2019-03-12T00:00:00.000000Z,7.0000000960135367e-06,1.9999999494757503e-05,9.9999999747524271e-07,9.9999999747524271e-07,19
2019-03-13T00:00:00.000000Z,9.9999999747524271e-07,9.9999999747524271e-07,9.9999999747524271e-07,9.9999999747524271e-07,20
2019-03-14T00:00:00.000000Z,9.9999999747524271e-07,1.9999999949504854e-06,9.9999999747524271e-07,9.9999999747524271e-07,59
2019-03-15T00:00:00.000000Z,9.9999999747524271e-07,1.9999999949504854e-06,9.9999999747524271e-07,1.9999999949504854e-06,1
2019-03-16T00:00:00.000000Z,1.9999999949504854e-06,3.0000001061125658e-06,9.9999999747524271e-07,1.9999999949504854e-06,94
2019-03-17T00:00:00.000000Z,1.9999999949504854e-06,1.9999999949504854e-06,9.9999999747524271e-07,9.9999999747524271e-07,34
2019-03-18T00:00:00.000000Z,9.9999999747524271e-07,3.0000001061125658e-06,9.9999999747524271e-07,1.9999999949504854e-06,27
2019-03-19T00:00:00.000000Z,1.9999999949504854e-06,1.9999999949504854e-06,1.9999999949504854e-06,1.9999999949504854e-06,1
2019-03-20T00:00:00.000000Z,1.9999999949504854e-06,1.9999999949504854e-06,9.9999999747524271e-07,1.9999999949504854e-06,98
2019-03-21T00:00:00.000000Z,1.9999999949504854e-06,1.9999999949504854e-06,9.9999999747524271e-07,1.9999999949504854e-06,23
2019-03-22T00:00:00.000000Z,1.9999999949504854e-06,1.9999999949504854e-06,9.9999999747524271e-07,9.9999999747524271e-07,21
2019-03-23T00:00:00.000000Z,9.9999999747524271e-07,1.9999999949504854e-06,9.9999999747524271e-07,9.9999999747524271e-07,29
2019-03-24T00:00:00.000000Z,9.9999999747524271e-07,1.9999999949504854e-06,9.9999999747524271e-07,1.9999999949504854e-06,32
2019-03-25T00:00:00.000000Z,1.9999999949504854e-06,1.9999999949504854e-06,9.9999999747524271e-07,9.9999999747524271e-07,1
2019-03-26T00:00:00.000000Z,9.9999999747524271e-07,1.2000000424450263e-05,9.9999999747524271e-07,4.9999998736893758e-06,17275
2019-03-27T00:00:00.000000Z,4.9999998736893758e-06,6.0000002122251317e-06,3.0000001061125658e-06,3.0000001061125658e-06,279
2019-03-28T00:00:00.000000Z,3.0000001061125658e-06,3.9999999899009708e-06,1.9999999949504854e-06,1.9999999949504854e-06,132
2019-03-29T00:00:00.000000Z,1.9999999949504854e-06,3.9999999899009708e-06,9.9999999747524271e-07,3.9999999899009708e-06,58
2019-03-30T00:00:00.000000Z,3.9999999899009708e-06,3.9999999899009708e-06,1.9999999949504854e-06,3.0000001061125658e-06,56
2019-03-31T00:00:00.000000Z,3.0000001061125658e-06,3.9999999899009708e-06,9.9999999747524271e-07,9.9999999747524271e-07,1
2019-04-01T00:00:00.000000Z,9.9999999747524271e-07,4.9999998736893758e-06,9.9999999747524271e-07,3.0000001061125658e-06,385
2019-04-02T00:00:00.000000Z,3.0000001061125658e-06,6.0000002122251317e-06,3.0000001061125658e-06,4.9999998736893758e-06,136
2019-04-03T00:00:00.000000Z,4.9999998736893758e-06,7.0000000960135367e-06,4.9999998736893758e-06,6.0000002122251317e-06,17
2019-04-04T00:00:00.000000Z,6.0000002122251317e-06,6.0000002122251317e-06,1.9999999949504854e-06,3.9999999899009708e-06,43
2019-04-05T00:00:00.000000Z,3.9999999899009708e-06,6.0000002122251317e-06,3.9999999899009708e-06,3.9999999899009708e-06,6
2019-04-06T00:00:00.000000Z,3.9999999899009708e-06,3.9999999899009708e-06,1.9999999949504854e-06,3.9999999899009708e-06,22
2019-04-07T00:00:00.000000Z,3.9999999899009708e-06,7.0000000960135367e-06,3.9999999899009708e-06,7.0000000960135367e-06,11
2019-04-08T00:00:00.000000Z,7.0000000960135367e-06,9.0000003183376975e-06,9.9999999747524271e-07,4.9999998736893758e-06,31
2019-04-09T00:00:00.000000Z,4.9999998736893758e-06,2.0999999833293259e-05,3.0000001061125658e-06,1.9999999494757503e-05,15
2019-04-10T00:00:00.000000Z,1.9999999494757503e-05,3.8999998650979251e-05,3.9999999899009708e-06,4.9999998736893758e-06,0
2019-04-11T00:00:00.000000Z,4.9999998736893758e-06,4.9999998736893758e-06,9.9999999747524271e-07,9.9999999747524271e-07,14
2019-04-12T00:00:00.000000Z,9.9999999747524271e-07,1.9999999949504854e-06,9.9999999747524271e-07,1.9999999949504854e-06,13
2019-04-13T00:00:00.000000Z,1.9999999949504854e-06,3.9999999899009708e-06,1.9999999949504854e-06,3.9999999899009708e-06,24
2019-04-14T00:00:00.000000Z,3.9999999899009708e-06,3.9999999899009708e-06,9.9999999747524271e-07,9.9999999747524271e-07,16
2019-04-15T00:00:00.000000Z,9.9999999747524271e-07,9.9999999747524271e-07,9.9999999747524271e-07,9.9999999747524271e-07,33
2019-04-16T00:00:00.000000Z,9.9999999747524271e-07,9.9999999747524271e-07,9.9999999747524271e-07,9.9999999747524271e-07,4
2019-04-17T00:00:00.000000Z,9.9999999747524271e-07,9.9999999747524271e-07,9.9999999747524271e-07,9.9999999747524271e-07,21
2019-04-18T00:00:00.000000Z,9.9999999747524271e-07,1.9999999949504854e-06,9.9999999747524271e-07,1.9999999949504854e-06,45
2019-04-19T00:00:00.000000Z,1.9999999949504854e-06,3.0000001061125658e-06,9.9999999747524271e-07,9.9999999747524271e-07,9
2019-04-20T00:00:00.000000Z,9.9999999747524271e-07,1.9999999949504854e-06,9.9999999747524271e-07,1.9999999949504854e-06,44
2019-04-21T00:00:00.000000Z,1.9999999949504854e-06,3.9999999899009708e-06,9.9999999747524271e-07,9.9999999747524271e-07,32
2019-04-22T00:00:00.000000Z,9.9999999747524271e-07,9.9999999747524271e-07,9.9999999747524271e-07,9.9999999747524271e-07,4
2019-04-23T00:00:00.000000Z,9.9999999747524271e-07,3.0000001061125658e-06,9.9999999747524271e-07,1.9999999949504854e-06,53
2019-04-24T00:00:00.000000Z,1.9999999949504854e-06,3.0000001061125658e-06,9.9999999747524271e-07,3.0000001061125658e-06,30
2019-04-25T00:00:00.000000Z,3.0000001061125658e-06,3.9999999899009708e-06,1.9999999949504854e-06,1.9999999949504854e-06,24
2019-04-26T00:00:00.000000Z,1.9999999949504854e-06,1.9999999949504854e-06,9.9999999747524271e-07,9.9999999747524271e-07,26
2019-04-27T00:00:00.000000Z,9.9999999747524271e-07,9.9999999747524271e-07,9.9999999747524271e-07,9.9999999747524271e-07,28
2019-04-28T00:00:00.000000Z,9.9999999747524271e-07,9.9999999747524271e-07,9.9999999747524271e-07,9.9999999747524271e-07,18
2019-04-29T00:00:00.000000Z,9.9999999747524271e-07,9.9999999747524271e-07,9.9999999747524271e-07,9.9999999747524271e-07,25
2019-04-30T00:00:00.000000Z,9.9999999747524271e-07,1.9999999949504854e-06,9.9999999747524271e-07,1.9999999949504854e-06,43
2019-05-01T00:00:00.000000Z,1.9999999949504854e-06,3.0000001061125658e-06,9.9999999747524271e-07,9.9999999747524271e-07,23
2019-05-02T00:00:00.000000Z,9.9999999747524271e-07,9.9999999747524271e-07,9.9999999747524271e-07,9.9999999747524271e-07,3
2019-05-03T00:00:00.000000Z,9.9999999747524271e-07,9.9999999747524271e-07,9.9999999747524271e-07,9.9999999747524271e-07,39
2019-05-04T00:00:00.000000Z,9.9999999747524271e-07,9.9999999747524271e-07,9.9999999747524271e-07,9.9999999747524271e-07,2
2019-05-05T00:00:00.000000Z,9.9999999747524271e-07,9.9999999747524271e-07,9.9999999747524271e-07,9.9999999747524271e-07,30
2019-05-06T00:00:00.000000Z,9.9999999747524271e-07,9.9999999747524271e-07,9.9999999747524271e-07,9.9999999747524271e-07,59
2019-05-07T00:00:00.000000Z,9.9999999747524271e-07,3.0000001061125658e-06,9.9999999747524271e-07,9.9999999747524271e-07,1
2019-05-08T00:00:00.000000Z,9.9999999747524271e-07,9.9999999747524271e-07,9.9999999747524271e-07,9.9999999747524271e-07,6
2019-05-09T00:00:00.000000Z,9.9999999747524271e-07,9.9999999747524271e-07,9.9999999747524271e-07,9.9999999747524271e-07,0
2019-05-10T00:00:00.000000Z,9.9999999747524271e-07,9.9999999747524271e-07,9.9999999747524271e-07,9.9999999747524271e-07,1
2019-05-11T00:00:00.000000Z,9.9999999747524271e-07,9.9999999747524271e-07,9.9999999747524271e-07,9.9999999747524271e-07,26
2019-05-12T00:00:00.000000Z,9.9999999747524271e-07,9.9999999747524271e-07,9.9999999747524271e-07,9.9999999747524271e-07,3
2019-05-13T00:00:00.000000Z,9.9999999747524271e-07,9.9999999747524271e-07,9.9999999747524271e-07,9.9999999747524271e-07,27
2019-05-14T00:00:00.000000Z,9.9999999747524271e-07,9.9999999747524271e-07,9.9999999747524271e-07,9.9999999747524271e-07,9
2019-05-15T00:00:00.000000Z,9.9999999747524271e-07,1.9999999949504854e-06,9.9999999747524271e-07,1.9999999949504854e-06,29
2019-05-16T00:00:00.000000Z,1.9999999949504854e-06,1.9999999949504854e-06,9.9999999747524271e-07,9.9999999747524271e-07,5
2019-05-17T00:00:00.000000Z,9.9999999747524271e-07,1.9999999949504854e-06,9.9999999747524271e-07,1.9999999949504854e-06,2
2019-05-18T00:00:00.000000Z,1.9999999949504854e-06,1.9999999949504854e-06,9.9999999747524271e-07,9.9999999747524271e-07,5
2019-05-19T00:00:00.000000Z,9.9999999747524271e-07,9.9999999747524271e-07,9.9999999747524271e-07,9.9999999747524271e-07,39
2019-05-20T00:00:00.000000Z,9.9999999747524271e-07,1.9999999949504854e-06,9.9999999747524271e-07,9.9999999747524271e-07,21
2019-05-21T00:00:00.000000Z,9.9999999747524271e-07,1.9999999949504854e-06,9.9999999747524271e-07,9.9999999747524271e-07,16
2019-05-22T00:00:00.000000Z,9.9999999747524271e-07,3.9999999899009708e-06,9.9999999747524271e-07,9.9999999747524271e-07,15
2019-05-23T00:00:00.000000Z,9.9999999747524271e-07,4.9999998736893758e-06,9.9999999747524271e-07,4.9999998736893758e-06,50
2019-05-24T00:00:00.000000Z,4.9999998736893758e-06,7.9999999798019417e-06,4.9999998736893758e-06,6.0000002122251317e-06,65
2019-05-25T00:00:00.000000Z,6.0000002122251317e-06,6.0000002122251317e-06,4.9999998736893758e-06,4.9999998736893758e-06,75
2019-05-26T00:00:00.000000Z,4.9999998736893758e-06,4.9999998736893758e-06,9.9999999747524271e-07,9.9999999747524271e-07,9
2019-05-28T00:00:00.000000Z,0,9.9999999747524271e-07,0,9.9999999747524271e-07,18
2019-05-29T00:00:00.000000Z,9.9999999747524271e-07,9.9999999747524271e-07,9.9999999747524271e-07,9.9999999747524271e-07,3
2019-05-30T00:00:00.000000Z,9.9999999747524271e-07,9.9999999747524271e-07,0,9.9999999747524271e-07,14
2019-06-07T00:00:00.000000Z,0,9.9999999747524271e-07,0,9.9999999747524271e-07,4
2019-06-13T00:00:00.000000Z,0,3.5000000934815034e-05,0,3.5000000934815034e-05,44
2019-06-14T00:00:00.000000Z,3.5000000934815034e-05,8.7000000348780304e-05,3.4000000596279278e-05,8.6000000010244548e-05,0
2019-06-15T00:00:00.000000Z,8.6000000010244548e-05,8.7000000348780304e-05,8.3999999333173037e-05,8.7000000348780304e-05,23
2019-06-16T00:00:00.000000Z,8.7000000348780304e-05,9.3000002379994839e-05,6.8000001192558557e-05,6.8000001192558557e-05,7
2019-06-17T00:00:00.000000Z,6.8000001192558557e-05,6.8000001192558557e-05,6.8000001192558557e-05,6.8000001192558557e-05,0
2019-06-18T00:00:00.000000Z,6.8000001192558557e-05,6.8000001192558557e-05,6.8000001192558557e-05,6.8000001192558557e-05,0
2019-06-19T00:00:00.000000Z,6.8000001192558557e-05,6.8000001192558557e-05,6.8000001192558557e-05,6.8000001192558557e-05,0
2019-06-20T00:00:00.000000Z,6.8000001192558557e-05,6.8000001192558557e-05,6.8000001192558557e-05,6.8000001192558557e-05,0
2019-06-21T00:00:00.000000Z,6.8000001192558557e-05,6.8000001192558557e-05,6.8000001192558557e-05,6.8000001192558557e-05,0
2019-06-22T00:00:00.000000Z,6.8000001192558557e-05,6.8000001192558557e-05,6.8000001192558557e-05,6.8000001192558557e-05,0
2020-06-19T00:00:00.000000Z,9.4000002718530595e-05,9.4000002718530595e-05,9.3000002379994839e-05,9.3000002379994839e-05,97
2020-06-20T00:00:00.000000Z,9.3000002379994839e-05,9.4000002718530595e-05,9.2000002041459084e-05,9.3000002379994839e-05,244
2020-06-21T00:00:00.000000Z,9.3000002379994839e-05,9.4000002718530595e-05,9.3000002379994839e-05,9.3000002379994839e-05,25
2020-06-22T00:00:00.000000Z,9.3000002379994839e-05,9.6999996458180249e-05,9.3000002379994839e-05,9.6999996458180249e-05,51
2020-06-23T00:00:00.000000Z,9.6999996458180249e-05,9.6999996458180249e-05,9.5000003057066351e-05,9.6000003395602107e-05,6386
2020-06-24T00:00:00.000000Z,9.6000003395602107e-05,9.6999996458180249e-05,9.3000002379994839e-05,9.3000002379994839e-05,279
2020-06-25T00:00:00.000000Z,9.3000002379994839e-05,9.3000002379994839e-05,9.1000001702923328e-05,9.3000002379994839e-05,1987
2020-06-26T00:00:00.000000Z,9.2000002041459084e-05,9.3000002379994839e-05,9.1000001702923328e-05,9.2000002041459084e-05,41
2020-06-27T00:00:00.000000Z,9.2000002041459084e-05,9.2000002041459084e-05,8.9000001025851816e-05,9.0000001364387572e-05,0
2020-06-28T00:00:00.000000Z,9.0000001364387572e-05,9.2000002041459084e-05,9.0000001364387572e-05,9.1000001702923328e-05,23
2020-06-29T00:00:00.000000Z,9.1000001702923328e-05,9.2000002041459084e-05,9.0000001364387572e-05,9.2000002041459084e-05,302
2020-06-30T00:00:00.000000Z,9.2000002041459084e-05,9.2000002041459084e-05,9.1000001702923328e-05,9.1000001702923328e-05,63
2020-07-01T00:00:00.000000Z,9.1000001702923328e-05,9.3000002379994839e-05,9.1000001702923328e-05,9.2000002041459084e-05,160
2020-07-02T00:00:00.000000Z,9.2000002041459084e-05,9.3000002379994839e-05,9.1000001702923328e-05,9.1000001702923328e-05,0
2020-07-03T00:00:00.000000Z,9.1000001702923328e-05,9.2000002041459084e-05,9.0000001364387572e-05,9.1000001702923328e-05,2
2020-07-04T00:00:00.000000Z,9.1000001702923328e-05,9.3000002379994839e-05,9.0000001364387572e-05,9.1000001702923328e-05,0
2020-07-05T00:00:00.000000Z,9.1000001702923328e-05,9.2000002041459084e-05,9.0000001364387572e-05,9.1000001702923328e-05,308
2020-07-06T00:00:00.000000Z,9.1000001702923328e-05,9.4000002718530595e-05,9.0000001364387572e-05,9.3000002379994839e-05,0
2020-07-07T00:00:00.000000Z,9.3000002379994839e-05,9.4000002718530595e-05,9.2000002041459084e-05,9.3000002379994839e-05,125
2020-07-08T00:00:00.000000Z,9.3000002379994839e-05,9.5000003057066351e-05,9.2000002041459084e-05,9.4000002718530595e-05,0
2020-07-09T00:00:00.000000Z,9.4000002718530595e-05,9.5000003057066351e-05,9.2000002041459084e-05,9.3000002379994839e-05,0
2020-07-10T00:00:00.000000Z,9.3000002379994839e-05,9.3000002379994839e-05,9.3000002379994839e-05,9.3000002379994839e-05,0
2020-07-11T00:00:00.000000Z,9.3000002379994839e-05,9.3000002379994839e-05,9.2000002041459084e-05,9.2000002041459084e-05,24
2020-07-12T00:00:00.000000Z,9.2000002041459084e-05,9.3000002379994839e-05,9.2000002041459084e-05,9.3000002379994839e-05,0
2020-07-13T00:00:00.000000Z,9.3000002379994839e-05,9.3000002379994839e-05,9.3000002379994839e-05,9.3000002379994839e-05,0
2020-07-14T00:00:00.000000Z,9.3000002379994839e-05,9.3000002379994839e-05,9.2000002041459084e-05,9.2000002041459084e-05,274
2020-07-15T00:00:00.000000Z,9.2000002041459084e-05,9.3000002379994839e-05,9.2000002041459084e-05,9.2000002041459084e-05,10
2020-07-16T00:00:00.000000Z,9.2000002041459084e-05,9.2000002041459084e-05,9.1000001702923328e-05,9.1000001702923328e-05,0
2020-07-17T00:00:00.000000Z,9.1000001702923328e-05,9.2000002041459084e-05,9.1000001702923328e-05,9.1000001702923328e-05,0
2020-07-18T00:00:00.000000Z,9.1000001702923328e-05,9.2000002041459084e-05,9.1000001702923328e-05,9.2000002041459084e-05,0
2020-07-19T00:00:00.000000Z,9.2000002041459084e-05,9.2000002041459084e-05,9.1000001702923328e-05,9.1000001702923328e-05,0
2020-07-20T00:00:00.000000Z,9.1000001702923328e-05,9.1000001702923328e-05,9.1000001702923328e-05,9.1000001702923328e-05,0
2020-07-21T00:00:00.000000Z,9.1000001702923328e-05,9.4000002718530595e-05,9.1000001702923328e-05,9.4000002718530595e-05,0
2020-07-22T00:00:00.000000Z,9.4000002718530595e-05,9.5000003057066351e-05,9.3000002379994839e-05,9.5000003057066351e-05,0
2020-07-23T00:00:00.000000Z,9.5000003057066351e-05,9.6000003395602107e-05,9.5000003057066351e-05,9.5000003057066351e-05,0
2020-07-24T00:00:00.000000Z,9.5000003057066351e-05,9.6999996458180249e-05,9.5000003057066351e-05,9.5000003057066351e-05,0
2020-07-25T00:00:00.000000Z,9.5000003057066351e-05,9.6000003395602107e-05,9.5000003057066351e-05,9.6000003395602107e-05,0
2020-07-26T00:00:00.000000Z,9.6000003395602107e-05,9.9999997473787516e-05,9.6000003395602107e-05,9.899999713525176e-05,4
2020-07-27T00:00:00.000000Z,9.899999713525176e-05,0.00011300000187475234,9.899999713525176e-05,0.00011000000085914508,78
2020-07-28T00:00:00.000000Z,0.00011000000085914508,0.00011200000153621659,0.00010599999950500205,0.00010900000052060932,22
2020-07-29T00:00:00.000000Z,0.00010900000052060932,0.00011100000119768083,0.00010900000052060932,0.00011100000119768083,0
2020-07-30T00:00:00.000000Z,0.00011100000119768083,0.00011100000119768083,0.00011100000119768083,0.00011100000119768083,0
2020-07-31T00:00:00.000000Z,0.00011100000119768083,0.00011100000119768083,0.00011100000119768083,0.00011100000119768083,0
2020-08-01T00:00:00.000000Z,0.00011100000119768083,0.00011800000356743112,0.00011100000119768083,0.00011800000356743112,0
2020-08-02T00:00:00.000000Z,0.00011800000356743112,0.00011999999696854502,0.00010900000052060932,0.00011100000119768083,226
2020-08-03T00:00:00.000000Z,0.00011100000119768083,0.0001140000022132881,0.00011000000085914508,0.00011200000153621659,76
2020-08-04T00:00:00.000000Z,0.00011200000153621659,0.0001140000022132881,0.00011100000119768083,0.00011100000119768083,0
2020-08-05T00:00:00.000000Z,0.00011100000119768083,0.00011800000356743112,0.00011100000119768083,0.00011700000322889537,25
2020-08-06T00:00:00.000000Z,0.00011700000322889537,0.00011899999663000926,0.00011600000289035961,0.00011899999663000926,0
2020-08-07T00:00:00.000000Z,0.00011899999663000926,0.00011899999663000926,0.0001140000022132881,0.00011600000289035961,941
2020-08-08T00:00:00.000000Z,0.00011600000289035961,0.00011800000356743112,0.00011500000255182385,0.00011800000356743112,0
2020-08-09T00:00:00.000000Z,0.00011800000356743112,0.00011800000356743112,0.00011800000356743112,0.00011800000356743112,0
2020-08-10T00:00:00.000000Z,0.00011800000356743112,0.00011899999663000926,0.00011800000356743112,0.00011899999663000926,0
2020-08-11T00:00:00.000000Z,0.00011899999663000926,0.00011899999663000926,0.00011200000153621659,0.00011300000187475234,0
2020-08-12T00:00:00.000000Z,0.00011300000187475234,0.00011300000187475234,0.00011300000187475234,0.00011300000187475234,0
2020-08-13T00:00:00.000000Z,0.00011300000187475234,0.00011800000356743112,0.00011300000187475234,0.00011800000356743112,19
2020-08-14T00:00:00.000000Z,0.00011800000356743112,0.00011800000356743112,0.00011700000322889537,0.00011800000356743112,22
2020-08-15T00:00:00.000000Z,0.00011800000356743112,0.00011999999696854502,0.00011800000356743112,0.00011899999663000926,129
2020-08-16T00:00:00.000000Z,0.00011899999663000926,0.00011899999663000926,0.00011700000322889537,0.00011899999663000926,87
2020-08-17T00:00:00.000000Z,0.00011899999663000926,0.00012199999764561653,0.00011800000356743112,0.00012199999764561653,0
2020-08-18T00:00:00.000000Z,0.00012199999764561653,0.00012199999764561653,0.00011999999696854502,0.00011999999696854502,12
2020-08-19T00:00:00.000000Z,0.00011999999696854502,0.00011999999696854502,0.00011700000322889537,0.00011700000322889537,59
2020-08-20T00:00:00.000000Z,0.00011700000322889537,0.00011899999663000926,0.00011700000322889537,0.00011899999663000926,403
2020-08-21T00:00:00.000000Z,0.00011899999663000926,0.00011899999663000926,0.00011500000255182385,0.00011600000289035961,236
2020-08-22T00:00:00.000000Z,0.00011600000289035961,0.00011700000322889537,0.0001140000022132881,0.00011700000322889537,34
2020-08-23T00:00:00.000000Z,0.00011700000322889537,0.00011700000322889537,0.00011500000255182385,0.00011700000322889537,0
2020-08-24T00:00:00.000000Z,0.00011700000322889537,0.00011700000322889537,0.00011700000322889537,0.00011700000322889537,0
2020-08-25T00:00:00.000000Z,0.00011700000322889537,0.00011700000322889537,0.00011700000322889537,0.00011700000322889537,0
2020-08-26T00:00:00.000000Z,0.00011700000322889537,0.00011700000322889537,0.00011300000187475234,0.00011500000255182385,16
2020-08-27T00:00:00.000000Z,0.00011500000255182385,0.00011600000289035961,0.00011300000187475234,0.00011300000187475234,0
2020-08-28T00:00:00.000000Z,0.00011300000187475234,0.00011500000255182385,0.00011300000187475234,0.00011500000255182385,2
2020-08-29T00:00:00.000000Z,0.00011500000255182385,0.00011500000255182385,0.00011500000255182385,0.00011500000255182385,0
2020-08-30T00:00:00.000000Z,0.00011500000255182385,0.00011700000322889537,0.00011500000255182385,0.00011700000322889537,12
2020-08-31T00:00:00.000000Z,0.00011700000322889537,0.00011800000356743112,0.00011600000289035961,0.00011700000322889537,2
2020-09-01T00:00:00.000000Z,0.00011700000322889537,0.00011999999696854502,0.00011600000289035961,0.00011999999696854502,0
2020-09-02T00:00:00.000000Z,0.00011999999696854502,0.00011999999696854502,0.00011999999696854502,0.00011999999696854502,0
2020-09-03T00:00:00.000000Z,0.00011999999696854502,0.00011999999696854502,0.00010099999781232327,0.00010199999815085903,25
2020-09-04T00:00:00.000000Z,0.00010199999815085903,0.00010299999848939478,0.00010199999815085903,0.00010299999848939478,0
2020-09-05T00:00:00.000000Z,0.00010299999848939478,0.00010299999848939478,0.00010299999848939478,0.00010299999848939478,0
2020-09-06T00:00:00.000000Z,0.00010299999848939478,0.00010299999848939478,0.00010299999848939478,0.00010299999848939478,0
2020-09-07T00:00:00.000000Z,0.00010299999848939478,0.00010399999882793054,9.899999713525176e-05,0.00010399999882793054,27
2020-09-08T00:00:00.000000Z,0.00010399999882793054,0.00010399999882793054,9.899999713525176e-05,9.9999997473787516e-05,0
2020-09-09T00:00:00.000000Z,9.9999997473787516e-05,0.00010199999815085903,9.9999997473787516e-05,0.00010199999815085903,0
2020-09-10T00:00:00.000000Z,0.00010199999815085903,0.0001049999991664663,0.00010199999815085903,0.00010299999848939478,0
2020-09-11T00:00:00.000000Z,0.00010299999848939478,0.00010299999848939478,0.00010299999848939478,0.00010299999848939478,0
2020-09-12T00:00:00.000000Z,0.00010299999848939478,0.00010299999848939478,0.00010299999848939478,0.00010299999848939478,0
2020-09-13T00:00:00.000000Z,0.00010299999848939478,0.00010299999848939478,0.00010299999848939478,0.00010299999848939478,0
2020-09-14T00:00:00.000000Z,0.00010299999848939478,0.00010699999984353781,0.00010299999848939478,0.00010699999984353781,0
2020-09-15T00:00:00.000000Z,0.00010699999984353781,0.00010900000052060932,0.00010599999950500205,0.00010800000018207356,0
2020-09-16T00:00:00.000000Z,0.00010800000018207356,0.00010800000018207356,0.00010800000018207356,0.00010800000018207356,0
2020-09-17T00:00:00.000000Z,0.00010800000018207356,0.00010800000018207356,0.00010800000018207356,0.00010800000018207356,0
2020-09-18T00:00:00.000000Z,0.00010800000018207356,0.00010800000018207356,0.00010800000018207356,0.00010800000018207356,0
2020-09-19T00:00:00.000000Z,0.00010800000018207356,0.00010800000018207356,0.00010800000018207356,0.00010800000018207356,0
2020-09-20T00:00:00.000000Z,0.00010800000018207356,0.00010800000018207356,0.00010800000018207356,0.00010800000018207356,0
2020-09-21T00:00:00.000000Z,0.00010800000018207356,0.00010800000018207356,0.00010800000018207356,0.00010800000018207356,0
2020-09-22T00:00:00.000000Z,0.00010800000018207356,0.00010800000018207356,0.00010800000018207356,0.00010800000018207356,0
2020-09-26T00:00:00.000000Z,0,0.00010800000018207356,0,6.0999998822808266e-05,20
2020-09-30T00:00:00.000000Z,0,1.4999999621068127e-05,0,1.1000000085914508e-05,354
2020-10-01T00:00:00.000000Z,1.1000000085914508e-05,1.4999999621068127e-05,9.9999999747524271e-07,9.9999999747524271e-07,94
2020-10-04T00:00:00.000000Z,0,0.00010699999984353781,0,0.00010699999984353781,34
2020-10-05T00:00:00.000000Z,0.00010699999984353781,0.00010699999984353781,5.2999999752501026e-05,9.2000002041459084e-05,109
2020-10-06T00:00:00.000000Z,9.2000002041459084e-05,0.0001049999991664663,0,0.00010399999882793054,852
2020-10-10T00:00:00.000000Z,0,9.9999999747524271e-07,0,9.9999999747524271e-07,174
2020-10-11T00:00:00.000000Z,9.9999999747524271e-07,6.0000002122251317e-06,9.9999999747524271e-07,1.9999999949504854e-06,229
2020-11-06T00:00:00.000000Z,0,7.7999997301958501e-05,0,7.7999997301958501e-05,0
2020-11-08T00:00:00.000000Z,0,4.9999998736893758e-06,0,9.9999999747524271e-07,7
2020-11-15T00:00:00.000000Z,0,0.00015999999595806003,0,0.00015999999595806003,21
2020-11-25T00:00:00.000000Z,0,9.5000003057066351e-05,0,9.4000002718530595e-05,0
2020-11-26T00:00:00.000000Z,9.4000002718530595e-05,0.00017400000069756061,3.0000001061125658e-06,3.0000001061125658e-06,9
2020-12-07T00:00:00.000000Z,0,9.6000003395602107e-05,0,9.6000003395602107e-05,0
2020-12-10T00:00:00.000000Z,0,9.2000002041459084e-05,0,9.1000001702923328e-05,0
2020-12-11T00:00:00.000000Z,9.1000001702923328e-05,0.00018200000340584666,8.9000001025851816e-05,0.00018099999579135329,240
2020-12-12T00:00:00.000000Z,0.00018099999579135329,0.00018499999714549631,0.00014099999680183828,0.00014200000441633165,209
2020-12-14T00:00:00.000000Z,0,0.00019299999985378236,0,9.9999999747524271e-07,12
2020-12-15T00:00:00.000000Z,9.9999999747524271e-07,9.7999996796716005e-05,0,9.6999996458180249e-05,0
2020-12-16T00:00:00.000000Z,9.6999996458180249e-05,9.7999996796716005e-05,0,1.1000000085914508e-05,199
2020-12-17T00:00:00.000000Z,1.1000000085914508e-05,0.00023600000713486224,9.9999999747524271e-07,9.9999999747524271e-07,187
2020-12-18T00:00:00.000000Z,9.9999999747524271e-07,1.9999999949504854e-06,9.9999999747524271e-07,1.9999999949504854e-06,331
2020-12-22T00:00:00.000000Z,0,2.4999999368446879e-05,0,9.9999999747524271e-07,147
2020-12-25T00:00:00.000000Z,0,0.00024399999529123306,0,7.9999999798019417e-06,464
2020-12-29T00:00:00.000000Z,0,6.0000002122251317e-06,0,6.0000002122251317e-06,96
2020-12-30T00:00:00.000000Z,6.0000002122251317e-06,0.00028599999495781958,9.9999999747524271e-07,9.9999999747524271e-07,12
2021-02-02T00:00:00.000000Z,349.19915771484375,349.19915771484375,0.003275000024586916,0.0033080000430345535,1639939
2021-02-04T00:00:00.000000Z,0,9.9999999747524271e-07,0,9.9999999747524271e-07,2753
2021-02-05T00:00:00.000000Z,9.9999999747524271e-07,1.9999999949504854e-06,9.9999999747524271e-07,9.9999999747524271e-07,6336
2021-02-06T00:00:00.000000Z,9.9999999747524271e-07,1.9999999949504854e-06,9.9999999747524271e-07,1.9999999949504854e-06,780
2021-02-07T00:00:00.000000Z,1.9999999949504854e-06,1.9999999949504854e-06,9.9999999747524271e-07,9.9999999747524271e-07,1474
2021-02-08T00:00:00.000000Z,9.9999999747524271e-07,1.9999999949504854e-06,9.9999999747524271e-07,1.9999999949504854e-06,937
2021-02-09T00:00:00.000000Z,1.9999999949504854e-06,1.9999999949504854e-06,9.9999999747524271e-07,9.9999999747524271e-07,445
2021-02-10T00:00:00.000000Z,9.9999999747524271e-07,3.0000001061125658e-06,9.9999999747524271e-07,1.9999999949504854e-06,3846
2021-02-11T00:00:00.000000Z,1.9999999949504854e-06,1.9999999949504854e-06,9.9999999747524271e-07,1.9999999949504854e-06,412
2021-02-12T00:00:00.000000Z,1.9999999949504854e-06,1.9999999949504854e-06,9.9999999747524271e-07,1.9999999949504854e-06,784
2021-02-13T00:00:00.000000Z,1.9999999949504854e-06,1.9999999949504854e-06,9.9999999747524271e-07,9.9999999747524271e-07,232
2021-02-14T00:00:00.000000Z,9.9999999747524271e-07,9.9999999747524271e-07,9.9999999747524271e-07,9.9999999747524271e-07,513
2021-02-15T00:00:00.000000Z,9.9999999747524271e-07,9.9999999747524271e-07,9.9999999747524271e-07,9.9999999747524271e-07,163
2021-02-16T00:00:00.000000Z,9.9999999747524271e-07,9.9999999747524271e-07,0,9.9999999747524271e-07,492
2021-02-18T00:00:00.000000Z,0,9.9999999747524271e-07,0,9.9999999747524271e-07,230
2021-02-19T00:00:00.000000Z,9.9999999747524271e-07,1.9999999949504854e-06,0,9.9999999747524271e-07,1933
2021-02-20T00:00:00.000000Z,9.9999999747524271e-07,1.9999999949504854e-06,0,9.9999999747524271e-07,6660
2021-02-21T00:00:00.000000Z,9.9999999747524271e-07,1.9999999949504854e-06,9.9999999747524271e-07,9.9999999747524271e-07,1512
2021-02-22T00:00:00.000000Z,9.9999999747524271e-07,1.9999999949504854e-06,9.9999999747524271e-07,9.9999999747524271e-07,4379
2021-02-23T00:00:00.000000Z,9.9999999747524271e-07,9.9999999747524271e-07,9.9999999747524271e-07,9.9999999747524271e-07,266
2021-02-24T00:00:00.000000Z,9.9999999747524271e-07,9.9999999747524271e-07,9.9999999747524271e-07,9.9999999747524271e-07,1371
2021-02-25T00:00:00.000000Z,9.9999999747524271e-07,9.9999999747524271e-07,9.9999999747524271e-07,9.9999999747524271e-07,199
2021-02-26T00:00:00.000000Z,9.9999999747524271e-07,9.9999999747524271e-07,9.9999999747524271e-07,9.9999999747524271e-07,416
2021-02-27T00:00:00.000000Z,9.9999999747524271e-07,9.9999999747524271e-07,9.9999999747524271e-07,9.9999999747524271e-07,375
2021-02-28T00:00:00.000000Z,9.9999999747524271e-07,9.9999999747524271e-07,9.9999999747524271e-07,9.9999999747524271e-07,1156
2021-03-01T00:00:00.000000Z,9.9999999747524271e-07,9.9999999747524271e-07,9.9999999747524271e-07,9.9999999747524271e-07,450
2021-03-02T00:00:00.000000Z,9.9999999747524271e-07,9.9999999747524271e-07,9.9999999747524271e-07,9.9999999747524271e-07,751
2021-03-03T00:00:00.000000Z,9.9999999747524271e-07,9.9999999747524271e-07,9.9999999747524271e-07,9.9999999747524271e-07,165
2021-03-04T00:00:00.000000Z,9.9999999747524271e-07,9.9999999747524271e-07,9.9999999747524271e-07,9.9999999747524271e-07,161
2021-03-05T00:00:00.000000Z,9.9999999747524271e-07,9.9999999747524271e-07,9.9999999747524271e-07,9.9999999747524271e-07,266
2021-03-06T00:00:00.000000Z,9.9999999747524271e-07,9.9999999747524271e-07,9.9999999747524271e-07,9.9999999747524271e-07,158
2021-03-07T00:00:00.000000Z,9.9999999747524271e-07,9.9999999747524271e-07,9.9999999747524271e-07,9.9999999747524271e-07,871
2021-03-08T00:00:00.000000Z,9.9999999747524271e-07,9.9999999747524271e-07,9.9999999747524271e-07,9.9999999747524271e-07,313
2021-03-09T00:00:00.000000Z,9.9999999747524271e-07,9.9999999747524271e-07,9.9999999747524271e-07,9.9999999747524271e-07,304
2021-03-10T00:00:00.000000Z,9.9999999747524271e-07,9.9999999747524271e-07,9.9999999747524271e-07,9.9999999747524271e-07,1358
2021-03-11T00:00:00.000000Z,9.9999999747524271e-07,9.9999999747524271e-07,9.9999999747524271e-07,9.9999999747524271e-07,703
2021-03-12T00:00:00.000000Z,9.9999999747524271e-07,9.9999999747524271e-07,9.9999999747524271e-07,9.9999999747524271e-07,728
2021-03-13T00:00:00.000000Z,9.9999999747524271e-07,9.9999999747524271e-07,9.9999999747524271e-07,9.9999999747524271e-07,195
2021-03-14T00:00:00.000000Z,9.9999999747524271e-07,9.9999999747524271e-07,9.9999999747524271e-07,9.9999999747524271e-07,185
2021-03-15T00:00:00.000000Z,9.9999999747524271e-07,9.9999999747524271e-07,9.9999999747524271e-07,9.9999999747524271e-07,35
2021-03-16T00:00:00.000000Z,9.9999999747524271e-07,9.9999999747524271e-07,9.9999999747524271e-07,9.9999999747524271e-07,543
2021-03-17T00:00:00.000000Z,9.9999999747524271e-07,9.9999999747524271e-07,9.9999999747524271e-07,9.9999999747524271e-07,86
2021-03-18T00:00:00.000000Z,9.9999999747524271e-07,9.9999999747524271e-07,9.9999999747524271e-07,9.9999999747524271e-07,503
2021-03-19T00:00:00.000000Z,9.9999999747524271e-07,9.9999999747524271e-07,9.9999999747524271e-07,9.9999999747524271e-07,251
2021-03-20T00:00:00.000000Z,9.9999999747524271e-07,9.9999999747524271e-07,9.9999999747524271e-07,9.9999999747524271e-07,1798
2021-03-21T00:00:00.000000Z,9.9999999747524271e-07,9.9999999747524271e-07,9.9999999747524271e-07,9.9999999747524271e-07,926
2021-03-22T00:00:00.000000Z,9.9999999747524271e-07,9.9999999747524271e-07,9.9999999747524271e-07,9.9999999747524271e-07,2443
2021-03-23T00:00:00.000000Z,9.9999999747524271e-07,9.9999999747524271e-07,9.9999999747524271e-07,9.9999999747524271e-07,318
2021-03-24T00:00:00.000000Z,9.9999999747524271e-07,9.9999999747524271e-07,9.9999999747524271e-07,9.9999999747524271e-07,677
2021-03-25T00:00:00.000000Z,9.9999999747524271e-07,9.9999999747524271e-07,9.9999999747524271e-07,9.9999999747524271e-07,293
2021-03-26T00:00:00.000000Z,9.9999999747524271e-07,9.9999999747524271e-07,9.9999999747524271e-07,9.9999999747524271e-07,657
2021-03-27T00:00:00.000000Z,9.9999999747524271e-07,9.9999999747524271e-07,9.9999999747524271e-07,9.9999999747524271e-07,92
2021-03-28T00:00:00.000000Z,9.9999999747524271e-07,9.9999999747524271e-07,9.9999999747524271e-07,9.9999999747524271e-07,2573
2021-03-29T00:00:00.000000Z,9.9999999747524271e-07,9.9999999747524271e-07,9.9999999747524271e-07,9.9999999747524271e-07,384
2021-03-30T00:00:00.000000Z,9.9999999747524271e-07,9.9999999747524271e-07,9.9999999747524271e-07,9.9999999747524271e-07,1158
2021-03-31T00:00:00.000000Z,9.9999999747524271e-07,9.9999999747524271e-07,9.9999999747524271e-07,9.9999999747524271e-07,99
2021-04-01T00:00:00.000000Z,9.9999999747524271e-07,1.9999999949504854e-06,9.9999999747524271e-07,1.9999999949504854e-06,6826
2021-04-02T00:00:00.000000Z,1.9999999949504854e-06,1.9999999949504854e-06,9.9999999747524271e-07,9.9999999747524271e-07,153
2021-04-03T00:00:00.000000Z,9.9999999747524271e-07,9.9999999747524271e-07,9.9999999747524271e-07,9.9999999747524271e-07,571
2021-04-04T00:00:00.000000Z,9.9999999747524271e-07,9.9999999747524271e-07,9.9999999747524271e-07,9.9999999747524271e-07,737
2021-04-05T00:00:00.000000Z,9.9999999747524271e-07,9.9999999747524271e-07,9.9999999747524271e-07,9.9999999747524271e-07,443
2021-04-06T00:00:00.000000Z,9.9999999747524271e-07,9.9999999747524271e-07,9.9999999747524271e-07,9.9999999747524271e-07,601
2021-04-07T00:00:00.000000Z,9.9999999747524271e-07,9.9999999747524271e-07,9.9999999747524271e-07,9.9999999747524271e-07,351
2021-04-08T00:00:00.000000Z,9.9999999747524271e-07,9.9999999747524271e-07,9.9999999747524271e-07,9.9999999747524271e-07,79
2021-04-09T00:00:00.000000Z,9.9999999747524271e-07,9.9999999747524271e-07,9.9999999747524271e-07,9.9999999747524271e-07,52
2021-04-10T00:00:00.000000Z,9.9999999747524271e-07,9.9999999747524271e-07,9.9999999747524271e-07,9.9999999747524271e-07,826
2021-04-11T00:00:00.000000Z,9.9999999747524271e-07,9.9999999747524271e-07,9.9999999747524271e-07,9.9999999747524271e-07,559
2021-04-12T00:00:00.000000Z,9.9999999747524271e-07,9.9999999747524271e-07,9.9999999747524271e-07,9.9999999747524271e-07,180
2021-04-13T00:00:00.000000Z,9.9999999747524271e-07,1.9999999949504854e-06,9.9999999747524271e-07,1.9999999949504854e-06,753
2021-04-14T00:00:00.000000Z,1.9999999949504854e-06,1.9999999949504854e-06,9.9999999747524271e-07,9.9999999747524271e-07,1340
2021-04-15T00:00:00.000000Z,9.9999999747524271e-07,1.9999999949504854e-06,9.9999999747524271e-07,1.9999999949504854e-06,7696
2021-04-16T00:00:00.000000Z,1.9999999949504854e-06,3.0000001061125658e-06,9.9999999747524271e-07,9.9999999747524271e-07,1462
2021-04-19T00:00:00.000000Z,0,1.9999999949504854e-06,0,9.9999999747524271e-07,232
2021-04-20T00:00:00.000000Z,9.9999999747524271e-07,1.9999999949504854e-06,9.9999999747524271e-07,9.9999999747524271e-07,233
2021-04-22T00:00:00.000000Z,0,9.9999999747524271e-07,0,9.9999999747524271e-07,3759
2021-04-23T00:00:00.000000Z,9.9999999747524271e-07,1.9999999949504854e-06,0,1.9999999949504854e-06,2551
2021-04-24T00:00:00.000000Z,1.9999999949504854e-06,1.9999999949504854e-06,9.9999999747524271e-07,9.9999999747524271e-07,643
2021-04-25T00:00:00.000000Z,9.9999999747524271e-07,1.9999999949504854e-06,9.9999999747524271e-07,9.9999999747524271e-07,2080
2021-04-26T00:00:00.000000Z,9.9999999747524271e-07,9.9999999747524271e-07,9.9999999747524271e-07,9.9999999747524271e-07,49
2021-04-27T00:00:00.000000Z,9.9999999747524271e-07,9.9999999747524271e-07,9.9999999747524271e-07,9.9999999747524271e-07,54
2021-04-28T00:00:00.000000Z,9.9999999747524271e-07,9.9999999747524271e-07,9.9999999747524271e-07,9.9999999747524271e-07,1040
2021-04-29T00:00:00.000000Z,9.9999999747524271e-07,9.9999999747524271e-07,9.9999999747524271e-07,9.9999999747524271e-07,490
2021-04-30T00:00:00.000000Z,9.9999999747524271e-07,9.9999999747524271e-07,9.9999999747524271e-07,9.9999999747524271e-07,96
2021-05-01T00:00:00.000000Z,9.9999999747524271e-07,1.9999999949504854e-06,9.9999999747524271e-07,9.9999999747524271e-07,681
2021-05-02T00:00:00.000000Z,9.9999999747524271e-07,9.9999999747524271e-07,9.9999999747524271e-07,9.9999999747524271e-07,123
2021-05-03T00:00:00.000000Z,9.9999999747524271e-07,1.9999999949504854e-06,9.9999999747524271e-07,9.9999999747524271e-07,598
2021-05-04T00:00:00.000000Z,9.9999999747524271e-07,1.9999999949504854e-06,9.9999999747524271e-07,9.9999999747524271e-07,4476
2021-05-05T00:00:00.000000Z,9.9999999747524271e-07,1.9999999949504854e-06,9.9999999747524271e-07,1.9999999949504854e-06,2357
2021-05-06T00:00:00.000000Z,1.9999999949504854e-06,1.9999999949504854e-06,9.9999999747524271e-07,9.9999999747524271e-07,29
2021-05-07T00:00:00.000000Z,9.9999999747524271e-07,9.9999999747524271e-07,9.9999999747524271e-07,9.9999999747524271e-07,949
2021-05-08T00:00:00.000000Z,9.9999999747524271e-07,1.9999999949504854e-06,9.9999999747524271e-07,9.9999999747524271e-07,1256
2021-05-09T00:00:00.000000Z,9.9999999747524271e-07,1.9999999949504854e-06,9.9999999747524271e-07,9.9999999747524271e-07,975
2021-05-10T00:00:00.000000Z,9.9999999747524271e-07,9.9999999747524271e-07,9.9999999747524271e-07,9.9999999747524271e-07,141
2021-05-11T00:00:00.000000Z,9.9999999747524271e-07,3.0000001061125658e-06,9.9999999747524271e-07,9.9999999747524271e-07,4147
2021-05-12T00:00:00.000000Z,9.9999999747524271e-07,1.9999999949504854e-06,9.9999999747524271e-07,9.9999999747524271e-07,27
2021-05-13T00:00:00.000000Z,9.9999999747524271e-07,1.9999999949504854e-06,9.9999999747524271e-07,9.9999999747524271e-07,157
2021-05-14T00:00:00.000000Z,9.9999999747524271e-07,1.9999999949504854e-06,9.9999999747524271e-07,1.9999999949504854e-06,2870
2021-05-15T00:00:00.000000Z,1.9999999949504854e-06,1.9999999949504854e-06,1.9999999949504854e-06,1.9999999949504854e-06,0
2021-05-16T00:00:00.000000Z,1.9999999949504854e-06,1.9999999949504854e-06,9.9999999747524271e-07,1.9999999949504854e-06,0
2021-05-17T00:00:00.000000Z,1.9999999949504854e-06,1.9999999949504854e-06,9.9999999747524271e-07,1.9999999949504854e-06,8
2021-05-18T00:00:00.000000Z,1.9999999949504854e-06,1.9999999949504854e-06,9.9999999747524271e-07,9.9999999747524271e-07,965
2021-05-19T00:00:00.000000Z,9.9999999747524271e-07,1.9999999949504854e-06,9.9999999747524271e-07,9.9999999747524271e-07,285
2021-05-20T00:00:00.000000Z,9.9999999747524271e-07,9.9999999747524271e-07,9.9999999747524271e-07,9.9999999747524271e-07,1197
2021-05-21T00:00:00.000000Z,9.9999999747524271e-07,9.9999999747524271e-07,9.9999999747524271e-07,9.9999999747524271e-07,335
2021-05-22T00:00:00.000000Z,9.9999999747524271e-07,9.9999999747524271e-07,9.9999999747524271e-07,9.9999999747524271e-07,341
2021-05-23T00:00:00.000000Z,9.9999999747524271e-07,9.9999999747524271e-07,0,9.9999999747524271e-07,1539
2021-05-24T00:00:00.000000Z,9.9999999747524271e-07,9.9999999747524271e-07,9.9999999747524271e-07,9.9999999747524271e-07,163
2021-05-25T00:00:00.000000Z,9.9999999747524271e-07,9.9999999747524271e-07,9.9999999747524271e-07,9.9999999747524271e-07,1
2021-05-26T00:00:00.000000Z,9.9999999747524271e-07,9.9999999747524271e-07,9.9999999747524271e-07,9.9999999747524271e-07,452
2021-05-27T00:00:00.000000Z,9.9999999747524271e-07,9.9999999747524271e-07,9.9999999747524271e-07,9.9999999747524271e-07,630
2021-05-28T00:00:00.000000Z,9.9999999747524271e-07,9.9999999747524271e-07,9.9999999747524271e-07,9.9999999747524271e-07,23
2021-05-29T00:00:00.000000Z,9.9999999747524271e-07,9.9999999747524271e-07,9.9999999747524271e-07,9.9999999747524271e-07,183
2021-05-30T00:00:00.000000Z,9.9999999747524271e-07,9.9999999747524271e-07,0,9.9999999747524271e-07,70
2021-05-31T00:00:00.000000Z,9.9999999747524271e-07,9.9999999747524271e-07,9.9999999747524271e-07,9.9999999747524271e-07,9
2021-06-01T00:00:00.000000Z,9.9999999747524271e-07,9.9999999747524271e-07,9.9999999747524271e-07,9.9999999747524271e-07,29
2021-06-02T00:00:00.000000Z,9.9999999747524271e-07,9.9999999747524271e-07,0,9.9999999747524271e-07,57682
2021-06-03T00:00:00.000000Z,9.9999999747524271e-07,9.9999999747524271e-07,9.9999999747524271e-07,9.9999999747524271e-07,21
2021-06-04T00:00:00.000000Z,9.9999999747524271e-07,9.9999999747524271e-07,0,9.9999999747524271e-07,166
2021-06-05T00:00:00.000000Z,9.9999999747524271e-07,9.9999999747524271e-07,9.9999999747524271e-07,9.9999999747524271e-07,70
2021-06-09T00:00:00.000000Z,0,9.9999999747524271e-07,0,9.9999999747524271e-07,32
2021-06-13T00:00:00.000000Z,0,9.9999999747524271e-07,0,9.9999999747524271e-07,1930
2021-06-14T00:00:00.000000Z,9.9999999747524271e-07,9.9999999747524271e-07,0,9.9999999747524271e-07,1918
2021-08-15T00:00:00.000000Z,0,9.9999999747524271e-07,0,9.9999999747524271e-07,475
